<?xml version='1.0' encoding='UTF-8'?>
<kml xmlns="http://www.opengis.net/kml/2.2" xmlns:atom="http://www.w3.org/2005/Atom" xmlns:xal="urn:oasis:names:tc:ciq:xsdschema:xAL:2.0" xmlns:gx="http://www.google.com/kml/ext/2.2">
   <Folder>
      <Folder id="ASBURY_AND_UNIVERSITY-E-1433525087">
         <name> ASBURY_AND_UNIVERSITY-E-1433525087 </name>
         <Placemark>
            <name> trajectory </name>
            <LineString>
               <coordinates>
                  -90.69629894917138,42.49967627783959
                  -90.69528362126336,42.49953900088901
               </coordinates>
            </LineString>
         </Placemark>
         <Placemark>
            <name> </name>
            <Point>
               <coordinates> -90.69629894917138,42.49967627783959 </coordinates>
            </Point>
         </Placemark>
         <Placemark>
            <name> </name>
            <Point>
               <coordinates> -90.69528362126336,42.49953900088901 </coordinates>
            </Point>
         </Placemark>
      </Folder>
      <Folder id="ASBURY_AND_UNIVERSITY-E-437689156">
         <name> ASBURY_AND_UNIVERSITY-E-437689156 </name>
         <Placemark>
            <name> trajectory </name>
            <LineString>
               <coordinates>
                  -90.69528362767808,42.49953900175672
                  -90.69461270287158,42.499456114045735
                  -90.69426625086179,42.499415508380565
                  -90.69404087078898,42.49937080489599
               </coordinates>
            </LineString>
         </Placemark>
         <Placemark>
            <name> </name>
            <Point>
               <coordinates> -90.69528362767808,42.49953900175672 </coordinates>
            </Point>
         </Placemark>
         <Placemark>
            <name> </name>
            <Point>
               <coordinates> -90.69404087078898,42.49937080489599 </coordinates>
            </Point>
         </Placemark>
      </Folder>
      <Folder id="ASBURY_AND_UNIVERSITY-ENE--2107999284">
         <name> ASBURY_AND_UNIVERSITY-ENE--2107999284 </name>
         <Placemark>
            <name> trajectory </name>
            <LineString>
               <coordinates>
                  -90.69778537829276,42.499110308524145
                  -90.69703026184199,42.499449868742445
                  -90.696625881519,42.49964544648747
                  -90.69652362228898,42.49967934662995
                  -90.6964219218579,42.49969313020437
                  -90.69627570421423,42.4996787878364
               </coordinates>
            </LineString>
         </Placemark>
         <Placemark>
            <name> </name>
            <Point>
               <coordinates> -90.69778537829276,42.499110308524145 </coordinates>
            </Point>
         </Placemark>
         <Placemark>
            <name> </name>
            <Point>
               <coordinates> -90.69627570421423,42.4996787878364 </coordinates>
            </Point>
         </Placemark>
      </Folder>
      <Folder id="ASBURY_AND_UNIVERSITY-NNW-1835028522">
         <name> ASBURY_AND_UNIVERSITY-NNW-1835028522 </name>
         <Placemark>
            <name> trajectory </name>
            <LineString>
               <coordinates>
                  -90.69625870190198,42.49971342152332
                  -90.69699053451838,42.50097536364012
               </coordinates>
            </LineString>
         </Placemark>
         <Placemark>
            <name> </name>
            <Point>
               <coordinates> -90.69625870190198,42.49971342152332 </coordinates>
            </Point>
         </Placemark>
         <Placemark>
            <name> </name>
            <Point>
               <coordinates> -90.69699053451838,42.50097536364012 </coordinates>
            </Point>
         </Placemark>
      </Folder>
      <Folder id="ASBURY_AND_UNIVERSITY-SSE-1145672303">
         <name> ASBURY_AND_UNIVERSITY-SSE-1145672303 </name>
         <Placemark>
            <name> trajectory </name>
            <LineString>
               <coordinates>
                  -90.6970578296735,42.500954150289175
                  -90.69632599569891,42.49969220817236
               </coordinates>
            </LineString>
         </Placemark>
         <Placemark>
            <name> </name>
            <Point>
               <coordinates> -90.6970578296735,42.500954150289175 </coordinates>
            </Point>
         </Placemark>
         <Placemark>
            <name> </name>
            <Point>
               <coordinates> -90.69632599569891,42.49969220817236 </coordinates>
            </Point>
         </Placemark>
      </Folder>
      <Folder id="ASBURY_AND_UNIVERSITY-W-508616548">
         <name> ASBURY_AND_UNIVERSITY-W-508616548 </name>
         <Placemark>
            <name> trajectory </name>
            <LineString>
               <coordinates>
                  -90.69402765688471,42.499423877329235
                  -90.69425303694807,42.49946858081381
                  -90.6945994889493,42.49950918647898
                  -90.69527041373827,42.49959207418997
               </coordinates>
            </LineString>
         </Placemark>
         <Placemark>
            <name> </name>
            <Point>
               <coordinates> -90.69402765688471,42.499423877329235 </coordinates>
            </Point>
         </Placemark>
         <Placemark>
            <name> </name>
            <Point>
               <coordinates> -90.69527041373827,42.49959207418997 </coordinates>
            </Point>
         </Placemark>
      </Folder>
      <Folder id="ASBURY_AND_UNIVERSITY-W-896034775">
         <name> ASBURY_AND_UNIVERSITY-W-896034775 </name>
         <Placemark>
            <name> trajectory </name>
            <LineString>
               <coordinates>
                  -90.69527042024951,42.49959207507079
                  -90.69628574812856,42.49972935202137
               </coordinates>
            </LineString>
         </Placemark>
         <Placemark>
            <name> </name>
            <Point>
               <coordinates> -90.69527042024951,42.49959207507079 </coordinates>
            </Point>
         </Placemark>
         <Placemark>
            <name> </name>
            <Point>
               <coordinates> -90.69628574812856,42.49972935202137 </coordinates>
            </Point>
         </Placemark>
      </Folder>
      <Folder id="ASBURY_AND_UNIVERSITY-WSW-621268385">
         <name> ASBURY_AND_UNIVERSITY-WSW-621268385 </name>
         <Placemark>
            <name> trajectory </name>
            <LineString>
               <coordinates>
                  -90.6963089929549,42.49972684229924
                  -90.6964552106062,42.49974118466721
                  -90.69655691102996,42.499727401092784
                  -90.69665917024192,42.499693500950315
                  -90.6970635504608,42.49949792320528
                  -90.6978186667308,42.49915836298698
               </coordinates>
            </LineString>
         </Placemark>
         <Placemark>
            <name> </name>
            <Point>
               <coordinates> -90.6963089929549,42.49972684229924 </coordinates>
            </Point>
         </Placemark>
         <Placemark>
            <name> </name>
            <Point>
               <coordinates> -90.6978186667308,42.49915836298698 </coordinates>
            </Point>
         </Placemark>
      </Folder>
      <Folder id="CENTRAL_AND_11TH-ENE--1790257785">
         <name> CENTRAL_AND_11TH-ENE--1790257785 </name>
         <Placemark>
            <name> trajectory </name>
            <LineString>
               <coordinates>
                  -90.66639226394922,42.50387171640638
                  -90.66563044202171,42.50408536180977
               </coordinates>
            </LineString>
         </Placemark>
         <Placemark>
            <name> </name>
            <Point>
               <coordinates> -90.66639226394922,42.50387171640638 </coordinates>
            </Point>
         </Placemark>
         <Placemark>
            <name> </name>
            <Point>
               <coordinates> -90.66563044202171,42.50408536180977 </coordinates>
            </Point>
         </Placemark>
      </Folder>
      <Folder id="CENTRAL_AND_11TH-ENE-752028622">
         <name> CENTRAL_AND_11TH-ENE-752028622 </name>
         <Placemark>
            <name> trajectory </name>
            <LineString>
               <coordinates>
                  -90.6673798988871,42.50359621428861
                  -90.66639232434984,42.503871699512345
               </coordinates>
            </LineString>
         </Placemark>
         <Placemark>
            <name> </name>
            <Point>
               <coordinates> -90.6673798988871,42.50359621428861 </coordinates>
            </Point>
         </Placemark>
         <Placemark>
            <name> </name>
            <Point>
               <coordinates> -90.66639232434984,42.503871699512345 </coordinates>
            </Point>
         </Placemark>
      </Folder>
      <Folder id="CENTRAL_AND_11TH-SSE--33130541">
         <name> CENTRAL_AND_11TH-SSE--33130541 </name>
         <Placemark>
            <name> trajectory </name>
            <LineString>
               <coordinates>
                  -90.66685901582672,42.504709418968325
                  -90.66640527545822,42.50389693313607
               </coordinates>
            </LineString>
         </Placemark>
         <Placemark>
            <name> </name>
            <Point>
               <coordinates> -90.66685901582672,42.504709418968325 </coordinates>
            </Point>
         </Placemark>
         <Placemark>
            <name> </name>
            <Point>
               <coordinates> -90.66640527545822,42.50389693313607 </coordinates>
            </Point>
         </Placemark>
      </Folder>
      <Folder id="CENTRAL_AND_11TH-SSE--49768577">
         <name> CENTRAL_AND_11TH-SSE--49768577 </name>
         <Placemark>
            <name> trajectory </name>
            <LineString>
               <coordinates>
                  -90.6672902181884,42.505520228419904
                  -90.66685901582672,42.504709418968325
               </coordinates>
            </LineString>
         </Placemark>
         <Placemark>
            <name> </name>
            <Point>
               <coordinates> -90.6672902181884,42.505520228419904 </coordinates>
            </Point>
         </Placemark>
         <Placemark>
            <name> </name>
            <Point>
               <coordinates> -90.66685901582672,42.504709418968325 </coordinates>
            </Point>
         </Placemark>
      </Folder>
      <Folder id="CENTRAL_AND_11TH-SSE-1019469815">
         <name> CENTRAL_AND_11TH-SSE-1019469815 </name>
         <Placemark>
            <name> trajectory </name>
            <LineString>
               <coordinates>
                  -90.66640527545822,42.50389693313607
                  -90.66596252469634,42.503079418161796
               </coordinates>
            </LineString>
         </Placemark>
         <Placemark>
            <name> </name>
            <Point>
               <coordinates> -90.66640527545822,42.50389693313607 </coordinates>
            </Point>
         </Placemark>
         <Placemark>
            <name> </name>
            <Point>
               <coordinates> -90.66596252469634,42.503079418161796 </coordinates>
            </Point>
         </Placemark>
      </Folder>
      <Folder id="CENTRAL_AND_11TH-SSE-695326770">
         <name> CENTRAL_AND_11TH-SSE-695326770 </name>
         <Placemark>
            <name> trajectory </name>
            <LineString>
               <coordinates>
                  -90.66596252469634,42.503079418161796
                  -90.66550394145035,42.5022674911231
               </coordinates>
            </LineString>
         </Placemark>
         <Placemark>
            <name> </name>
            <Point>
               <coordinates> -90.66596252469634,42.503079418161796 </coordinates>
            </Point>
         </Placemark>
         <Placemark>
            <name> </name>
            <Point>
               <coordinates> -90.66550394145035,42.5022674911231 </coordinates>
            </Point>
         </Placemark>
      </Folder>
      <Folder id="CENTRAL_AND_11TH-WSW--226185297">
         <name> CENTRAL_AND_11TH-WSW--226185297 </name>
         <Placemark>
            <name> trajectory </name>
            <LineString>
               <coordinates>
                  -90.66565646483183,42.504135795353854
                  -90.66641828667042,42.503922149950455
               </coordinates>
            </LineString>
         </Placemark>
         <Placemark>
            <name> </name>
            <Point>
               <coordinates> -90.66565646483183,42.504135795353854 </coordinates>
            </Point>
         </Placemark>
         <Placemark>
            <name> </name>
            <Point>
               <coordinates> -90.66641828667042,42.503922149950455 </coordinates>
            </Point>
         </Placemark>
      </Folder>
      <Folder id="CENTRAL_AND_11TH-WSW-545998695">
         <name> CENTRAL_AND_11TH-WSW-545998695 </name>
         <Placemark>
            <name> trajectory </name>
            <LineString>
               <coordinates>
                  -90.66641822617845,42.50392216686953
                  -90.66740580060157,42.5036466816458
               </coordinates>
            </LineString>
         </Placemark>
         <Placemark>
            <name> </name>
            <Point>
               <coordinates> -90.66641822617845,42.50392216686953 </coordinates>
            </Point>
         </Placemark>
         <Placemark>
            <name> </name>
            <Point>
               <coordinates> -90.66740580060157,42.5036466816458 </coordinates>
            </Point>
         </Placemark>
      </Folder>
      <Folder id="CENTRAL_AND_14TH-ENE--1676961582">
         <name> CENTRAL_AND_14TH-ENE--1676961582 </name>
         <Placemark>
            <name> trajectory </name>
            <LineString>
               <coordinates>
                  -90.66822793147398,42.506194827759195
                  -90.66776767181717,42.50633210470976
               </coordinates>
            </LineString>
         </Placemark>
         <Placemark>
            <name> </name>
            <Point>
               <coordinates> -90.66822793147398,42.506194827759195 </coordinates>
            </Point>
         </Placemark>
         <Placemark>
            <name> </name>
            <Point>
               <coordinates> -90.66776767181717,42.50633210470976 </coordinates>
            </Point>
         </Placemark>
      </Folder>
      <Folder id="CENTRAL_AND_14TH-ENE--2106046735">
         <name> CENTRAL_AND_14TH-ENE--2106046735 </name>
         <Placemark>
            <name> trajectory </name>
            <LineString>
               <coordinates>
                  -90.66869985636946,42.50606419482207
                  -90.66822879337386,42.50619457998543
               </coordinates>
            </LineString>
         </Placemark>
         <Placemark>
            <name> </name>
            <Point>
               <coordinates> -90.66869985636946,42.50606419482207 </coordinates>
            </Point>
         </Placemark>
         <Placemark>
            <name> </name>
            <Point>
               <coordinates> -90.66822879337386,42.50619457998543 </coordinates>
            </Point>
         </Placemark>
      </Folder>
      <Folder id="CENTRAL_AND_14TH-ENE-1443333641">
         <name> CENTRAL_AND_14TH-ENE-1443333641 </name>
         <Placemark>
            <name> trajectory </name>
            <LineString>
               <coordinates>
                  -90.66776810209161,42.50633197870424
                  -90.6672348267409,42.50648527440345
               </coordinates>
            </LineString>
         </Placemark>
         <Placemark>
            <name> </name>
            <Point>
               <coordinates> -90.66776810209161,42.50633197870424 </coordinates>
            </Point>
         </Placemark>
         <Placemark>
            <name> </name>
            <Point>
               <coordinates> -90.6672348267409,42.50648527440345 </coordinates>
            </Point>
         </Placemark>
      </Folder>
      <Folder id="CENTRAL_AND_14TH-ENE-2133547242">
         <name> CENTRAL_AND_14TH-ENE-2133547242 </name>
         <Placemark>
            <name> trajectory </name>
            <LineString>
               <coordinates>
                  -90.66926269248972,42.505902451629424
                  -90.66869942854959,42.506064315496516
               </coordinates>
            </LineString>
         </Placemark>
         <Placemark>
            <name> </name>
            <Point>
               <coordinates> -90.66926269248972,42.505902451629424 </coordinates>
            </Point>
         </Placemark>
         <Placemark>
            <name> </name>
            <Point>
               <coordinates> -90.66869942854959,42.506064315496516 </coordinates>
            </Point>
         </Placemark>
      </Folder>
      <Folder id="CENTRAL_AND_14TH-SSE--1489995775">
         <name> CENTRAL_AND_14TH-SSE--1489995775 </name>
         <Placemark>
            <name> trajectory </name>
            <LineString>
               <coordinates>
                  -90.66862871502255,42.50797091069752
                  -90.66821334514499,42.5071567484846
               </coordinates>
            </LineString>
         </Placemark>
         <Placemark>
            <name> </name>
            <Point>
               <coordinates> -90.66862871502255,42.50797091069752 </coordinates>
            </Point>
         </Placemark>
         <Placemark>
            <name> </name>
            <Point>
               <coordinates> -90.66821334514499,42.5071567484846 </coordinates>
            </Point>
         </Placemark>
      </Folder>
      <Folder id="CENTRAL_AND_14TH-SSE--428343139">
         <name> CENTRAL_AND_14TH-SSE--428343139 </name>
         <Placemark>
            <name> trajectory </name>
            <LineString>
               <coordinates>
                  -90.66778139772522,42.50635711490416
                  -90.6672902181884,42.505520228419904
               </coordinates>
            </LineString>
         </Placemark>
         <Placemark>
            <name> </name>
            <Point>
               <coordinates> -90.66778139772522,42.50635711490416 </coordinates>
            </Point>
         </Placemark>
         <Placemark>
            <name> </name>
            <Point>
               <coordinates> -90.6672902181884,42.505520228419904 </coordinates>
            </Point>
         </Placemark>
      </Folder>
      <Folder id="CENTRAL_AND_14TH-SSE--49768577">
         <name> CENTRAL_AND_14TH-SSE--49768577 </name>
         <Placemark>
            <name> trajectory </name>
            <LineString>
               <coordinates>
                  -90.6672902181884,42.505520228419904
                  -90.66685901582672,42.504709418968325
               </coordinates>
            </LineString>
         </Placemark>
         <Placemark>
            <name> </name>
            <Point>
               <coordinates> -90.6672902181884,42.505520228419904 </coordinates>
            </Point>
         </Placemark>
         <Placemark>
            <name> </name>
            <Point>
               <coordinates> -90.66685901582672,42.504709418968325 </coordinates>
            </Point>
         </Placemark>
      </Folder>
      <Folder id="CENTRAL_AND_14TH-SSE-330848582">
         <name> CENTRAL_AND_14TH-SSE-330848582 </name>
         <Placemark>
            <name> trajectory </name>
            <LineString>
               <coordinates>
                  -90.66821334514499,42.5071567484846
                  -90.66778139772522,42.50635711490416
               </coordinates>
            </LineString>
         </Placemark>
         <Placemark>
            <name> </name>
            <Point>
               <coordinates> -90.66821334514499,42.5071567484846 </coordinates>
            </Point>
         </Placemark>
         <Placemark>
            <name> </name>
            <Point>
               <coordinates> -90.66778139772522,42.50635711490416 </coordinates>
            </Point>
         </Placemark>
      </Folder>
      <Folder id="CENTRAL_AND_14TH-WSW--966121464">
         <name> CENTRAL_AND_14TH-WSW--966121464 </name>
         <Placemark>
            <name> trajectory </name>
            <LineString>
               <coordinates>
                  -90.66779512346011,42.50638212515184
                  -90.66825538305663,42.50624484820128
               </coordinates>
            </LineString>
         </Placemark>
         <Placemark>
            <name> </name>
            <Point>
               <coordinates> -90.66779512346011,42.50638212515184 </coordinates>
            </Point>
         </Placemark>
         <Placemark>
            <name> </name>
            <Point>
               <coordinates> -90.66825538305663,42.50624484820128 </coordinates>
            </Point>
         </Placemark>
      </Folder>
      <Folder id="CENTRAL_AND_14TH-WSW-1678905716">
         <name> CENTRAL_AND_14TH-WSW-1678905716 </name>
         <Placemark>
            <name> trajectory </name>
            <LineString>
               <coordinates>
                  -90.66679798855132,42.50666872692089
                  -90.66726141464649,42.50653554778975
               </coordinates>
            </LineString>
         </Placemark>
         <Placemark>
            <name> </name>
            <Point>
               <coordinates> -90.66679798855132,42.50666872692089 </coordinates>
            </Point>
         </Placemark>
         <Placemark>
            <name> </name>
            <Point>
               <coordinates> -90.66726141464649,42.50653554778975 </coordinates>
            </Point>
         </Placemark>
      </Folder>
      <Folder id="CENTRAL_AND_14TH-WSW-1720390307">
         <name> CENTRAL_AND_14TH-WSW-1720390307 </name>
         <Placemark>
            <name> trajectory </name>
            <LineString>
               <coordinates>
                  -90.66726141786955,42.50653554686339
                  -90.66779469315509,42.50638225116418
               </coordinates>
            </LineString>
         </Placemark>
         <Placemark>
            <name> </name>
            <Point>
               <coordinates> -90.66726141786955,42.50653554686339 </coordinates>
            </Point>
         </Placemark>
         <Placemark>
            <name> </name>
            <Point>
               <coordinates> -90.66779469315509,42.50638225116418 </coordinates>
            </Point>
         </Placemark>
      </Folder>
      <Folder id="CENTRAL_AND_14TH-WSW-946000331">
         <name> CENTRAL_AND_14TH-WSW-946000331 </name>
         <Placemark>
            <name> trajectory </name>
            <LineString>
               <coordinates>
                  -90.66825452114999,42.506245095972986
                  -90.66872558409193,42.50611471080964
               </coordinates>
            </LineString>
         </Placemark>
         <Placemark>
            <name> </name>
            <Point>
               <coordinates> -90.66825452114999,42.506245095972986 </coordinates>
            </Point>
         </Placemark>
         <Placemark>
            <name> </name>
            <Point>
               <coordinates> -90.66872558409193,42.50611471080964 </coordinates>
            </Point>
         </Placemark>
      </Folder>
      <Folder id="CENTRAL_AND_17TH-ENE--1961790363">
         <name> CENTRAL_AND_17TH-ENE--1961790363 </name>
         <Placemark>
            <name> trajectory </name>
            <LineString>
               <coordinates>
                  -90.66905585413298,42.50875384954264
                  -90.66854474425699,42.508911429325785
               </coordinates>
            </LineString>
         </Placemark>
         <Placemark>
            <name> </name>
            <Point>
               <coordinates> -90.66905585413298,42.50875384954264 </coordinates>
            </Point>
         </Placemark>
         <Placemark>
            <name> </name>
            <Point>
               <coordinates> -90.66854474425699,42.508911429325785 </coordinates>
            </Point>
         </Placemark>
      </Folder>
      <Folder id="CENTRAL_AND_17TH-ENE--2036103112">
         <name> CENTRAL_AND_17TH-ENE--2036103112 </name>
         <Placemark>
            <name> trajectory </name>
            <LineString>
               <coordinates>
                  -90.67002464570723,42.50847183590076
                  -90.6695286232585,42.5086243865419
               </coordinates>
            </LineString>
         </Placemark>
         <Placemark>
            <name> </name>
            <Point>
               <coordinates> -90.67002464570723,42.50847183590076 </coordinates>
            </Point>
         </Placemark>
         <Placemark>
            <name> </name>
            <Point>
               <coordinates> -90.6695286232585,42.5086243865419 </coordinates>
            </Point>
         </Placemark>
      </Folder>
      <Folder id="CENTRAL_AND_17TH-ENE--822412606">
         <name> CENTRAL_AND_17TH-ENE--822412606 </name>
         <Placemark>
            <name> trajectory </name>
            <LineString>
               <coordinates>
                  -90.66943607367075,42.508652957192105
                  -90.66905758414808,42.50875335376791
               </coordinates>
            </LineString>
         </Placemark>
         <Placemark>
            <name> </name>
            <Point>
               <coordinates> -90.66943607367075,42.508652957192105 </coordinates>
            </Point>
         </Placemark>
         <Placemark>
            <name> </name>
            <Point>
               <coordinates> -90.66905758414808,42.50875335376791 </coordinates>
            </Point>
         </Placemark>
      </Folder>
      <Folder id="CENTRAL_AND_17TH-ENE-1840285361">
         <name> CENTRAL_AND_17TH-ENE-1840285361 </name>
         <Placemark>
            <name> trajectory </name>
            <LineString>
               <coordinates>
                  -90.66854472843885,42.50891143420591
                  -90.66806807750122,42.50905858317599
               </coordinates>
            </LineString>
         </Placemark>
         <Placemark>
            <name> </name>
            <Point>
               <coordinates> -90.66854472843885,42.50891143420591 </coordinates>
            </Point>
         </Placemark>
         <Placemark>
            <name> </name>
            <Point>
               <coordinates> -90.66806807750122,42.50905858317599 </coordinates>
            </Point>
         </Placemark>
      </Folder>
      <Folder id="CENTRAL_AND_17TH-ENE-537596940">
         <name> CENTRAL_AND_17TH-ENE-537596940 </name>
         <Placemark>
            <name> trajectory </name>
            <LineString>
               <coordinates>
                  -90.66952859396883,42.508624395560936
                  -90.6694343441156,42.508653452825904
               </coordinates>
            </LineString>
         </Placemark>
         <Placemark>
            <name> </name>
            <Point>
               <coordinates> -90.66952859396883,42.508624395560936 </coordinates>
            </Point>
         </Placemark>
         <Placemark>
            <name> </name>
            <Point>
               <coordinates> -90.6694343441156,42.508653452825904 </coordinates>
            </Point>
         </Placemark>
      </Folder>
      <Folder id="CENTRAL_AND_17TH-SSE--1489995775">
         <name> CENTRAL_AND_17TH-SSE--1489995775 </name>
         <Placemark>
            <name> trajectory </name>
            <LineString>
               <coordinates>
                  -90.66862871502255,42.50797091069752
                  -90.66821334514499,42.5071567484846
               </coordinates>
            </LineString>
         </Placemark>
         <Placemark>
            <name> </name>
            <Point>
               <coordinates> -90.66862871502255,42.50797091069752 </coordinates>
            </Point>
         </Placemark>
         <Placemark>
            <name> </name>
            <Point>
               <coordinates> -90.66821334514499,42.5071567484846 </coordinates>
            </Point>
         </Placemark>
      </Folder>
      <Folder id="CENTRAL_AND_17TH-SSE-1371196462">
         <name> CENTRAL_AND_17TH-SSE-1371196462 </name>
         <Placemark>
            <name> trajectory </name>
            <LineString>
               <coordinates>
                  -90.66906997566826,42.508778739916806
                  -90.66862871502255,42.50797091069752
               </coordinates>
            </LineString>
         </Placemark>
         <Placemark>
            <name> </name>
            <Point>
               <coordinates> -90.66906997566826,42.508778739916806 </coordinates>
            </Point>
         </Placemark>
         <Placemark>
            <name> </name>
            <Point>
               <coordinates> -90.66862871502255,42.50797091069752 </coordinates>
            </Point>
         </Placemark>
      </Folder>
      <Folder id="CENTRAL_AND_17TH-WSW--1508008098">
         <name> CENTRAL_AND_17TH-WSW--1508008098 </name>
         <Placemark>
            <name> trajectory </name>
            <LineString>
               <coordinates>
                  -90.66946258620021,42.50870323386596
                  -90.66955683604031,42.50867417660098
               </coordinates>
            </LineString>
         </Placemark>
         <Placemark>
            <name> </name>
            <Point>
               <coordinates> -90.66946258620021,42.50870323386596 </coordinates>
            </Point>
         </Placemark>
         <Placemark>
            <name> </name>
            <Point>
               <coordinates> -90.66955683604031,42.50867417660098 </coordinates>
            </Point>
         </Placemark>
      </Folder>
      <Folder id="CENTRAL_AND_17TH-WSW--25476107">
         <name> CENTRAL_AND_17TH-WSW--25476107 </name>
         <Placemark>
            <name> trajectory </name>
            <LineString>
               <coordinates>
                  -90.66857298720652,42.50896121013512
                  -90.6690840970113,42.50880363035198
               </coordinates>
            </LineString>
         </Placemark>
         <Placemark>
            <name> </name>
            <Point>
               <coordinates> -90.66857298720652,42.50896121013512 </coordinates>
            </Point>
         </Placemark>
         <Placemark>
            <name> </name>
            <Point>
               <coordinates> -90.6690840970113,42.50880363035198 </coordinates>
            </Point>
         </Placemark>
      </Folder>
      <Folder id="CENTRAL_AND_17TH-WSW-1771298359">
         <name> CENTRAL_AND_17TH-WSW-1771298359 </name>
         <Placemark>
            <name> trajectory </name>
            <LineString>
               <coordinates>
                  -90.66908236704482,42.508804126105154
                  -90.6694608565277,42.508703729529365
               </coordinates>
            </LineString>
         </Placemark>
         <Placemark>
            <name> </name>
            <Point>
               <coordinates> -90.66908236704482,42.508804126105154 </coordinates>
            </Point>
         </Placemark>
         <Placemark>
            <name> </name>
            <Point>
               <coordinates> -90.6694608565277,42.508703729529365 </coordinates>
            </Point>
         </Placemark>
      </Folder>
      <Folder id="CENTRAL_AND_17TH-WSW-1970073451">
         <name> CENTRAL_AND_17TH-WSW-1970073451 </name>
         <Placemark>
            <name> trajectory </name>
            <LineString>
               <coordinates>
                  -90.66955680659056,42.50867418566922
                  -90.6700528289705,42.50852163502808
               </coordinates>
            </LineString>
         </Placemark>
         <Placemark>
            <name> </name>
            <Point>
               <coordinates> -90.66955680659056,42.50867418566922 </coordinates>
            </Point>
         </Placemark>
         <Placemark>
            <name> </name>
            <Point>
               <coordinates> -90.6700528289705,42.50852163502808 </coordinates>
            </Point>
         </Placemark>
      </Folder>
      <Folder id="CENTRAL_AND_17TH-WSW-886214479">
         <name> CENTRAL_AND_17TH-WSW-886214479 </name>
         <Placemark>
            <name> trajectory </name>
            <LineString>
               <coordinates>
                  -90.66809635216737,42.509108354220906
                  -90.66857300303843,42.50896120525083
               </coordinates>
            </LineString>
         </Placemark>
         <Placemark>
            <name> </name>
            <Point>
               <coordinates> -90.66809635216737,42.509108354220906 </coordinates>
            </Point>
         </Placemark>
         <Placemark>
            <name> </name>
            <Point>
               <coordinates> -90.66857300303843,42.50896120525083 </coordinates>
            </Point>
         </Placemark>
      </Folder>
      <Folder id="CENTRAL_AND_18TH-S-405702826">
         <name> CENTRAL_AND_18TH-S-405702826 </name>
         <Placemark>
            <name> trajectory </name>
            <LineString>
               <coordinates>
                  -90.66933987295643,42.509781774352085
                  -90.66939109569917,42.5097048471057
                  -90.66945125913884,42.509571667974555
                  -90.66942760354492,42.50947313404396
                  -90.66906997566826,42.508778739916806
               </coordinates>
            </LineString>
         </Placemark>
         <Placemark>
            <name> </name>
            <Point>
               <coordinates> -90.66933987295643,42.509781774352085 </coordinates>
            </Point>
         </Placemark>
         <Placemark>
            <name> </name>
            <Point>
               <coordinates> -90.66906997566826,42.508778739916806 </coordinates>
            </Point>
         </Placemark>
      </Folder>
      <Folder id="CENTRAL_AND_18TH-SSE-1371196462">
         <name> CENTRAL_AND_18TH-SSE-1371196462 </name>
         <Placemark>
            <name> trajectory </name>
            <LineString>
               <coordinates>
                  -90.66906997566826,42.508778739916806
                  -90.66862871502255,42.50797091069752
               </coordinates>
            </LineString>
         </Placemark>
         <Placemark>
            <name> </name>
            <Point>
               <coordinates> -90.66906997566826,42.508778739916806 </coordinates>
            </Point>
         </Placemark>
         <Placemark>
            <name> </name>
            <Point>
               <coordinates> -90.66862871502255,42.50797091069752 </coordinates>
            </Point>
         </Placemark>
      </Folder>
      <Folder id="CENTRAL_AND_18TH-W--868638673">
         <name> CENTRAL_AND_18TH-W--868638673 </name>
         <Placemark>
            <name> trajectory </name>
            <LineString>
               <coordinates>
                  -90.66901651775129,42.50976352042921
                  -90.66910424833978,42.50973688460299
                  -90.66933987295643,42.509781774352085
               </coordinates>
            </LineString>
         </Placemark>
         <Placemark>
            <name> </name>
            <Point>
               <coordinates> -90.66901651775129,42.50976352042921 </coordinates>
            </Point>
         </Placemark>
         <Placemark>
            <name> </name>
            <Point>
               <coordinates> -90.66933987295643,42.509781774352085 </coordinates>
            </Point>
         </Placemark>
      </Folder>
      <Folder id="CENTRAL_AND_20TH-ENE-814173547">
         <name> CENTRAL_AND_20TH-ENE-814173547 </name>
         <Placemark>
            <name> trajectory </name>
            <LineString>
               <coordinates>
                  -90.66988438657056,42.51120007109224
                  -90.66932317153889,42.51136472892712
               </coordinates>
            </LineString>
         </Placemark>
         <Placemark>
            <name> </name>
            <Point>
               <coordinates> -90.66988438657056,42.51120007109224 </coordinates>
            </Point>
         </Placemark>
         <Placemark>
            <name> </name>
            <Point>
               <coordinates> -90.66932317153889,42.51136472892712 </coordinates>
            </Point>
         </Placemark>
      </Folder>
      <Folder id="CENTRAL_AND_20TH-S--772110697">
         <name> CENTRAL_AND_20TH-S--772110697 </name>
         <Placemark>
            <name> trajectory </name>
            <LineString>
               <coordinates>
                  -90.6695376858757,42.5105489979062
                  -90.66928250348454,42.51005446560803
                  -90.66925512260023,42.50999448843288
                  -90.66925754403898,42.509925943089854
                  -90.6692899540653,42.50984622187569
                  -90.66933987295643,42.509781774352085
               </coordinates>
            </LineString>
         </Placemark>
         <Placemark>
            <name> </name>
            <Point>
               <coordinates> -90.6695376858757,42.5105489979062 </coordinates>
            </Point>
         </Placemark>
         <Placemark>
            <name> </name>
            <Point>
               <coordinates> -90.66933987295643,42.509781774352085 </coordinates>
            </Point>
         </Placemark>
      </Folder>
      <Folder id="CENTRAL_AND_20TH-SSE--1946700618">
         <name> CENTRAL_AND_20TH-SSE--1946700618 </name>
         <Placemark>
            <name> trajectory </name>
            <LineString>
               <coordinates>
                  -90.67051296689763,42.51223562312653
                  -90.6698979214556,42.51122513811048
               </coordinates>
            </LineString>
         </Placemark>
         <Placemark>
            <name> </name>
            <Point>
               <coordinates> -90.67051296689763,42.51223562312653 </coordinates>
            </Point>
         </Placemark>
         <Placemark>
            <name> </name>
            <Point>
               <coordinates> -90.6698979214556,42.51122513811048 </coordinates>
            </Point>
         </Placemark>
      </Folder>
      <Folder id="CENTRAL_AND_20TH-SSE-1843101611">
         <name> CENTRAL_AND_20TH-SSE-1843101611 </name>
         <Placemark>
            <name> trajectory </name>
            <LineString>
               <coordinates>
                  -90.6698979214556,42.51122513811048
                  -90.6695376858757,42.5105489979062
               </coordinates>
            </LineString>
         </Placemark>
         <Placemark>
            <name> </name>
            <Point>
               <coordinates> -90.6698979214556,42.51122513811048 </coordinates>
            </Point>
         </Placemark>
         <Placemark>
            <name> </name>
            <Point>
               <coordinates> -90.6695376858757,42.5105489979062 </coordinates>
            </Point>
         </Placemark>
      </Folder>
      <Folder id="CENTRAL_AND_20TH-WSW-2118213740">
         <name> CENTRAL_AND_20TH-WSW-2118213740 </name>
         <Placemark>
            <name> trajectory </name>
            <LineString>
               <coordinates>
                  -90.66935024116609,42.511414863028044
                  -90.66991145612644,42.51125020519317
               </coordinates>
            </LineString>
         </Placemark>
         <Placemark>
            <name> </name>
            <Point>
               <coordinates> -90.66935024116609,42.511414863028044 </coordinates>
            </Point>
         </Placemark>
         <Placemark>
            <name> </name>
            <Point>
               <coordinates> -90.66991145612644,42.51125020519317 </coordinates>
            </Point>
         </Placemark>
      </Folder>
      <Folder id="CENTRAL_AND_22ND-ENE--1105545421">
         <name> CENTRAL_AND_22ND-ENE--1105545421 </name>
         <Placemark>
            <name> trajectory </name>
            <LineString>
               <coordinates>
                  -90.671235036054,42.513432345574955
                  -90.6705322599631,42.51367523450785
               </coordinates>
            </LineString>
         </Placemark>
         <Placemark>
            <name> </name>
            <Point>
               <coordinates> -90.671235036054,42.513432345574955 </coordinates>
            </Point>
         </Placemark>
         <Placemark>
            <name> </name>
            <Point>
               <coordinates> -90.6705322599631,42.51367523450785 </coordinates>
            </Point>
         </Placemark>
      </Folder>
      <Folder id="CENTRAL_AND_22ND-ENE--1517745742">
         <name> CENTRAL_AND_22ND-ENE--1517745742 </name>
         <Placemark>
            <name> trajectory </name>
            <LineString>
               <coordinates>
                  -90.67202784933981,42.51316385023778
                  -90.67176596140413,42.51325325720694
                  -90.6712352937455,42.513432257409775
               </coordinates>
            </LineString>
         </Placemark>
         <Placemark>
            <name> </name>
            <Point>
               <coordinates> -90.67202784933981,42.51316385023778 </coordinates>
            </Point>
         </Placemark>
         <Placemark>
            <name> </name>
            <Point>
               <coordinates> -90.6712352937455,42.513432257409775 </coordinates>
            </Point>
         </Placemark>
      </Folder>
      <Folder id="CENTRAL_AND_22ND-NNW--1725748149">
         <name> CENTRAL_AND_22ND-NNW--1725748149 </name>
         <Placemark>
            <name> trajectory </name>
            <LineString>
               <coordinates>
                  -90.67121750022088,42.51346832905501
                  -90.67210337354457,42.514845941438175
               </coordinates>
            </LineString>
         </Placemark>
         <Placemark>
            <name> </name>
            <Point>
               <coordinates> -90.67121750022088,42.51346832905501 </coordinates>
            </Point>
         </Placemark>
         <Placemark>
            <name> </name>
            <Point>
               <coordinates> -90.67210337354457,42.514845941438175 </coordinates>
            </Point>
         </Placemark>
      </Folder>
      <Folder id="CENTRAL_AND_22ND-NNW-1608448588">
         <name> CENTRAL_AND_22ND-NNW-1608448588 </name>
         <Placemark>
            <name> trajectory </name>
            <LineString>
               <coordinates>
                  -90.6704795305799,42.51224659692176
                  -90.67121713742218,42.51346774710889
               </coordinates>
            </LineString>
         </Placemark>
         <Placemark>
            <name> </name>
            <Point>
               <coordinates> -90.6704795305799,42.51224659692176 </coordinates>
            </Point>
         </Placemark>
         <Placemark>
            <name> </name>
            <Point>
               <coordinates> -90.67121713742218,42.51346774710889 </coordinates>
            </Point>
         </Placemark>
      </Folder>
      <Folder id="CENTRAL_AND_22ND-SSE--293099449">
         <name> CENTRAL_AND_22ND-SSE--293099449 </name>
         <Placemark>
            <name> trajectory </name>
            <LineString>
               <coordinates>
                  -90.67216952317135,42.51482282969122
                  -90.67128364838952,42.51344521730806
               </coordinates>
            </LineString>
         </Placemark>
         <Placemark>
            <name> </name>
            <Point>
               <coordinates> -90.67216952317135,42.51482282969122 </coordinates>
            </Point>
         </Placemark>
         <Placemark>
            <name> </name>
            <Point>
               <coordinates> -90.67128364838952,42.51344521730806 </coordinates>
            </Point>
         </Placemark>
      </Folder>
      <Folder id="CENTRAL_AND_22ND-SSE-1462027817">
         <name> CENTRAL_AND_22ND-SSE-1462027817 </name>
         <Placemark>
            <name> trajectory </name>
            <LineString>
               <coordinates>
                  -90.67128401122301,42.51344579929428
                  -90.6705464030741,42.512224649107154
               </coordinates>
            </LineString>
         </Placemark>
         <Placemark>
            <name> </name>
            <Point>
               <coordinates> -90.67128401122301,42.51344579929428 </coordinates>
            </Point>
         </Placemark>
         <Placemark>
            <name> </name>
            <Point>
               <coordinates> -90.6705464030741,42.512224649107154 </coordinates>
            </Point>
         </Placemark>
      </Folder>
      <Folder id="CENTRAL_AND_22ND-WSW-165076785">
         <name> CENTRAL_AND_22ND-WSW-165076785 </name>
         <Placemark>
            <name> trajectory </name>
            <LineString>
               <coordinates>
                  -90.67056333649975,42.51372409007808
                  -90.67126611246988,42.51348120114519
               </coordinates>
            </LineString>
         </Placemark>
         <Placemark>
            <name> </name>
            <Point>
               <coordinates> -90.67056333649975,42.51372409007808 </coordinates>
            </Point>
         </Placemark>
         <Placemark>
            <name> </name>
            <Point>
               <coordinates> -90.67126611246988,42.51348120114519 </coordinates>
            </Point>
         </Placemark>
      </Folder>
      <Folder id="CENTRAL_AND_22ND-WSW-2101004931">
         <name> CENTRAL_AND_22ND-WSW-2101004931 </name>
         <Placemark>
            <name> trajectory </name>
            <LineString>
               <coordinates>
                  -90.67126585474205,42.51348128932079
                  -90.67179652231316,42.51330228911795
                  -90.67205841020512,42.513212882148785
               </coordinates>
            </LineString>
         </Placemark>
         <Placemark>
            <name> </name>
            <Point>
               <coordinates> -90.67126585474205,42.51348128932079 </coordinates>
            </Point>
         </Placemark>
         <Placemark>
            <name> </name>
            <Point>
               <coordinates> -90.67205841020512,42.513212882148785 </coordinates>
            </Point>
         </Placemark>
      </Folder>
      <Folder id="CENTRAL_AND_32ND-NE--2141602912">
         <name> CENTRAL_AND_32ND-NE--2141602912 </name>
         <Placemark>
            <name> trajectory </name>
            <LineString>
               <coordinates>
                  -90.68284282801757,42.52741880419675
                  -90.68220189164744,42.527832870222674
               </coordinates>
            </LineString>
         </Placemark>
         <Placemark>
            <name> </name>
            <Point>
               <coordinates> -90.68284282801757,42.52741880419675 </coordinates>
            </Point>
         </Placemark>
         <Placemark>
            <name> </name>
            <Point>
               <coordinates> -90.68220189164744,42.527832870222674 </coordinates>
            </Point>
         </Placemark>
      </Folder>
      <Folder id="CENTRAL_AND_32ND-NE--407915699">
         <name> CENTRAL_AND_32ND-NE--407915699 </name>
         <Placemark>
            <name> trajectory </name>
            <LineString>
               <coordinates>
                  -90.68375487029279,42.526833502506356
                  -90.6833471371601,42.527094459097604
                  -90.68325437740657,42.52715425000822
                  -90.6828429189821,42.527418745625326
               </coordinates>
            </LineString>
         </Placemark>
         <Placemark>
            <name> </name>
            <Point>
               <coordinates> -90.68375487029279,42.526833502506356 </coordinates>
            </Point>
         </Placemark>
         <Placemark>
            <name> </name>
            <Point>
               <coordinates> -90.6828429189821,42.527418745625326 </coordinates>
            </Point>
         </Placemark>
      </Folder>
      <Folder id="CENTRAL_AND_32ND-NE-166963333">
         <name> CENTRAL_AND_32ND-NE-166963333 </name>
         <Placemark>
            <name> trajectory </name>
            <LineString>
               <coordinates>
                  -90.68220342980958,42.527831929970816
                  -90.68154964121088,42.52820986068004
               </coordinates>
            </LineString>
         </Placemark>
         <Placemark>
            <name> </name>
            <Point>
               <coordinates> -90.68220342980958,42.527831929970816 </coordinates>
            </Point>
         </Placemark>
         <Placemark>
            <name> </name>
            <Point>
               <coordinates> -90.68154964121088,42.52820986068004 </coordinates>
            </Point>
         </Placemark>
      </Folder>
      <Folder id="CENTRAL_AND_32ND-NNW--410182531">
         <name> CENTRAL_AND_32ND-NNW--410182531 </name>
         <Placemark>
            <name> trajectory </name>
            <LineString>
               <coordinates>
                  -90.68322527852776,42.5280192144425
                  -90.68343855124009,42.52832915860226
               </coordinates>
            </LineString>
         </Placemark>
         <Placemark>
            <name> </name>
            <Point>
               <coordinates> -90.68322527852776,42.5280192144425 </coordinates>
            </Point>
         </Placemark>
         <Placemark>
            <name> </name>
            <Point>
               <coordinates> -90.68343855124009,42.52832915860226 </coordinates>
            </Point>
         </Placemark>
      </Folder>
      <Folder id="CENTRAL_AND_32ND-NNW--741243976">
         <name> CENTRAL_AND_32ND-NNW--741243976 </name>
         <Placemark>
            <name> trajectory </name>
            <LineString>
               <coordinates>
                  -90.67536891046073,42.51946731485319
                  -90.67667797677022,42.52095407824455
               </coordinates>
            </LineString>
         </Placemark>
         <Placemark>
            <name> </name>
            <Point>
               <coordinates> -90.67536891046073,42.51946731485319 </coordinates>
            </Point>
         </Placemark>
         <Placemark>
            <name> </name>
            <Point>
               <coordinates> -90.67667797677022,42.52095407824455 </coordinates>
            </Point>
         </Placemark>
      </Folder>
      <Folder id="CENTRAL_AND_32ND-NNW-422732520">
         <name> CENTRAL_AND_32ND-NNW-422732520 </name>
         <Placemark>
            <name> trajectory </name>
            <LineString>
               <coordinates>
                  -90.68431860126474,42.52966587928011
                  -90.68470491355814,42.53028260110281
                  -90.68579437398961,42.53171348513842
                  -90.68606501614224,42.53208750429275
               </coordinates>
            </LineString>
         </Placemark>
         <Placemark>
            <name> </name>
            <Point>
               <coordinates> -90.68431860126474,42.52966587928011 </coordinates>
            </Point>
         </Placemark>
         <Placemark>
            <name> </name>
            <Point>
               <coordinates> -90.68606501614224,42.53208750429275 </coordinates>
            </Point>
         </Placemark>
      </Folder>
      <Folder id="CENTRAL_AND_32ND-NNW-560119001">
         <name> CENTRAL_AND_32ND-NNW-560119001 </name>
         <Placemark>
            <name> trajectory </name>
            <LineString>
               <coordinates>
                  -90.6838939775298,42.52901257995664
                  -90.68411637718482,42.52935456161369
               </coordinates>
            </LineString>
         </Placemark>
         <Placemark>
            <name> </name>
            <Point>
               <coordinates> -90.6838939775298,42.52901257995664 </coordinates>
            </Point>
         </Placemark>
         <Placemark>
            <name> </name>
            <Point>
               <coordinates> -90.68411637718482,42.52935456161369 </coordinates>
            </Point>
         </Placemark>
      </Folder>
      <Folder id="CENTRAL_AND_32ND-NNW-561702805">
         <name> CENTRAL_AND_32ND-NNW-561702805 </name>
         <Placemark>
            <name> trajectory </name>
            <LineString>
               <coordinates>
                  -90.68343833953075,42.528328845926296
                  -90.68367992442121,42.52869150294496
               </coordinates>
            </LineString>
         </Placemark>
         <Placemark>
            <name> </name>
            <Point>
               <coordinates> -90.68343833953075,42.528328845926296 </coordinates>
            </Point>
         </Placemark>
         <Placemark>
            <name> </name>
            <Point>
               <coordinates> -90.68367992442121,42.52869150294496 </coordinates>
            </Point>
         </Placemark>
      </Folder>
      <Folder id="CENTRAL_AND_32ND-NNW-573030843">
         <name> CENTRAL_AND_32ND-NNW-573030843 </name>
         <Placemark>
            <name> trajectory </name>
            <LineString>
               <coordinates>
                  -90.68411636893588,42.52935454892086
                  -90.68431790698146,42.52966486560965
               </coordinates>
            </LineString>
         </Placemark>
         <Placemark>
            <name> </name>
            <Point>
               <coordinates> -90.68411636893588,42.52935454892086 </coordinates>
            </Point>
         </Placemark>
         <Placemark>
            <name> </name>
            <Point>
               <coordinates> -90.68431790698146,42.52966486560965 </coordinates>
            </Point>
         </Placemark>
      </Folder>
      <Folder id="CENTRAL_AND_32ND-NNW-841740292">
         <name> CENTRAL_AND_32ND-NNW-841740292 </name>
         <Placemark>
            <name> trajectory </name>
            <LineString>
               <coordinates>
                  -90.68283431274912,42.52745129850074
                  -90.68322528167788,42.528019219019434
               </coordinates>
            </LineString>
         </Placemark>
         <Placemark>
            <name> </name>
            <Point>
               <coordinates> -90.68283431274912,42.52745129850074 </coordinates>
            </Point>
         </Placemark>
         <Placemark>
            <name> </name>
            <Point>
               <coordinates> -90.68322528167788,42.528019219019434 </coordinates>
            </Point>
         </Placemark>
      </Folder>
      <Folder id="CENTRAL_AND_32ND-NNW-979091437">
         <name> CENTRAL_AND_32ND-NNW-979091437 </name>
         <Placemark>
            <name> trajectory </name>
            <LineString>
               <coordinates>
                  -90.68367992931026,42.52869151028138
                  -90.68389413333817,42.52901281657679
               </coordinates>
            </LineString>
         </Placemark>
         <Placemark>
            <name> </name>
            <Point>
               <coordinates> -90.68367992931026,42.52869151028138 </coordinates>
            </Point>
         </Placemark>
         <Placemark>
            <name> </name>
            <Point>
               <coordinates> -90.68389413333817,42.52901281657679 </coordinates>
            </Point>
         </Placemark>
      </Folder>
      <Folder id="CENTRAL_AND_32ND-NW--1924096874">
         <name> CENTRAL_AND_32ND-NW--1924096874 </name>
         <Placemark>
            <name> trajectory </name>
            <LineString>
               <coordinates>
                  -90.6766789093031,42.52095508666542
                  -90.67809712665498,42.52241651808215
               </coordinates>
            </LineString>
         </Placemark>
         <Placemark>
            <name> </name>
            <Point>
               <coordinates> -90.6766789093031,42.52095508666542 </coordinates>
            </Point>
         </Placemark>
         <Placemark>
            <name> </name>
            <Point>
               <coordinates> -90.67809712665498,42.52241651808215 </coordinates>
            </Point>
         </Placemark>
      </Folder>
      <Folder id="CENTRAL_AND_32ND-NW-1307752456">
         <name> CENTRAL_AND_32ND-NW-1307752456 </name>
         <Placemark>
            <name> trajectory </name>
            <LineString>
               <coordinates>
                  -90.67809743356776,42.522416829626614
                  -90.67832262726513,42.52264202343019
               </coordinates>
            </LineString>
         </Placemark>
         <Placemark>
            <name> </name>
            <Point>
               <coordinates> -90.67809743356776,42.522416829626614 </coordinates>
            </Point>
         </Placemark>
         <Placemark>
            <name> </name>
            <Point>
               <coordinates> -90.67832262726513,42.52264202343019 </coordinates>
            </Point>
         </Placemark>
      </Folder>
      <Folder id="CENTRAL_AND_32ND-NW-1583649200">
         <name> CENTRAL_AND_32ND-NW-1583649200 </name>
         <Placemark>
            <name> trajectory </name>
            <LineString>
               <coordinates>
                  -90.6783217919111,42.5226411525432
                  -90.67839667021144,42.52271603087988
                  -90.67945651476282,42.52387515498215
               </coordinates>
            </LineString>
         </Placemark>
         <Placemark>
            <name> </name>
            <Point>
               <coordinates> -90.6783217919111,42.5226411525432 </coordinates>
            </Point>
         </Placemark>
         <Placemark>
            <name> </name>
            <Point>
               <coordinates> -90.67945651476282,42.52387515498215 </coordinates>
            </Point>
         </Placemark>
      </Folder>
      <Folder id="CENTRAL_AND_32ND-NW-236051777">
         <name> CENTRAL_AND_32ND-NW-236051777 </name>
         <Placemark>
            <name> trajectory </name>
            <LineString>
               <coordinates>
                  -90.6794565350601,42.52387517703194
                  -90.67977262578279,42.524218090011566
                  -90.68024741379217,42.52473329767137
                  -90.6808192455649,42.52535393104897
               </coordinates>
            </LineString>
         </Placemark>
         <Placemark>
            <name> </name>
            <Point>
               <coordinates> -90.6794565350601,42.52387517703194 </coordinates>
            </Point>
         </Placemark>
         <Placemark>
            <name> </name>
            <Point>
               <coordinates> -90.6808192455649,42.52535393104897 </coordinates>
            </Point>
         </Placemark>
      </Folder>
      <Folder id="CENTRAL_AND_32ND-NW-435163352">
         <name> CENTRAL_AND_32ND-NW-435163352 </name>
         <Placemark>
            <name> trajectory </name>
            <LineString>
               <coordinates>
                  -90.67460123509798,42.51862256009423
                  -90.67536920329886,42.519467642217315
               </coordinates>
            </LineString>
         </Placemark>
         <Placemark>
            <name> </name>
            <Point>
               <coordinates> -90.67460123509798,42.51862256009423 </coordinates>
            </Point>
         </Placemark>
         <Placemark>
            <name> </name>
            <Point>
               <coordinates> -90.67536920329886,42.519467642217315 </coordinates>
            </Point>
         </Placemark>
      </Folder>
      <Folder id="CENTRAL_AND_32ND-NW-546158287">
         <name> CENTRAL_AND_32ND-NW-546158287 </name>
         <Placemark>
            <name> trajectory </name>
            <LineString>
               <coordinates>
                  -90.68081965014493,42.52535436105209
                  -90.68283708014653,42.527454679769306
               </coordinates>
            </LineString>
         </Placemark>
         <Placemark>
            <name> </name>
            <Point>
               <coordinates> -90.68081965014493,42.52535436105209 </coordinates>
            </Point>
         </Placemark>
         <Placemark>
            <name> </name>
            <Point>
               <coordinates> -90.68283708014653,42.527454679769306 </coordinates>
            </Point>
         </Placemark>
      </Folder>
      <Folder id="CENTRAL_AND_32ND-SE--1734338037">
         <name> CENTRAL_AND_32ND-SE--1734338037 </name>
         <Placemark>
            <name> trajectory </name>
            <LineString>
               <coordinates>
                  -90.68289684158722,42.527423503634694
                  -90.68087940957639,42.52532318491748
               </coordinates>
            </LineString>
         </Placemark>
         <Placemark>
            <name> </name>
            <Point>
               <coordinates> -90.68289684158722,42.527423503634694 </coordinates>
            </Point>
         </Placemark>
         <Placemark>
            <name> </name>
            <Point>
               <coordinates> -90.68087940957639,42.52532318491748 </coordinates>
            </Point>
         </Placemark>
      </Folder>
      <Folder id="CENTRAL_AND_32ND-SE--666546583">
         <name> CENTRAL_AND_32ND-SE--666546583 </name>
         <Placemark>
            <name> trajectory </name>
            <LineString>
               <coordinates>
                  -90.67951712274393,42.52384488317826
                  -90.6784572770681,42.52268575907598
                  -90.67838239869512,42.522610880739315
               </coordinates>
            </LineString>
         </Placemark>
         <Placemark>
            <name> </name>
            <Point>
               <coordinates> -90.67951712274393,42.52384488317826 </coordinates>
            </Point>
         </Placemark>
         <Placemark>
            <name> </name>
            <Point>
               <coordinates> -90.67838239869512,42.522610880739315 </coordinates>
            </Point>
         </Placemark>
      </Folder>
      <Folder id="CENTRAL_AND_32ND-SE--917188521">
         <name> CENTRAL_AND_32ND-SE--917188521 </name>
         <Placemark>
            <name> trajectory </name>
            <LineString>
               <coordinates>
                  -90.68087981432937,42.52532361508568
                  -90.68030798195493,42.524702981708096
                  -90.67983319344604,42.52418777404829
                  -90.67951710239092,42.52384486106865
               </coordinates>
            </LineString>
         </Placemark>
         <Placemark>
            <name> </name>
            <Point>
               <coordinates> -90.68087981432937,42.52532361508568 </coordinates>
            </Point>
         </Placemark>
         <Placemark>
            <name> </name>
            <Point>
               <coordinates> -90.67951710239092,42.52384486106865 </coordinates>
            </Point>
         </Placemark>
      </Folder>
      <Folder id="CENTRAL_AND_32ND-SE-1020056380">
         <name> CENTRAL_AND_32ND-SE-1020056380 </name>
         <Placemark>
            <name> trajectory </name>
            <LineString>
               <coordinates>
                  -90.67838156355788,42.52261001009401
                  -90.6781563696481,42.52238481629044
               </coordinates>
            </LineString>
         </Placemark>
         <Placemark>
            <name> </name>
            <Point>
               <coordinates> -90.67838156355788,42.52261001009401 </coordinates>
            </Point>
         </Placemark>
         <Placemark>
            <name> </name>
            <Point>
               <coordinates> -90.6781563696481,42.52238481629044 </coordinates>
            </Point>
         </Placemark>
      </Folder>
      <Folder id="CENTRAL_AND_32ND-SE-1522371695">
         <name> CENTRAL_AND_32ND-SE-1522371695 </name>
         <Placemark>
            <name> trajectory </name>
            <LineString>
               <coordinates>
                  -90.67815667626242,42.52238512752531
                  -90.67673845751767,42.52092369610857
               </coordinates>
            </LineString>
         </Placemark>
         <Placemark>
            <name> </name>
            <Point>
               <coordinates> -90.67815667626242,42.52238512752531 </coordinates>
            </Point>
         </Placemark>
         <Placemark>
            <name> </name>
            <Point>
               <coordinates> -90.67673845751767,42.52092369610857 </coordinates>
            </Point>
         </Placemark>
      </Folder>
      <Folder id="CENTRAL_AND_32ND-SE-953498346">
         <name> CENTRAL_AND_32ND-SE-953498346 </name>
         <Placemark>
            <name> trajectory </name>
            <LineString>
               <coordinates>
                  -90.67543002961372,42.51943761393768
                  -90.67466206059021,42.51859253181459
               </coordinates>
            </LineString>
         </Placemark>
         <Placemark>
            <name> </name>
            <Point>
               <coordinates> -90.67543002961372,42.51943761393768 </coordinates>
            </Point>
         </Placemark>
         <Placemark>
            <name> </name>
            <Point>
               <coordinates> -90.67466206059021,42.51859253181459 </coordinates>
            </Point>
         </Placemark>
      </Folder>
      <Folder id="CENTRAL_AND_32ND-SSE--224263268">
         <name> CENTRAL_AND_32ND-SSE--224263268 </name>
         <Placemark>
            <name> trajectory </name>
            <LineString>
               <coordinates>
                  -90.67673939009964,42.520924704546594
                  -90.67543032232886,42.51943794115524
               </coordinates>
            </LineString>
         </Placemark>
         <Placemark>
            <name> </name>
            <Point>
               <coordinates> -90.67673939009964,42.520924704546594 </coordinates>
            </Point>
         </Placemark>
         <Placemark>
            <name> </name>
            <Point>
               <coordinates> -90.67543032232886,42.51943794115524 </coordinates>
            </Point>
         </Placemark>
      </Folder>
      <Folder id="CENTRAL_AND_32ND-SSE--395044206">
         <name> CENTRAL_AND_32ND-SSE--395044206 </name>
         <Placemark>
            <name> trajectory </name>
            <LineString>
               <coordinates>
                  -90.68374565213472,42.5286677243067
                  -90.68350406686265,42.52830506728804
               </coordinates>
            </LineString>
         </Placemark>
         <Placemark>
            <name> </name>
            <Point>
               <coordinates> -90.68374565213472,42.5286677243067 </coordinates>
            </Point>
         </Placemark>
         <Placemark>
            <name> </name>
            <Point>
               <coordinates> -90.68350406686265,42.52830506728804 </coordinates>
            </Point>
         </Placemark>
      </Folder>
      <Folder id="CENTRAL_AND_32ND-SSE--437694259">
         <name> CENTRAL_AND_32ND-SSE--437694259 </name>
         <Placemark>
            <name> trajectory </name>
            <LineString>
               <coordinates>
                  -90.68418240744123,42.52933124154801
                  -90.68396000742467,42.52898925989096
               </coordinates>
            </LineString>
         </Placemark>
         <Placemark>
            <name> </name>
            <Point>
               <coordinates> -90.68418240744123,42.52933124154801 </coordinates>
            </Point>
         </Placemark>
         <Placemark>
            <name> </name>
            <Point>
               <coordinates> -90.68396000742467,42.52898925989096 </coordinates>
            </Point>
         </Placemark>
      </Folder>
      <Folder id="CENTRAL_AND_32ND-SSE--602140296">
         <name> CENTRAL_AND_32ND-SSE--602140296 </name>
         <Placemark>
            <name> trajectory </name>
            <LineString>
               <coordinates>
                  -90.68350385515738,42.52830475462068
                  -90.68329058212103,42.52799481046092
               </coordinates>
            </LineString>
         </Placemark>
         <Placemark>
            <name> </name>
            <Point>
               <coordinates> -90.68350385515738,42.52830475462068 </coordinates>
            </Point>
         </Placemark>
         <Placemark>
            <name> </name>
            <Point>
               <coordinates> -90.68329058212103,42.52799481046092 </coordinates>
            </Point>
         </Placemark>
      </Folder>
      <Folder id="CENTRAL_AND_32ND-SSE--966784345">
         <name> CENTRAL_AND_32ND-SSE--966784345 </name>
         <Placemark>
            <name> trajectory </name>
            <LineString>
               <coordinates>
                  -90.68612967685173,42.53206218184516
                  -90.6858590343119,42.53168816269083
                  -90.68476957239915,42.53025727865522
                  -90.68438325946734,42.52964055683252
               </coordinates>
            </LineString>
         </Placemark>
         <Placemark>
            <name> </name>
            <Point>
               <coordinates> -90.68612967685173,42.53206218184516 </coordinates>
            </Point>
         </Placemark>
         <Placemark>
            <name> </name>
            <Point>
               <coordinates> -90.68438325946734,42.52964055683252 </coordinates>
            </Point>
         </Placemark>
      </Folder>
      <Folder id="CENTRAL_AND_32ND-SSE-1434210051">
         <name> CENTRAL_AND_32ND-SSE-1434210051 </name>
         <Placemark>
            <name> trajectory </name>
            <LineString>
               <coordinates>
                  -90.68329057893618,42.52799480583356
                  -90.6828996094138,42.527426885314874
               </coordinates>
            </LineString>
         </Placemark>
         <Placemark>
            <name> </name>
            <Point>
               <coordinates> -90.68329057893618,42.52799480583356 </coordinates>
            </Point>
         </Placemark>
         <Placemark>
            <name> </name>
            <Point>
               <coordinates> -90.6828996094138,42.527426885314874 </coordinates>
            </Point>
         </Placemark>
      </Folder>
      <Folder id="CENTRAL_AND_32ND-SSE-520836797">
         <name> CENTRAL_AND_32ND-SSE-520836797 </name>
         <Placemark>
            <name> trajectory </name>
            <LineString>
               <coordinates>
                  -90.68395985161682,42.52898902327354
                  -90.68374564725086,42.52866771697813
               </coordinates>
            </LineString>
         </Placemark>
         <Placemark>
            <name> </name>
            <Point>
               <coordinates> -90.68395985161682,42.52898902327354 </coordinates>
            </Point>
         </Placemark>
         <Placemark>
            <name> </name>
            <Point>
               <coordinates> -90.68374564725086,42.52866771697813 </coordinates>
            </Point>
         </Placemark>
      </Folder>
      <Folder id="CENTRAL_AND_32ND-SSE-81754864">
         <name> CENTRAL_AND_32ND-SSE-81754864 </name>
         <Placemark>
            <name> trajectory </name>
            <LineString>
               <coordinates>
                  -90.68438395406783,42.52964157093561
                  -90.68418241569412,42.52933125424681
               </coordinates>
            </LineString>
         </Placemark>
         <Placemark>
            <name> </name>
            <Point>
               <coordinates> -90.68438395406783,42.52964157093561 </coordinates>
            </Point>
         </Placemark>
         <Placemark>
            <name> </name>
            <Point>
               <coordinates> -90.68418241569412,42.52933125424681 </coordinates>
            </Point>
         </Placemark>
      </Folder>
      <Folder id="CENTRAL_AND_32ND-SW--1065374015">
         <name> CENTRAL_AND_32ND-SW--1065374015 </name>
         <Placemark>
            <name> trajectory </name>
            <LineString>
               <coordinates>
                  -90.6822501579918,42.52787344589444
                  -90.682891094042,42.52745937986852
               </coordinates>
            </LineString>
         </Placemark>
         <Placemark>
            <name> </name>
            <Point>
               <coordinates> -90.6822501579918,42.52787344589444 </coordinates>
            </Point>
         </Placemark>
         <Placemark>
            <name> </name>
            <Point>
               <coordinates> -90.682891094042,42.52745937986852 </coordinates>
            </Point>
         </Placemark>
      </Folder>
      <Folder id="CENTRAL_AND_32ND-SW--276090365">
         <name> CENTRAL_AND_32ND-SW--276090365 </name>
         <Placemark>
            <name> trajectory </name>
            <LineString>
               <coordinates>
                  -90.68159483149002,42.52825231685011
                  -90.68224861981531,42.52787438614087
               </coordinates>
            </LineString>
         </Placemark>
         <Placemark>
            <name> </name>
            <Point>
               <coordinates> -90.68159483149002,42.52825231685011 </coordinates>
            </Point>
         </Placemark>
         <Placemark>
            <name> </name>
            <Point>
               <coordinates> -90.68224861981531,42.52787438614087 </coordinates>
            </Point>
         </Placemark>
      </Folder>
      <Folder id="CENTRAL_AND_32ND-SW-2095202188">
         <name> CENTRAL_AND_32ND-SW-2095202188 </name>
         <Placemark>
            <name> trajectory </name>
            <LineString>
               <coordinates>
                  -90.6828910029886,42.527459438496116
                  -90.68330246120946,42.52719494287901
                  -90.68339522091696,42.52713515196839
                  -90.6838029538488,42.52687419537715
               </coordinates>
            </LineString>
         </Placemark>
         <Placemark>
            <name> </name>
            <Point>
               <coordinates> -90.6828910029886,42.527459438496116 </coordinates>
            </Point>
         </Placemark>
         <Placemark>
            <name> </name>
            <Point>
               <coordinates> -90.6838029538488,42.52687419537715 </coordinates>
            </Point>
         </Placemark>
      </Folder>
      <Folder id="CENTRAL_AND_5TH-SSE--1231401415">
         <name> CENTRAL_AND_5TH-SSE--1231401415 </name>
         <Placemark>
            <name> trajectory </name>
            <LineString>
               <coordinates>
                  -90.66419506067473,42.49980749561952
                  -90.66375156485479,42.499004323013224
               </coordinates>
            </LineString>
         </Placemark>
         <Placemark>
            <name> </name>
            <Point>
               <coordinates> -90.66419506067473,42.49980749561952 </coordinates>
            </Point>
         </Placemark>
         <Placemark>
            <name> </name>
            <Point>
               <coordinates> -90.66375156485479,42.499004323013224 </coordinates>
            </Point>
         </Placemark>
      </Folder>
      <Folder id="CENTRAL_AND_5TH-SSE-1561029120">
         <name> CENTRAL_AND_5TH-SSE-1561029120 </name>
         <Placemark>
            <name> trajectory </name>
            <LineString>
               <coordinates>
                  -90.66463334108815,42.50063301996811
                  -90.66419506067473,42.49980749561952
               </coordinates>
            </LineString>
         </Placemark>
         <Placemark>
            <name> </name>
            <Point>
               <coordinates> -90.66463334108815,42.50063301996811 </coordinates>
            </Point>
         </Placemark>
         <Placemark>
            <name> </name>
            <Point>
               <coordinates> -90.66419506067473,42.49980749561952 </coordinates>
            </Point>
         </Placemark>
      </Folder>
      <Folder id="CENTRAL_AND_5TH-SSE-20472925">
         <name> CENTRAL_AND_5TH-SSE-20472925 </name>
         <Placemark>
            <name> trajectory </name>
            <LineString>
               <coordinates>
                  -90.66375156485479,42.499004323013224
                  -90.663514450122,42.498548347470496
               </coordinates>
            </LineString>
         </Placemark>
         <Placemark>
            <name> </name>
            <Point>
               <coordinates> -90.66375156485479,42.499004323013224 </coordinates>
            </Point>
         </Placemark>
         <Placemark>
            <name> </name>
            <Point>
               <coordinates> -90.663514450122,42.498548347470496 </coordinates>
            </Point>
         </Placemark>
      </Folder>
      <Folder id="CENTRAL_AND_5TH-SSE-537878542">
         <name> CENTRAL_AND_5TH-SSE-537878542 </name>
         <Placemark>
            <name> trajectory </name>
            <LineString>
               <coordinates>
                  -90.663514450122,42.498548347470496
                  -90.66332855813195,42.49818084757434
               </coordinates>
            </LineString>
         </Placemark>
         <Placemark>
            <name> </name>
            <Point>
               <coordinates> -90.663514450122,42.498548347470496 </coordinates>
            </Point>
         </Placemark>
         <Placemark>
            <name> </name>
            <Point>
               <coordinates> -90.66332855813195,42.49818084757434 </coordinates>
            </Point>
         </Placemark>
      </Folder>
      <Folder id="CENTRAL_AND_7TH-SSE--1343283929">
         <name> CENTRAL_AND_7TH-SSE--1343283929 </name>
         <Placemark>
            <name> trajectory </name>
            <LineString>
               <coordinates>
                  -90.66550394145035,42.5022674911231
                  -90.66507534679194,42.50145612287796
               </coordinates>
            </LineString>
         </Placemark>
         <Placemark>
            <name> </name>
            <Point>
               <coordinates> -90.66550394145035,42.5022674911231 </coordinates>
            </Point>
         </Placemark>
         <Placemark>
            <name> </name>
            <Point>
               <coordinates> -90.66507534679194,42.50145612287796 </coordinates>
            </Point>
         </Placemark>
      </Folder>
      <Folder id="CENTRAL_AND_7TH-SSE--1523795232">
         <name> CENTRAL_AND_7TH-SSE--1523795232 </name>
         <Placemark>
            <name> trajectory </name>
            <LineString>
               <coordinates>
                  -90.66507534679194,42.50145612287796
                  -90.66463334108815,42.50063301996811
               </coordinates>
            </LineString>
         </Placemark>
         <Placemark>
            <name> </name>
            <Point>
               <coordinates> -90.66507534679194,42.50145612287796 </coordinates>
            </Point>
         </Placemark>
         <Placemark>
            <name> </name>
            <Point>
               <coordinates> -90.66463334108815,42.50063301996811 </coordinates>
            </Point>
         </Placemark>
      </Folder>
      <Folder id="CENTRAL_AND_7TH-SSE-1561029120">
         <name> CENTRAL_AND_7TH-SSE-1561029120 </name>
         <Placemark>
            <name> trajectory </name>
            <LineString>
               <coordinates>
                  -90.66463334108815,42.50063301996811
                  -90.66419506067473,42.49980749561952
               </coordinates>
            </LineString>
         </Placemark>
         <Placemark>
            <name> </name>
            <Point>
               <coordinates> -90.66463334108815,42.50063301996811 </coordinates>
            </Point>
         </Placemark>
         <Placemark>
            <name> </name>
            <Point>
               <coordinates> -90.66419506067473,42.49980749561952 </coordinates>
            </Point>
         </Placemark>
      </Folder>
      <Folder id="CENTRAL_AND_9TH-ENE--41983986">
         <name> CENTRAL_AND_9TH-ENE--41983986 </name>
         <Placemark>
            <name> trajectory </name>
            <LineString>
               <coordinates>
                  -90.66596274376745,42.50210784252972
                  -90.66549074944771,42.5022423255125
               </coordinates>
            </LineString>
         </Placemark>
         <Placemark>
            <name> </name>
            <Point>
               <coordinates> -90.66596274376745,42.50210784252972 </coordinates>
            </Point>
         </Placemark>
         <Placemark>
            <name> </name>
            <Point>
               <coordinates> -90.66549074944771,42.5022423255125 </coordinates>
            </Point>
         </Placemark>
      </Folder>
      <Folder id="CENTRAL_AND_9TH-ENE-137968925">
         <name> CENTRAL_AND_9TH-ENE-137968925 </name>
         <Placemark>
            <name> trajectory </name>
            <LineString>
               <coordinates>
                  -90.66548997937464,42.5022425523536
                  -90.66453630497212,42.50253275247432
               </coordinates>
            </LineString>
         </Placemark>
         <Placemark>
            <name> </name>
            <Point>
               <coordinates> -90.66548997937464,42.5022425523536 </coordinates>
            </Point>
         </Placemark>
         <Placemark>
            <name> </name>
            <Point>
               <coordinates> -90.66453630497212,42.50253275247432 </coordinates>
            </Point>
         </Placemark>
      </Folder>
      <Folder id="CENTRAL_AND_9TH-ENE-1947064063">
         <name> CENTRAL_AND_9TH-ENE-1947064063 </name>
         <Placemark>
            <name> trajectory </name>
            <LineString>
               <coordinates>
                  -90.66637766700377,42.50198105194918
                  -90.66596192456873,42.5021080843512
               </coordinates>
            </LineString>
         </Placemark>
         <Placemark>
            <name> </name>
            <Point>
               <coordinates> -90.66637766700377,42.50198105194918 </coordinates>
            </Point>
         </Placemark>
         <Placemark>
            <name> </name>
            <Point>
               <coordinates> -90.66596192456873,42.5021080843512 </coordinates>
            </Point>
         </Placemark>
      </Folder>
      <Folder id="CENTRAL_AND_9TH-ENE-884990110">
         <name> CENTRAL_AND_9TH-ENE-884990110 </name>
         <Placemark>
            <name> trajectory </name>
            <LineString>
               <coordinates>
                  -90.66649466393551,42.501946474202704
                  -90.66637806233905,42.501980933138725
               </coordinates>
            </LineString>
         </Placemark>
         <Placemark>
            <name> </name>
            <Point>
               <coordinates> -90.66649466393551,42.501946474202704 </coordinates>
            </Point>
         </Placemark>
         <Placemark>
            <name> </name>
            <Point>
               <coordinates> -90.66637806233905,42.501980933138725 </coordinates>
            </Point>
         </Placemark>
      </Folder>
      <Folder id="CENTRAL_AND_9TH-SSE--1343283929">
         <name> CENTRAL_AND_9TH-SSE--1343283929 </name>
         <Placemark>
            <name> trajectory </name>
            <LineString>
               <coordinates>
                  -90.66550394145035,42.5022674911231
                  -90.66507534679194,42.50145612287796
               </coordinates>
            </LineString>
         </Placemark>
         <Placemark>
            <name> </name>
            <Point>
               <coordinates> -90.66550394145035,42.5022674911231 </coordinates>
            </Point>
         </Placemark>
         <Placemark>
            <name> </name>
            <Point>
               <coordinates> -90.66507534679194,42.50145612287796 </coordinates>
            </Point>
         </Placemark>
      </Folder>
      <Folder id="CENTRAL_AND_9TH-SSE-695326770">
         <name> CENTRAL_AND_9TH-SSE-695326770 </name>
         <Placemark>
            <name> trajectory </name>
            <LineString>
               <coordinates>
                  -90.66596252469634,42.503079418161796
                  -90.66550394145035,42.5022674911231
               </coordinates>
            </LineString>
         </Placemark>
         <Placemark>
            <name> </name>
            <Point>
               <coordinates> -90.66596252469634,42.503079418161796 </coordinates>
            </Point>
         </Placemark>
         <Placemark>
            <name> </name>
            <Point>
               <coordinates> -90.66550394145035,42.5022674911231 </coordinates>
            </Point>
         </Placemark>
      </Folder>
      <Folder id="CENTRAL_AND_9TH-WSW--1633288869">
         <name> CENTRAL_AND_9TH-WSW--1633288869 </name>
         <Placemark>
            <name> trajectory </name>
            <LineString>
               <coordinates>
                  -90.66598994676018,42.50215793197836
                  -90.66640568913829,42.50203089957634
               </coordinates>
            </LineString>
         </Placemark>
         <Placemark>
            <name> </name>
            <Point>
               <coordinates> -90.66598994676018,42.50215793197836 </coordinates>
            </Point>
         </Placemark>
         <Placemark>
            <name> </name>
            <Point>
               <coordinates> -90.66640568913829,42.50203089957634 </coordinates>
            </Point>
         </Placemark>
      </Folder>
      <Folder id="CENTRAL_AND_9TH-WSW--1651096138">
         <name> CENTRAL_AND_9TH-WSW--1651096138 </name>
         <Placemark>
            <name> trajectory </name>
            <LineString>
               <coordinates>
                  -90.6645642288839,42.5025826301274
                  -90.66551790315681,42.50229243000666
               </coordinates>
            </LineString>
         </Placemark>
         <Placemark>
            <name> </name>
            <Point>
               <coordinates> -90.6645642288839,42.5025826301274 </coordinates>
            </Point>
         </Placemark>
         <Placemark>
            <name> </name>
            <Point>
               <coordinates> -90.66551790315681,42.50229243000666 </coordinates>
            </Point>
         </Placemark>
      </Folder>
      <Folder id="CENTRAL_AND_9TH-WSW--844267720">
         <name> CENTRAL_AND_9TH-WSW--844267720 </name>
         <Placemark>
            <name> trajectory </name>
            <LineString>
               <coordinates>
                  -90.66551713327364,42.50229265678632
                  -90.66598912753665,42.50215817380354
               </coordinates>
            </LineString>
         </Placemark>
         <Placemark>
            <name> </name>
            <Point>
               <coordinates> -90.66551713327364,42.50229265678632 </coordinates>
            </Point>
         </Placemark>
         <Placemark>
            <name> </name>
            <Point>
               <coordinates> -90.66598912753665,42.50215817380354 </coordinates>
            </Point>
         </Placemark>
      </Folder>
      <Folder id="CENTRAL_AND_9TH-WSW--93561921">
         <name> CENTRAL_AND_9TH-WSW--93561921 </name>
         <Placemark>
            <name> trajectory </name>
            <LineString>
               <coordinates>
                  -90.6664052939218,42.50203101835005
                  -90.66652189550324,42.50199655941403
               </coordinates>
            </LineString>
         </Placemark>
         <Placemark>
            <name> </name>
            <Point>
               <coordinates> -90.6664052939218,42.50203101835005 </coordinates>
            </Point>
         </Placemark>
         <Placemark>
            <name> </name>
            <Point>
               <coordinates> -90.66652189550324,42.50199655941403 </coordinates>
            </Point>
         </Placemark>
      </Folder>
      <Folder id="CENTRAL_AND_FULTON-ENE--511978968">
         <name> CENTRAL_AND_FULTON-ENE--511978968 </name>
         <Placemark>
            <name> trajectory </name>
            <LineString>
               <coordinates>
                  -90.67375976087607,42.517466388067554
                  -90.67304785781535,42.51772883477496
               </coordinates>
            </LineString>
         </Placemark>
         <Placemark>
            <name> </name>
            <Point>
               <coordinates> -90.67375976087607,42.517466388067554 </coordinates>
            </Point>
         </Placemark>
         <Placemark>
            <name> </name>
            <Point>
               <coordinates> -90.67304785781535,42.51772883477496 </coordinates>
            </Point>
         </Placemark>
      </Folder>
      <Folder id="CENTRAL_AND_FULTON-NNW--1324995710">
         <name> CENTRAL_AND_FULTON-NNW--1324995710 </name>
         <Placemark>
            <name> trajectory </name>
            <LineString>
               <coordinates>
                  -90.67279915441027,42.51596120526804
                  -90.6728973157262,42.51612157901898
               </coordinates>
            </LineString>
         </Placemark>
         <Placemark>
            <name> </name>
            <Point>
               <coordinates> -90.67279915441027,42.51596120526804 </coordinates>
            </Point>
         </Placemark>
         <Placemark>
            <name> </name>
            <Point>
               <coordinates> -90.6728973157262,42.51612157901898 </coordinates>
            </Point>
         </Placemark>
      </Folder>
      <Folder id="CENTRAL_AND_FULTON-NNW--1725748149">
         <name> CENTRAL_AND_FULTON-NNW--1725748149 </name>
         <Placemark>
            <name> trajectory </name>
            <LineString>
               <coordinates>
                  -90.67121750022088,42.51346832905501
                  -90.67210337354457,42.514845941438175
               </coordinates>
            </LineString>
         </Placemark>
         <Placemark>
            <name> </name>
            <Point>
               <coordinates> -90.67121750022088,42.51346832905501 </coordinates>
            </Point>
         </Placemark>
         <Placemark>
            <name> </name>
            <Point>
               <coordinates> -90.67210337354457,42.514845941438175 </coordinates>
            </Point>
         </Placemark>
      </Folder>
      <Folder id="CENTRAL_AND_FULTON-NNW--1894098604">
         <name> CENTRAL_AND_FULTON-NNW--1894098604 </name>
         <Placemark>
            <name> trajectory </name>
            <LineString>
               <coordinates>
                  -90.67374425927,42.51750378044456
                  -90.67459977163634,42.51862080876553
               </coordinates>
            </LineString>
         </Placemark>
         <Placemark>
            <name> </name>
            <Point>
               <coordinates> -90.67374425927,42.51750378044456 </coordinates>
            </Point>
         </Placemark>
         <Placemark>
            <name> </name>
            <Point>
               <coordinates> -90.67459977163634,42.51862080876553 </coordinates>
            </Point>
         </Placemark>
      </Folder>
      <Folder id="CENTRAL_AND_FULTON-NNW-1150925241">
         <name> CENTRAL_AND_FULTON-NNW-1150925241 </name>
         <Placemark>
            <name> trajectory </name>
            <LineString>
               <coordinates>
                  -90.67289732070131,42.516121587143616
                  -90.67374277461673,42.51750162096552
               </coordinates>
            </LineString>
         </Placemark>
         <Placemark>
            <name> </name>
            <Point>
               <coordinates> -90.67289732070131,42.516121587143616 </coordinates>
            </Point>
         </Placemark>
         <Placemark>
            <name> </name>
            <Point>
               <coordinates> -90.67374277461673,42.51750162096552 </coordinates>
            </Point>
         </Placemark>
      </Folder>
      <Folder id="CENTRAL_AND_FULTON-NNW-1664530487">
         <name> CENTRAL_AND_FULTON-NNW-1664530487 </name>
         <Placemark>
            <name> trajectory </name>
            <LineString>
               <coordinates>
                  -90.67210319373683,42.51484565757373
                  -90.67279926365096,42.51596138204306
               </coordinates>
            </LineString>
         </Placemark>
         <Placemark>
            <name> </name>
            <Point>
               <coordinates> -90.67210319373683,42.51484565757373 </coordinates>
            </Point>
         </Placemark>
         <Placemark>
            <name> </name>
            <Point>
               <coordinates> -90.67279926365096,42.51596138204306 </coordinates>
            </Point>
         </Placemark>
      </Folder>
      <Folder id="CENTRAL_AND_FULTON-NW-435163352">
         <name> CENTRAL_AND_FULTON-NW-435163352 </name>
         <Placemark>
            <name> trajectory </name>
            <LineString>
               <coordinates>
                  -90.67460123509798,42.51862256009423
                  -90.67536920329886,42.519467642217315
               </coordinates>
            </LineString>
         </Placemark>
         <Placemark>
            <name> </name>
            <Point>
               <coordinates> -90.67460123509798,42.51862256009423 </coordinates>
            </Point>
         </Placemark>
         <Placemark>
            <name> </name>
            <Point>
               <coordinates> -90.67536920329886,42.519467642217315 </coordinates>
            </Point>
         </Placemark>
      </Folder>
      <Folder id="CENTRAL_AND_FULTON-SE-953498346">
         <name> CENTRAL_AND_FULTON-SE-953498346 </name>
         <Placemark>
            <name> trajectory </name>
            <LineString>
               <coordinates>
                  -90.67543002961372,42.51943761393768
                  -90.67466206059021,42.51859253181459
               </coordinates>
            </LineString>
         </Placemark>
         <Placemark>
            <name> </name>
            <Point>
               <coordinates> -90.67543002961372,42.51943761393768 </coordinates>
            </Point>
         </Placemark>
         <Placemark>
            <name> </name>
            <Point>
               <coordinates> -90.67466206059021,42.51859253181459 </coordinates>
            </Point>
         </Placemark>
      </Folder>
      <Folder id="CENTRAL_AND_FULTON-SSE--1381867881">
         <name> CENTRAL_AND_FULTON-SSE--1381867881 </name>
         <Placemark>
            <name> trajectory </name>
            <LineString>
               <coordinates>
                  -90.6738094952362,42.51747941425757
                  -90.67296403984734,42.51609938043566
               </coordinates>
            </LineString>
         </Placemark>
         <Placemark>
            <name> </name>
            <Point>
               <coordinates> -90.6738094952362,42.51747941425757 </coordinates>
            </Point>
         </Placemark>
         <Placemark>
            <name> </name>
            <Point>
               <coordinates> -90.67296403984734,42.51609938043566 </coordinates>
            </Point>
         </Placemark>
      </Folder>
      <Folder id="CENTRAL_AND_FULTON-SSE--417113222">
         <name> CENTRAL_AND_FULTON-SSE--417113222 </name>
         <Placemark>
            <name> trajectory </name>
            <LineString>
               <coordinates>
                  -90.67296404495525,42.51609938877703
                  -90.67286588346806,42.51593901502609
               </coordinates>
            </LineString>
         </Placemark>
         <Placemark>
            <name> </name>
            <Point>
               <coordinates> -90.67296404495525,42.51609938877703 </coordinates>
            </Point>
         </Placemark>
         <Placemark>
            <name> </name>
            <Point>
               <coordinates> -90.67286588346806,42.51593901502609 </coordinates>
            </Point>
         </Placemark>
      </Folder>
      <Folder id="CENTRAL_AND_FULTON-SSE--814454689">
         <name> CENTRAL_AND_FULTON-SSE--814454689 </name>
         <Placemark>
            <name> trajectory </name>
            <LineString>
               <coordinates>
                  -90.67466352405587,42.51859428310846
                  -90.6738080105499,42.517477254787494
               </coordinates>
            </LineString>
         </Placemark>
         <Placemark>
            <name> </name>
            <Point>
               <coordinates> -90.67466352405587,42.51859428310846 </coordinates>
            </Point>
         </Placemark>
         <Placemark>
            <name> </name>
            <Point>
               <coordinates> -90.6738080105499,42.517477254787494 </coordinates>
            </Point>
         </Placemark>
      </Folder>
      <Folder id="CENTRAL_AND_FULTON-SSE-549582185">
         <name> CENTRAL_AND_FULTON-SSE-549582185 </name>
         <Placemark>
            <name> trajectory </name>
            <LineString>
               <coordinates>
                  -90.67286577411913,42.51593883807837
                  -90.67216970301757,42.51482311360904
               </coordinates>
            </LineString>
         </Placemark>
         <Placemark>
            <name> </name>
            <Point>
               <coordinates> -90.67286577411913,42.51593883807837 </coordinates>
            </Point>
         </Placemark>
         <Placemark>
            <name> </name>
            <Point>
               <coordinates> -90.67216970301757,42.51482311360904 </coordinates>
            </Point>
         </Placemark>
      </Folder>
      <Folder id="CENTRAL_AND_FULTON-WSW-1085856543">
         <name> CENTRAL_AND_FULTON-WSW-1085856543 </name>
         <Placemark>
            <name> trajectory </name>
            <LineString>
               <coordinates>
                  -90.67308060595352,42.51777709421684
                  -90.67379250887669,42.51751464750944
               </coordinates>
            </LineString>
         </Placemark>
         <Placemark>
            <name> </name>
            <Point>
               <coordinates> -90.67308060595352,42.51777709421684 </coordinates>
            </Point>
         </Placemark>
         <Placemark>
            <name> </name>
            <Point>
               <coordinates> -90.67379250887669,42.51751464750944 </coordinates>
            </Point>
         </Placemark>
      </Folder>
      <Folder id="HWY_151_AND_5TH_ST-NNE--111946417">
         <name> HWY_151_AND_5TH_ST-NNE--111946417 </name>
         <Placemark>
            <name> trajectory </name>
            <LineString>
               <coordinates>
                  -90.66147988278001,42.50145593661344
                  -90.66129250067381,42.50194823373739
               </coordinates>
            </LineString>
         </Placemark>
         <Placemark>
            <name> </name>
            <Point>
               <coordinates> -90.66147988278001,42.50145593661344 </coordinates>
            </Point>
         </Placemark>
         <Placemark>
            <name> </name>
            <Point>
               <coordinates> -90.66129250067381,42.50194823373739 </coordinates>
            </Point>
         </Placemark>
      </Folder>
      <Folder id="HWY_151_AND_5TH_ST-NNE--623796077">
         <name> HWY_151_AND_5TH_ST-NNE--623796077 </name>
         <Placemark>
            <name> trajectory </name>
            <LineString>
               <coordinates>
                  -90.66129250067381,42.50194823373739
                  -90.66103508310843,42.50277878722799
               </coordinates>
            </LineString>
         </Placemark>
         <Placemark>
            <name> </name>
            <Point>
               <coordinates> -90.66129250067381,42.50194823373739 </coordinates>
            </Point>
         </Placemark>
         <Placemark>
            <name> </name>
            <Point>
               <coordinates> -90.66103508310843,42.50277878722799 </coordinates>
            </Point>
         </Placemark>
      </Folder>
      <Folder id="HWY_151_AND_5TH_ST-NNE-1345620957">
         <name> HWY_151_AND_5TH_ST-NNE-1345620957 </name>
         <Placemark>
            <name> trajectory </name>
            <LineString>
               <coordinates>
                  -90.6628343983628,42.498226854910556
                  -90.66274499139365,42.49852506440561
                  -90.66241381307871,42.499287072553194
                  -90.6618574409602,42.50043259934558
               </coordinates>
            </LineString>
         </Placemark>
         <Placemark>
            <name> </name>
            <Point>
               <coordinates> -90.6628343983628,42.498226854910556 </coordinates>
            </Point>
         </Placemark>
         <Placemark>
            <name> </name>
            <Point>
               <coordinates> -90.6618574409602,42.50043259934558 </coordinates>
            </Point>
         </Placemark>
      </Folder>
      <Folder id="HWY_151_AND_5TH_ST-NNE-1693230655">
         <name> HWY_151_AND_5TH_ST-NNE-1693230655 </name>
         <Placemark>
            <name> trajectory </name>
            <LineString>
               <coordinates>
                  -90.6618574409602,42.50043259934558
                  -90.66162498284038,42.501078192168734
                  -90.66147988278001,42.50145593661344
               </coordinates>
            </LineString>
         </Placemark>
         <Placemark>
            <name> </name>
            <Point>
               <coordinates> -90.6618574409602,42.50043259934558 </coordinates>
            </Point>
         </Placemark>
         <Placemark>
            <name> </name>
            <Point>
               <coordinates> -90.66147988278001,42.50145593661344 </coordinates>
            </Point>
         </Placemark>
      </Folder>
      <Folder id="HWY_151_AND_5TH_ST-SSW--128744965">
         <name> HWY_151_AND_5TH_ST-SSW--128744965 </name>
         <Placemark>
            <name> trajectory </name>
            <LineString>
               <coordinates>
                  -90.66138917195921,42.502003554299556
                  -90.66160188604002,42.501448113503635
               </coordinates>
            </LineString>
         </Placemark>
         <Placemark>
            <name> </name>
            <Point>
               <coordinates> -90.66138917195921,42.502003554299556 </coordinates>
            </Point>
         </Placemark>
         <Placemark>
            <name> </name>
            <Point>
               <coordinates> -90.66160188604002,42.501448113503635 </coordinates>
            </Point>
         </Placemark>
      </Folder>
      <Folder id="HWY_151_AND_5TH_ST-SSW--1472901986">
         <name> HWY_151_AND_5TH_ST-SSW--1472901986 </name>
         <Placemark>
            <name> trajectory </name>
            <LineString>
               <coordinates>
                  -90.66160188604002,42.501448113503635
                  -90.66185576457953,42.500858772565245
               </coordinates>
            </LineString>
         </Placemark>
         <Placemark>
            <name> </name>
            <Point>
               <coordinates> -90.66160188604002,42.501448113503635 </coordinates>
            </Point>
         </Placemark>
         <Placemark>
            <name> </name>
            <Point>
               <coordinates> -90.66185576457953,42.500858772565245 </coordinates>
            </Point>
         </Placemark>
      </Folder>
      <Folder id="HWY_151_AND_5TH_ST-SSW-2051880468">
         <name> HWY_151_AND_5TH_ST-SSW-2051880468 </name>
         <Placemark>
            <name> trajectory </name>
            <LineString>
               <coordinates>
                  -90.66203271587266,42.5004532747072
                  -90.6626088320302,42.499215546977865
                  -90.66282862416271,42.49869978052452
                  -90.66294056913868,42.49837437640967
                  -90.66300036004931,42.498179543722706
               </coordinates>
            </LineString>
         </Placemark>
         <Placemark>
            <name> </name>
            <Point>
               <coordinates> -90.66203271587266,42.5004532747072 </coordinates>
            </Point>
         </Placemark>
         <Placemark>
            <name> </name>
            <Point>
               <coordinates> -90.66300036004931,42.498179543722706 </coordinates>
            </Point>
         </Placemark>
      </Folder>
      <Folder id="HWY_151_AND_5TH_ST-SSW-2139872901">
         <name> HWY_151_AND_5TH_ST-SSW-2139872901 </name>
         <Placemark>
            <name> trajectory </name>
            <LineString>
               <coordinates>
                  -90.66115298854902,42.50282628468036
                  -90.66138917195921,42.502003554299556
               </coordinates>
            </LineString>
         </Placemark>
         <Placemark>
            <name> </name>
            <Point>
               <coordinates> -90.66115298854902,42.50282628468036 </coordinates>
            </Point>
         </Placemark>
         <Placemark>
            <name> </name>
            <Point>
               <coordinates> -90.66138917195921,42.502003554299556 </coordinates>
            </Point>
         </Placemark>
      </Folder>
      <Folder id="HWY_151_AND_5TH_ST-SSW-511185750">
         <name> HWY_151_AND_5TH_ST-SSW-511185750 </name>
         <Placemark>
            <name> trajectory </name>
            <LineString>
               <coordinates>
                  -90.66185576457953,42.500858772565245
                  -90.66203271587266,42.5004532747072
               </coordinates>
            </LineString>
         </Placemark>
         <Placemark>
            <name> </name>
            <Point>
               <coordinates> -90.66185576457953,42.500858772565245 </coordinates>
            </Point>
         </Placemark>
         <Placemark>
            <name> </name>
            <Point>
               <coordinates> -90.66203271587266,42.5004532747072 </coordinates>
            </Point>
         </Placemark>
      </Folder>
      <Folder id="HWY_151_AND_CONNECTOR-ENE--1432828427">
         <name> HWY_151_AND_CONNECTOR-ENE--1432828427 </name>
         <Placemark>
            <name> trajectory </name>
            <LineString>
               <coordinates>
                  -90.66324157260154,42.494238372763355
                  -90.66290201238324,42.494365405165375
                  -90.66280832133013,42.494399491572366
               </coordinates>
            </LineString>
         </Placemark>
         <Placemark>
            <name> </name>
            <Point>
               <coordinates> -90.66324157260154,42.494238372763355 </coordinates>
            </Point>
         </Placemark>
         <Placemark>
            <name> </name>
            <Point>
               <coordinates> -90.66280832133013,42.494399491572366 </coordinates>
            </Point>
         </Placemark>
      </Folder>
      <Folder id="HWY_151_AND_CONNECTOR-ENE--1507117503">
         <name> HWY_151_AND_CONNECTOR-ENE--1507117503 </name>
         <Placemark>
            <name> trajectory </name>
            <LineString>
               <coordinates>
                  -90.66400898242017,42.493956182016944
                  -90.66324157260154,42.494238372763355
               </coordinates>
            </LineString>
         </Placemark>
         <Placemark>
            <name> </name>
            <Point>
               <coordinates> -90.66400898242017,42.493956182016944 </coordinates>
            </Point>
         </Placemark>
         <Placemark>
            <name> </name>
            <Point>
               <coordinates> -90.66324157260154,42.494238372763355 </coordinates>
            </Point>
         </Placemark>
      </Folder>
      <Folder id="HWY_151_AND_CONNECTOR-ENE--535706867">
         <name> HWY_151_AND_CONNECTOR-ENE--535706867 </name>
         <Placemark>
            <name> trajectory </name>
            <LineString>
               <coordinates>
                  -90.66472405190895,42.49375967294931
                  -90.66455697263532,42.49376768232363
                  -90.66400898242017,42.493956182016944
               </coordinates>
            </LineString>
         </Placemark>
         <Placemark>
            <name> </name>
            <Point>
               <coordinates> -90.66472405190895,42.49375967294931 </coordinates>
            </Point>
         </Placemark>
         <Placemark>
            <name> </name>
            <Point>
               <coordinates> -90.66400898242017,42.493956182016944 </coordinates>
            </Point>
         </Placemark>
      </Folder>
      <Folder id="HWY_151_AND_CONNECTOR-ENE-261577544">
         <name> HWY_151_AND_CONNECTOR-ENE-261577544 </name>
         <Placemark>
            <name> trajectory </name>
            <LineString>
               <coordinates>
                  -90.66280832133013,42.494399491572366
                  -90.66264999648891,42.494465242947605
               </coordinates>
            </LineString>
         </Placemark>
         <Placemark>
            <name> </name>
            <Point>
               <coordinates> -90.66280832133013,42.494399491572366 </coordinates>
            </Point>
         </Placemark>
         <Placemark>
            <name> </name>
            <Point>
               <coordinates> -90.66264999648891,42.494465242947605 </coordinates>
            </Point>
         </Placemark>
      </Folder>
      <Folder id="HWY_151_AND_CONNECTOR-SSE--1001615773">
         <name> HWY_151_AND_CONNECTOR-SSE--1001615773 </name>
         <Placemark>
            <name> trajectory </name>
            <LineString>
               <coordinates>
                  -90.66319239876849,42.495393957839774
                  -90.6631134226124,42.495144735913236
                  -90.66299756608153,42.49478748056563
               </coordinates>
            </LineString>
         </Placemark>
         <Placemark>
            <name> </name>
            <Point>
               <coordinates> -90.66319239876849,42.495393957839774 </coordinates>
            </Point>
         </Placemark>
         <Placemark>
            <name> </name>
            <Point>
               <coordinates> -90.66299756608153,42.49478748056563 </coordinates>
            </Point>
         </Placemark>
      </Folder>
      <Folder id="HWY_151_AND_CONNECTOR-SSW-1102321909">
         <name> HWY_151_AND_CONNECTOR-SSW-1102321909 </name>
         <Placemark>
            <name> trajectory </name>
            <LineString>
               <coordinates>
                  -90.66299756608153,42.49478748056563
                  -90.6630109771269,42.49459991219491
                  -90.66311211876076,42.49447064461866
                  -90.66340734802353,42.49429574223524
               </coordinates>
            </LineString>
         </Placemark>
         <Placemark>
            <name> </name>
            <Point>
               <coordinates> -90.66299756608153,42.49478748056563 </coordinates>
            </Point>
         </Placemark>
         <Placemark>
            <name> </name>
            <Point>
               <coordinates> -90.66340734802353,42.49429574223524 </coordinates>
            </Point>
         </Placemark>
      </Folder>
      <Folder id="HWY_151_AND_CONNECTOR-WSW--1236849273">
         <name> HWY_151_AND_CONNECTOR-WSW--1236849273 </name>
         <Placemark>
            <name> trajectory </name>
            <LineString>
               <coordinates>
                  -90.6628537698728,42.49448070290269
                  -90.66340734802353,42.49429574223524
               </coordinates>
            </LineString>
         </Placemark>
         <Placemark>
            <name> </name>
            <Point>
               <coordinates> -90.6628537698728,42.49448070290269 </coordinates>
            </Point>
         </Placemark>
         <Placemark>
            <name> </name>
            <Point>
               <coordinates> -90.66340734802353,42.49429574223524 </coordinates>
            </Point>
         </Placemark>
      </Folder>
      <Folder id="HWY_151_AND_CONNECTOR-WSW--877372438">
         <name> HWY_151_AND_CONNECTOR-WSW--877372438 </name>
         <Placemark>
            <name> trajectory </name>
            <LineString>
               <coordinates>
                  -90.6626781224313,42.49451795580651
                  -90.6628537698728,42.49448070290269
               </coordinates>
            </LineString>
         </Placemark>
         <Placemark>
            <name> </name>
            <Point>
               <coordinates> -90.6626781224313,42.49451795580651 </coordinates>
            </Point>
         </Placemark>
         <Placemark>
            <name> </name>
            <Point>
               <coordinates> -90.6628537698728,42.49448070290269 </coordinates>
            </Point>
         </Placemark>
      </Folder>
      <Folder id="HWY_151_AND_CONNECTOR-WSW-1256271026">
         <name> HWY_151_AND_CONNECTOR-WSW-1256271026 </name>
         <Placemark>
            <name> trajectory </name>
            <LineString>
               <coordinates>
                  -90.6637575253194,42.49416032792986
                  -90.66429080063754,42.49395133913945
                  -90.66472405190895,42.49375967294931
               </coordinates>
            </LineString>
         </Placemark>
         <Placemark>
            <name> </name>
            <Point>
               <coordinates> -90.6637575253194,42.49416032792986 </coordinates>
            </Point>
         </Placemark>
         <Placemark>
            <name> </name>
            <Point>
               <coordinates> -90.66472405190895,42.49375967294931 </coordinates>
            </Point>
         </Placemark>
      </Folder>
      <Folder id="HWY_151_AND_CONNECTOR-WSW-1674492689">
         <name> HWY_151_AND_CONNECTOR-WSW-1674492689 </name>
         <Placemark>
            <name> trajectory </name>
            <LineString>
               <coordinates>
                  -90.66340734802353,42.49429574223524
                  -90.6637575253194,42.49416032792986
               </coordinates>
            </LineString>
         </Placemark>
         <Placemark>
            <name> </name>
            <Point>
               <coordinates> -90.66340734802353,42.49429574223524 </coordinates>
            </Point>
         </Placemark>
         <Placemark>
            <name> </name>
            <Point>
               <coordinates> -90.6637575253194,42.49416032792986 </coordinates>
            </Point>
         </Placemark>
      </Folder>
      <Folder id="HWY_151_AND_JONES-NE--1280053293">
         <name> HWY_151_AND_JONES-NE--1280053293 </name>
         <Placemark>
            <name> trajectory </name>
            <LineString>
               <coordinates>
                  -90.66672732681171,42.48190151487071
                  -90.66620969771317,42.482344638161614
                  -90.66407715523415,42.48409794607977
               </coordinates>
            </LineString>
         </Placemark>
         <Placemark>
            <name> </name>
            <Point>
               <coordinates> -90.66672732681171,42.48190151487071 </coordinates>
            </Point>
         </Placemark>
         <Placemark>
            <name> </name>
            <Point>
               <coordinates> -90.66407715523415,42.48409794607977 </coordinates>
            </Point>
         </Placemark>
      </Folder>
      <Folder id="HWY_151_AND_JONES-NNE--965171129">
         <name> HWY_151_AND_JONES-NNE--965171129 </name>
         <Placemark>
            <name> trajectory </name>
            <LineString>
               <coordinates>
                  -90.66407715523415,42.48409794607977
                  -90.66281111529793,42.485165986832214
                  -90.66160412121424,42.486218381365056
                  -90.66077915565921,42.48697163508024
                  -90.66051298366143,42.48724376754262
                  -90.66031088665822,42.48756078975411
                  -90.66014995411373,42.48788898783674
                  -90.6600480674218,42.488197441880345
                  -90.65996760114955,42.48856158901516
                  -90.65994152411687,42.488887365659046
                  -90.65998455122079,42.48923158249031
               </coordinates>
            </LineString>
         </Placemark>
         <Placemark>
            <name> </name>
            <Point>
               <coordinates> -90.66407715523415,42.48409794607977 </coordinates>
            </Point>
         </Placemark>
         <Placemark>
            <name> </name>
            <Point>
               <coordinates> -90.65998455122079,42.48923158249031 </coordinates>
            </Point>
         </Placemark>
      </Folder>
      <Folder id="HWY_151_AND_JONES-NNE-738590240">
         <name> HWY_151_AND_JONES-NNE-738590240 </name>
         <Placemark>
            <name> trajectory </name>
            <LineString>
               <coordinates>
                  -90.66768211873655,42.4808260235375
                  -90.6675586253604,42.481016013346974
                  -90.66724216194247,42.48142747166963
                  -90.66672732681171,42.48190151487071
               </coordinates>
            </LineString>
         </Placemark>
         <Placemark>
            <name> </name>
            <Point>
               <coordinates> -90.66768211873655,42.4808260235375 </coordinates>
            </Point>
         </Placemark>
         <Placemark>
            <name> </name>
            <Point>
               <coordinates> -90.66672732681171,42.48190151487071 </coordinates>
            </Point>
         </Placemark>
      </Folder>
      <Folder id="HWY_151_AND_JONES-NNW-354587199">
         <name> HWY_151_AND_JONES-NNW-354587199 </name>
         <Placemark>
            <name> trajectory </name>
            <LineString>
               <coordinates>
                  -90.66179243464303,42.492881994535374
                  -90.66210684915126,42.49338211476912
                  -90.66258089235234,42.49433988692626
                  -90.66264999648891,42.494465242947605
               </coordinates>
            </LineString>
         </Placemark>
         <Placemark>
            <name> </name>
            <Point>
               <coordinates> -90.66179243464303,42.492881994535374 </coordinates>
            </Point>
         </Placemark>
         <Placemark>
            <name> </name>
            <Point>
               <coordinates> -90.66264999648891,42.494465242947605 </coordinates>
            </Point>
         </Placemark>
      </Folder>
      <Folder id="HWY_151_AND_JONES-NNW-438423725">
         <name> HWY_151_AND_JONES-NNW-438423725 </name>
         <Placemark>
            <name> trajectory </name>
            <LineString>
               <coordinates>
                  -90.65998455122079,42.48923158249031
                  -90.66001137331153,42.489342223614656
                  -90.66029021129661,42.49005449913564
                  -90.66161473829183,42.49254615960746
                  -90.66179243464303,42.492881994535374
               </coordinates>
            </LineString>
         </Placemark>
         <Placemark>
            <name> </name>
            <Point>
               <coordinates> -90.65998455122079,42.48923158249031 </coordinates>
            </Point>
         </Placemark>
         <Placemark>
            <name> </name>
            <Point>
               <coordinates> -90.66179243464303,42.492881994535374 </coordinates>
            </Point>
         </Placemark>
      </Folder>
      <Folder id="HWY_151_AND_JONES-SSE--1050333325">
         <name> HWY_151_AND_JONES-SSE--1050333325 </name>
         <Placemark>
            <name> trajectory </name>
            <LineString>
               <coordinates>
                  -90.66196193535541,42.49283561467012
                  -90.66166074562804,42.492300849235825
                  -90.6604589669509,42.49010479055579
                  -90.66029561296766,42.48972201696907
                  -90.66015218928797,42.489319499343324
               </coordinates>
            </LineString>
         </Placemark>
         <Placemark>
            <name> </name>
            <Point>
               <coordinates> -90.66196193535541,42.49283561467012 </coordinates>
            </Point>
         </Placemark>
         <Placemark>
            <name> </name>
            <Point>
               <coordinates> -90.66015218928797,42.489319499343324 </coordinates>
            </Point>
         </Placemark>
      </Folder>
      <Folder id="HWY_151_AND_JONES-SSE-1470678626">
         <name> HWY_151_AND_JONES-SSE-1470678626 </name>
         <Placemark>
            <name> trajectory </name>
            <LineString>
               <coordinates>
                  -90.66280832133013,42.494399491572366
                  -90.66196193535541,42.49283561467012
               </coordinates>
            </LineString>
         </Placemark>
         <Placemark>
            <name> </name>
            <Point>
               <coordinates> -90.66280832133013,42.494399491572366 </coordinates>
            </Point>
         </Placemark>
         <Placemark>
            <name> </name>
            <Point>
               <coordinates> -90.66196193535541,42.49283561467012 </coordinates>
            </Point>
         </Placemark>
      </Folder>
      <Folder id="HWY_151_AND_JONES-SSW--484528452">
         <name> HWY_151_AND_JONES-SSW--484528452 </name>
         <Placemark>
            <name> trajectory </name>
            <LineString>
               <coordinates>
                  -90.66015218928797,42.489319499343324
                  -90.66010804459694,42.489074188971685
                  -90.66010245666136,42.488843966026096
                  -90.66012834742952,42.48850217063357
                  -90.66018757954659,42.48821346062899
                  -90.66027959421902,42.48791823136624
                  -90.66044499711197,42.487576435973715
                  -90.66064560399903,42.48727953033029
                  -90.66091196226132,42.48699994728714
                  -90.66190996755458,42.48609563304698
                  -90.6642006486103,42.48416909912606
               </coordinates>
            </LineString>
         </Placemark>
         <Placemark>
            <name> </name>
            <Point>
               <coordinates> -90.66015218928797,42.489319499343324 </coordinates>
            </Point>
         </Placemark>
         <Placemark>
            <name> </name>
            <Point>
               <coordinates> -90.6642006486103,42.48416909912606 </coordinates>
            </Point>
         </Placemark>
      </Folder>
      <Folder id="HWY_151_AND_JONES-SW--1949612606">
         <name> HWY_151_AND_JONES-SW--1949612606 </name>
         <Placemark>
            <name> trajectory </name>
            <LineString>
               <coordinates>
                  -90.6642006486103,42.48416909912606
                  -90.665300354331,42.48325528539543
                  -90.66621211915192,42.48251935428052
               </coordinates>
            </LineString>
         </Placemark>
         <Placemark>
            <name> </name>
            <Point>
               <coordinates> -90.6642006486103,42.48416909912606 </coordinates>
            </Point>
         </Placemark>
         <Placemark>
            <name> </name>
            <Point>
               <coordinates> -90.66621211915192,42.48251935428052 </coordinates>
            </Point>
         </Placemark>
      </Folder>
      <Folder id="HWY_151_AND_JONES-SW--753144570">
         <name> HWY_151_AND_JONES-SW--753144570 </name>
         <Placemark>
            <name> trajectory </name>
            <LineString>
               <coordinates>
                  -90.66621211915192,42.48251935428052
                  -90.666442155833,42.48230496381905
                  -90.66725836695564,42.48157778713654
                  -90.66751578452102,42.481289077131954
                  -90.66770353915625,42.481043766760315
                  -90.6677625850088,42.48094877185558
               </coordinates>
            </LineString>
         </Placemark>
         <Placemark>
            <name> </name>
            <Point>
               <coordinates> -90.66621211915192,42.48251935428052 </coordinates>
            </Point>
         </Placemark>
         <Placemark>
            <name> </name>
            <Point>
               <coordinates> -90.6677625850088,42.48094877185558 </coordinates>
            </Point>
         </Placemark>
      </Folder>
      <Folder id="HWY_151_AND_LOCUST_CONN-N--137465515">
         <name> HWY_151_AND_LOCUST_CONN-N--137465515 </name>
         <Placemark>
            <name> trajectory </name>
            <LineString>
               <coordinates>
                  -90.66254326691947,42.49841069799089
                  -90.66252948334507,42.49853195619282
                  -90.66253991415813,42.49872175973777
                  -90.66277032336825,42.49929303301781
               </coordinates>
            </LineString>
         </Placemark>
         <Placemark>
            <name> </name>
            <Point>
               <coordinates> -90.66254326691947,42.49841069799089 </coordinates>
            </Point>
         </Placemark>
         <Placemark>
            <name> </name>
            <Point>
               <coordinates> -90.66277032336825,42.49929303301781 </coordinates>
            </Point>
         </Placemark>
      </Folder>
      <Folder id="HWY_151_AND_LOCUST_CONN-N--747868448">
         <name> HWY_151_AND_LOCUST_CONN-N--747868448 </name>
         <Placemark>
            <name> trajectory </name>
            <LineString>
               <coordinates>
                  -90.66292324653841,42.49506073061512
                  -90.66297912589414,42.49536937092325
                  -90.66301805517863,42.49555805688109
                  -90.66305959216639,42.49601868903679
                  -90.66303686789506,42.49618912107175
                  -90.66275225570989,42.49754549929974
                  -90.66259374460415,42.498176004696845
                  -90.66254326691947,42.49841069799089
               </coordinates>
            </LineString>
         </Placemark>
         <Placemark>
            <name> </name>
            <Point>
               <coordinates> -90.66292324653841,42.49506073061512 </coordinates>
            </Point>
         </Placemark>
         <Placemark>
            <name> </name>
            <Point>
               <coordinates> -90.66254326691947,42.49841069799089 </coordinates>
            </Point>
         </Placemark>
      </Folder>
      <Folder id="HWY_151_AND_LOCUST_CONN-N-1794420803">
         <name> HWY_151_AND_LOCUST_CONN-N-1794420803 </name>
         <Placemark>
            <name> trajectory </name>
            <LineString>
               <coordinates>
                  -90.66292324653841,42.49506073061512
                  -90.66302215299805,42.49535744999403
                  -90.663138754587,42.49586874609892
                  -90.663138754587,42.496102135541335
                  -90.6629172860738,42.497821729581545
                  -90.6628343983628,42.498226854910556
               </coordinates>
            </LineString>
         </Placemark>
         <Placemark>
            <name> </name>
            <Point>
               <coordinates> -90.66292324653841,42.49506073061512 </coordinates>
            </Point>
         </Placemark>
         <Placemark>
            <name> </name>
            <Point>
               <coordinates> -90.6628343983628,42.498226854910556 </coordinates>
            </Point>
         </Placemark>
      </Folder>
      <Folder id="HWY_151_AND_LOCUST_CONN-NNE-1345620957">
         <name> HWY_151_AND_LOCUST_CONN-NNE-1345620957 </name>
         <Placemark>
            <name> trajectory </name>
            <LineString>
               <coordinates>
                  -90.6628343983628,42.498226854910556
                  -90.66274499139365,42.49852506440561
                  -90.66241381307871,42.499287072553194
                  -90.6618574409602,42.50043259934558
               </coordinates>
            </LineString>
         </Placemark>
         <Placemark>
            <name> </name>
            <Point>
               <coordinates> -90.6628343983628,42.498226854910556 </coordinates>
            </Point>
         </Placemark>
         <Placemark>
            <name> </name>
            <Point>
               <coordinates> -90.6618574409602,42.50043259934558 </coordinates>
            </Point>
         </Placemark>
      </Folder>
      <Folder id="HWY_151_AND_LOCUST_CONN-NNW--423074485">
         <name> HWY_151_AND_LOCUST_CONN-NNW--423074485 </name>
         <Placemark>
            <name> trajectory </name>
            <LineString>
               <coordinates>
                  -90.6626781224313,42.49451795580651
                  -90.66292324653841,42.49506073061512
               </coordinates>
            </LineString>
         </Placemark>
         <Placemark>
            <name> </name>
            <Point>
               <coordinates> -90.6626781224313,42.49451795580651 </coordinates>
            </Point>
         </Placemark>
         <Placemark>
            <name> </name>
            <Point>
               <coordinates> -90.66292324653841,42.49506073061512 </coordinates>
            </Point>
         </Placemark>
      </Folder>
      <Folder id="HWY_151_AND_LOCUST_CONN-NNW-1145943092">
         <name> HWY_151_AND_LOCUST_CONN-NNW-1145943092 </name>
         <Placemark>
            <name> trajectory </name>
            <LineString>
               <coordinates>
                  -90.66264999648891,42.494465242947605
                  -90.6626781224313,42.49451795580651
               </coordinates>
            </LineString>
         </Placemark>
         <Placemark>
            <name> </name>
            <Point>
               <coordinates> -90.66264999648891,42.494465242947605 </coordinates>
            </Point>
         </Placemark>
         <Placemark>
            <name> </name>
            <Point>
               <coordinates> -90.6626781224313,42.49451795580651 </coordinates>
            </Point>
         </Placemark>
      </Folder>
      <Folder id="HWY_151_AND_LOCUST_CONN-NNW-354587199">
         <name> HWY_151_AND_LOCUST_CONN-NNW-354587199 </name>
         <Placemark>
            <name> trajectory </name>
            <LineString>
               <coordinates>
                  -90.66179243464303,42.492881994535374
                  -90.66210684915126,42.49338211476912
                  -90.66258089235234,42.49433988692626
                  -90.66264999648891,42.494465242947605
               </coordinates>
            </LineString>
         </Placemark>
         <Placemark>
            <name> </name>
            <Point>
               <coordinates> -90.66179243464303,42.492881994535374 </coordinates>
            </Point>
         </Placemark>
         <Placemark>
            <name> </name>
            <Point>
               <coordinates> -90.66264999648891,42.494465242947605 </coordinates>
            </Point>
         </Placemark>
      </Folder>
      <Folder id="HWY_151_AND_LOCUST_CONN-S--1133988830">
         <name> HWY_151_AND_LOCUST_CONN-S--1133988830 </name>
         <Placemark>
            <name> trajectory </name>
            <LineString>
               <coordinates>
                  -90.66330378495091,42.497993092939105
                  -90.66329428546044,42.49769600103116
                  -90.66333694003531,42.496014963746404
                  -90.66328478596996,42.495666462831196
                  -90.66319239876849,42.495393957839774
               </coordinates>
            </LineString>
         </Placemark>
         <Placemark>
            <name> </name>
            <Point>
               <coordinates> -90.66330378495091,42.497993092939105 </coordinates>
            </Point>
         </Placemark>
         <Placemark>
            <name> </name>
            <Point>
               <coordinates> -90.66319239876849,42.495393957839774 </coordinates>
            </Point>
         </Placemark>
      </Folder>
      <Folder id="HWY_151_AND_LOCUST_CONN-S--183438155">
         <name> HWY_151_AND_LOCUST_CONN-S--183438155 </name>
         <Placemark>
            <name> trajectory </name>
            <LineString>
               <coordinates>
                  -90.66300036004931,42.498179543722706
                  -90.66310317806385,42.49761013308786
                  -90.66319277129753,42.4969468451354
                  -90.66323784731115,42.496447283695204
                  -90.66326206169863,42.496086116792696
                  -90.66323523960789,42.49575400715516
                  -90.66319239876849,42.495393957839774
               </coordinates>
            </LineString>
         </Placemark>
         <Placemark>
            <name> </name>
            <Point>
               <coordinates> -90.66300036004931,42.498179543722706 </coordinates>
            </Point>
         </Placemark>
         <Placemark>
            <name> </name>
            <Point>
               <coordinates> -90.66319239876849,42.495393957839774 </coordinates>
            </Point>
         </Placemark>
      </Folder>
      <Folder id="HWY_151_AND_LOCUST_CONN-S-1123408249">
         <name> HWY_151_AND_LOCUST_CONN-S-1123408249 </name>
         <Placemark>
            <name> trajectory </name>
            <LineString>
               <coordinates>
                  -90.66332855813195,42.49818084757434
                  -90.66331235311878,42.49812142919276
                  -90.66330378495091,42.497993092939105
               </coordinates>
            </LineString>
         </Placemark>
         <Placemark>
            <name> </name>
            <Point>
               <coordinates> -90.66332855813195,42.49818084757434 </coordinates>
            </Point>
         </Placemark>
         <Placemark>
            <name> </name>
            <Point>
               <coordinates> -90.66330378495091,42.497993092939105 </coordinates>
            </Point>
         </Placemark>
      </Folder>
      <Folder id="HWY_151_AND_LOCUST_CONN-SSE--1001615773">
         <name> HWY_151_AND_LOCUST_CONN-SSE--1001615773 </name>
         <Placemark>
            <name> trajectory </name>
            <LineString>
               <coordinates>
                  -90.66319239876849,42.495393957839774
                  -90.6631134226124,42.495144735913236
                  -90.66299756608153,42.49478748056563
               </coordinates>
            </LineString>
         </Placemark>
         <Placemark>
            <name> </name>
            <Point>
               <coordinates> -90.66319239876849,42.495393957839774 </coordinates>
            </Point>
         </Placemark>
         <Placemark>
            <name> </name>
            <Point>
               <coordinates> -90.66299756608153,42.49478748056563 </coordinates>
            </Point>
         </Placemark>
      </Folder>
      <Folder id="HWY_151_AND_LOCUST_CONN-SSE-1234045297">
         <name> HWY_151_AND_LOCUST_CONN-SSE-1234045297 </name>
         <Placemark>
            <name> trajectory </name>
            <LineString>
               <coordinates>
                  -90.66299756608153,42.49478748056563
                  -90.66289679697671,42.49456414940724
                  -90.6628537698728,42.49448070290269
               </coordinates>
            </LineString>
         </Placemark>
         <Placemark>
            <name> </name>
            <Point>
               <coordinates> -90.66299756608153,42.49478748056563 </coordinates>
            </Point>
         </Placemark>
         <Placemark>
            <name> </name>
            <Point>
               <coordinates> -90.6628537698728,42.49448070290269 </coordinates>
            </Point>
         </Placemark>
      </Folder>
      <Folder id="HWY_151_AND_LOCUST_CONN-SSE-1470678626">
         <name> HWY_151_AND_LOCUST_CONN-SSE-1470678626 </name>
         <Placemark>
            <name> trajectory </name>
            <LineString>
               <coordinates>
                  -90.66280832133013,42.494399491572366
                  -90.66196193535541,42.49283561467012
               </coordinates>
            </LineString>
         </Placemark>
         <Placemark>
            <name> </name>
            <Point>
               <coordinates> -90.66280832133013,42.494399491572366 </coordinates>
            </Point>
         </Placemark>
         <Placemark>
            <name> </name>
            <Point>
               <coordinates> -90.66196193535541,42.49283561467012 </coordinates>
            </Point>
         </Placemark>
      </Folder>
      <Folder id="HWY_151_AND_LOCUST_CONN-SSE-537878542">
         <name> HWY_151_AND_LOCUST_CONN-SSE-537878542 </name>
         <Placemark>
            <name> trajectory </name>
            <LineString>
               <coordinates>
                  -90.663514450122,42.498548347470496
                  -90.66332855813195,42.49818084757434
               </coordinates>
            </LineString>
         </Placemark>
         <Placemark>
            <name> </name>
            <Point>
               <coordinates> -90.663514450122,42.498548347470496 </coordinates>
            </Point>
         </Placemark>
         <Placemark>
            <name> </name>
            <Point>
               <coordinates> -90.66332855813195,42.49818084757434 </coordinates>
            </Point>
         </Placemark>
      </Folder>
      <Folder id="HWY_151_AND_LOCUST_CONN-SSE-766071400">
         <name> HWY_151_AND_LOCUST_CONN-SSE-766071400 </name>
         <Placemark>
            <name> trajectory </name>
            <LineString>
               <coordinates>
                  -90.6628537698728,42.49448070290269
                  -90.66280832133013,42.494399491572366
               </coordinates>
            </LineString>
         </Placemark>
         <Placemark>
            <name> </name>
            <Point>
               <coordinates> -90.6628537698728,42.49448070290269 </coordinates>
            </Point>
         </Placemark>
         <Placemark>
            <name> </name>
            <Point>
               <coordinates> -90.66280832133013,42.494399491572366 </coordinates>
            </Point>
         </Placemark>
      </Folder>
      <Folder id="HWY_151_AND_LOCUST_CONN-SSW-2051880468">
         <name> HWY_151_AND_LOCUST_CONN-SSW-2051880468 </name>
         <Placemark>
            <name> trajectory </name>
            <LineString>
               <coordinates>
                  -90.66203271587266,42.5004532747072
                  -90.6626088320302,42.499215546977865
                  -90.66282862416271,42.49869978052452
                  -90.66294056913868,42.49837437640967
                  -90.66300036004931,42.498179543722706
               </coordinates>
            </LineString>
         </Placemark>
         <Placemark>
            <name> </name>
            <Point>
               <coordinates> -90.66203271587266,42.5004532747072 </coordinates>
            </Point>
         </Placemark>
         <Placemark>
            <name> </name>
            <Point>
               <coordinates> -90.66300036004931,42.498179543722706 </coordinates>
            </Point>
         </Placemark>
      </Folder>
      <Folder id="HWY_151_AND_WI_BRIDGE-E--1169336095">
         <name> HWY_151_AND_WI_BRIDGE-E--1169336095 </name>
         <Placemark>
            <name> trajectory </name>
            <LineString>
               <coordinates>
                  -90.64500273715711,42.51561539282535
                  -90.64185859207493,42.51557646354086
               </coordinates>
            </LineString>
         </Placemark>
         <Placemark>
            <name> </name>
            <Point>
               <coordinates> -90.64500273715711,42.51561539282535 </coordinates>
            </Point>
         </Placemark>
         <Placemark>
            <name> </name>
            <Point>
               <coordinates> -90.64185859207493,42.51557646354086 </coordinates>
            </Point>
         </Placemark>
      </Folder>
      <Folder id="HWY_151_AND_WI_BRIDGE-E-1063163859">
         <name> HWY_151_AND_WI_BRIDGE-E-1063163859 </name>
         <Placemark>
            <name> trajectory </name>
            <LineString>
               <coordinates>
                  -90.64818059611724,42.51556323876001
                  -90.64766557472197,42.5156265686965
                  -90.64711628065518,42.51565171440657
                  -90.64662696376354,42.515639048419274
                  -90.64500273715711,42.51561539282535
               </coordinates>
            </LineString>
         </Placemark>
         <Placemark>
            <name> </name>
            <Point>
               <coordinates> -90.64818059611724,42.51556323876001 </coordinates>
            </Point>
         </Placemark>
         <Placemark>
            <name> </name>
            <Point>
               <coordinates> -90.64500273715711,42.51561539282535 </coordinates>
            </Point>
         </Placemark>
      </Folder>
      <Folder id="HWY_151_AND_WI_BRIDGE-E-1945988755">
         <name> HWY_151_AND_WI_BRIDGE-E-1945988755 </name>
         <Placemark>
            <name> trajectory </name>
            <LineString>
               <coordinates>
                  -90.64185859207493,42.51557646354086
                  -90.63639042458811,42.515500653881595
               </coordinates>
            </LineString>
         </Placemark>
         <Placemark>
            <name> </name>
            <Point>
               <coordinates> -90.64185859207493,42.51557646354086 </coordinates>
            </Point>
         </Placemark>
         <Placemark>
            <name> </name>
            <Point>
               <coordinates> -90.63639042458811,42.515500653881595 </coordinates>
            </Point>
         </Placemark>
      </Folder>
      <Folder id="HWY_151_AND_WI_BRIDGE-ENE--832766268">
         <name> HWY_151_AND_WI_BRIDGE-ENE--832766268 </name>
         <Placemark>
            <name> trajectory </name>
            <LineString>
               <coordinates>
                  -90.65764767656432,42.511467654514334
                  -90.65724422761599,42.51189159255978
                  -90.65650606132685,42.5124608169301
                  -90.65607690787488,42.51272885157307
                  -90.65545031403266,42.51307046070107
                  -90.65474642041504,42.51339940384178
                  -90.65252353964426,42.51427261190726
                  -90.65012873672237,42.515164632689164
                  -90.64939075669774,42.51538591493784
                  -90.64818059611724,42.51556323876001
               </coordinates>
            </LineString>
         </Placemark>
         <Placemark>
            <name> </name>
            <Point>
               <coordinates> -90.65764767656432,42.511467654514334 </coordinates>
            </Point>
         </Placemark>
         <Placemark>
            <name> </name>
            <Point>
               <coordinates> -90.64818059611724,42.51556323876001 </coordinates>
            </Point>
         </Placemark>
      </Folder>
      <Folder id="HWY_151_AND_WI_BRIDGE-NNE-1109584132">
         <name> HWY_151_AND_WI_BRIDGE-NNE-1109584132 </name>
         <Placemark>
            <name> trajectory </name>
            <LineString>
               <coordinates>
                  -90.65914971364624,42.50866474603112
                  -90.65906384570295,42.50893687849351
                  -90.65880642813757,42.50967709369236
                  -90.65853168797192,42.51027816929545
                  -90.6581196708557,42.510910723602265
                  -90.65764767656432,42.511467654514334
               </coordinates>
            </LineString>
         </Placemark>
         <Placemark>
            <name> </name>
            <Point>
               <coordinates> -90.65914971364624,42.50866474603112 </coordinates>
            </Point>
         </Placemark>
         <Placemark>
            <name> </name>
            <Point>
               <coordinates> -90.65764767656432,42.511467654514334 </coordinates>
            </Point>
         </Placemark>
      </Folder>
      <Folder id="HWY_151_AND_WI_BRIDGE-SSW--929831000">
         <name> HWY_151_AND_WI_BRIDGE-SSW--929831000 </name>
         <Placemark>
            <name> trajectory </name>
            <LineString>
               <coordinates>
                  -90.65702108272212,42.51222686869413
                  -90.65758769938918,42.511733267718554
                  -90.6581196708557,42.511151377360925
                  -90.65850598346827,42.510594446448856
                  -90.65887515974511,42.5099302271738
                  -90.65919255448563,42.50901250188826
                  -90.65930412693257,42.5087152237158
               </coordinates>
            </LineString>
         </Placemark>
         <Placemark>
            <name> </name>
            <Point>
               <coordinates> -90.65702108272212,42.51222686869413 </coordinates>
            </Point>
         </Placemark>
         <Placemark>
            <name> </name>
            <Point>
               <coordinates> -90.65930412693257,42.5087152237158 </coordinates>
            </Point>
         </Placemark>
      </Folder>
      <Folder id="HWY_151_AND_WI_BRIDGE-SW-1992015715">
         <name> HWY_151_AND_WI_BRIDGE-SW-1992015715 </name>
         <Placemark>
            <name> trajectory </name>
            <LineString>
               <coordinates>
                  -90.65518283818325,42.51392634616627
                  -90.65643751598382,42.51284694327817
                  -90.65683239676429,42.512448337207324
                  -90.65702108272212,42.51222686869413
               </coordinates>
            </LineString>
         </Placemark>
         <Placemark>
            <name> </name>
            <Point>
               <coordinates> -90.65518283818325,42.51392634616627 </coordinates>
            </Point>
         </Placemark>
         <Placemark>
            <name> </name>
            <Point>
               <coordinates> -90.65702108272212,42.51222686869413 </coordinates>
            </Point>
         </Placemark>
      </Folder>
      <Folder id="HWY_151_AND_WI_BRIDGE-W--607589898">
         <name> HWY_151_AND_WI_BRIDGE-W--607589898 </name>
         <Placemark>
            <name> trajectory </name>
            <LineString>
               <coordinates>
                  -90.64206702207179,42.51568431069742
                  -90.64694063321369,42.51575136592429
                  -90.64753667967476,42.51571504434306
                  -90.64814613718121,42.51565804740022
               </coordinates>
            </LineString>
         </Placemark>
         <Placemark>
            <name> </name>
            <Point>
               <coordinates> -90.64206702207179,42.51568431069742 </coordinates>
            </Point>
         </Placemark>
         <Placemark>
            <name> </name>
            <Point>
               <coordinates> -90.64814613718121,42.51565804740022 </coordinates>
            </Point>
         </Placemark>
      </Folder>
      <Folder id="HWY_151_AND_WI_BRIDGE-W-675901669">
         <name> HWY_151_AND_WI_BRIDGE-W-675901669 </name>
         <Placemark>
            <name> trajectory </name>
            <LineString>
               <coordinates>
                  -90.63637049428456,42.515591737231425
                  -90.64185468052003,42.51568337937482
               </coordinates>
            </LineString>
         </Placemark>
         <Placemark>
            <name> </name>
            <Point>
               <coordinates> -90.63637049428456,42.515591737231425 </coordinates>
            </Point>
         </Placemark>
         <Placemark>
            <name> </name>
            <Point>
               <coordinates> -90.64185468052003,42.51568337937482 </coordinates>
            </Point>
         </Placemark>
      </Folder>
      <Folder id="HWY_151_AND_WI_BRIDGE-W-971503963">
         <name> HWY_151_AND_WI_BRIDGE-W-971503963 </name>
         <Placemark>
            <name> trajectory </name>
            <LineString>
               <coordinates>
                  -90.64185468052003,42.51568337937482
                  -90.64206702207179,42.51568431069742
               </coordinates>
            </LineString>
         </Placemark>
         <Placemark>
            <name> </name>
            <Point>
               <coordinates> -90.64185468052003,42.51568337937482 </coordinates>
            </Point>
         </Placemark>
         <Placemark>
            <name> </name>
            <Point>
               <coordinates> -90.64206702207179,42.51568431069742 </coordinates>
            </Point>
         </Placemark>
      </Folder>
      <Folder id="HWY_151_AND_WI_BRIDGE-WSW--2049506767">
         <name> HWY_151_AND_WI_BRIDGE-WSW--2049506767 </name>
         <Placemark>
            <name> trajectory </name>
            <LineString>
               <coordinates>
                  -90.64814613718121,42.51565804740022
                  -90.64937343409747,42.515468243855274
                  -90.64995718710028,42.51530377228492
                  -90.65152795578975,42.51474702763737
                  -90.65484085652622,42.51346906677192
                  -90.65566489075866,42.51308312668837
                  -90.65643360442893,42.51263236655218
                  -90.65702108272212,42.51222686869413
               </coordinates>
            </LineString>
         </Placemark>
         <Placemark>
            <name> </name>
            <Point>
               <coordinates> -90.64814613718121,42.51565804740022 </coordinates>
            </Point>
         </Placemark>
         <Placemark>
            <name> </name>
            <Point>
               <coordinates> -90.65702108272212,42.51222686869413 </coordinates>
            </Point>
         </Placemark>
      </Folder>
      <Folder id="HWY_20_AND_BRYANT-ENE--109444793">
         <name> HWY_20_AND_BRYANT-ENE--109444793 </name>
         <Placemark>
            <name> trajectory </name>
            <LineString>
               <coordinates>
                  -90.67631305775745,42.4897486527953
                  -90.6759485380936,42.48972723237561
                  -90.67553577591931,42.489735055485404
                  -90.67505819369238,42.48976672045365
                  -90.67453814315509,42.48986059777127
                  -90.67402926848894,42.489989679082996
                  -90.6725210846779,42.490457761819464
                  -90.66819714013182,42.49174466338183
               </coordinates>
            </LineString>
         </Placemark>
         <Placemark>
            <name> </name>
            <Point>
               <coordinates> -90.67631305775745,42.4897486527953 </coordinates>
            </Point>
         </Placemark>
         <Placemark>
            <name> </name>
            <Point>
               <coordinates> -90.66819714013182,42.49174466338183 </coordinates>
            </Point>
         </Placemark>
      </Folder>
      <Folder id="HWY_20_AND_BRYANT-ESE--1572312498">
         <name> HWY_20_AND_BRYANT-ESE--1572312498 </name>
         <Placemark>
            <name> trajectory </name>
            <LineString>
               <coordinates>
                  -90.6776465254496,42.48995242617918
                  -90.67737681442597,42.48989077262336
                  -90.67692568176074,42.48978776834431
                  -90.67631305775745,42.4897486527953
               </coordinates>
            </LineString>
         </Placemark>
         <Placemark>
            <name> </name>
            <Point>
               <coordinates> -90.6776465254496,42.48995242617918 </coordinates>
            </Point>
         </Placemark>
         <Placemark>
            <name> </name>
            <Point>
               <coordinates> -90.67631305775745,42.4897486527953 </coordinates>
            </Point>
         </Placemark>
      </Folder>
      <Folder id="HWY_20_AND_BRYANT-ESE--270786603">
         <name> HWY_20_AND_BRYANT-ESE--270786603 </name>
         <Placemark>
            <name> trajectory </name>
            <LineString>
               <coordinates>
                  -90.6816936809203,42.49126763994845
                  -90.68101958962573,42.49104728902237
                  -90.67896844474156,42.49038903021192
                  -90.67825188513663,42.49011298619463
                  -90.6776465254496,42.48995242617918
               </coordinates>
            </LineString>
         </Placemark>
         <Placemark>
            <name> </name>
            <Point>
               <coordinates> -90.6816936809203,42.49126763994845 </coordinates>
            </Point>
         </Placemark>
         <Placemark>
            <name> </name>
            <Point>
               <coordinates> -90.6776465254496,42.48995242617918 </coordinates>
            </Point>
         </Placemark>
      </Folder>
      <Folder id="HWY_20_AND_BRYANT-W-1998683779">
         <name> HWY_20_AND_BRYANT-W-1998683779 </name>
         <Placemark>
            <name> trajectory </name>
            <LineString>
               <coordinates>
                  -90.66825301948755,42.491827551092825
                  -90.67256709201412,42.490544374820836
                  -90.67409874515457,42.49010423176224
                  -90.67468305695094,42.48995522014697
                  -90.67507942784755,42.48990120343643
                  -90.67553577591931,42.48986171535839
                  -90.67586825808588,42.48984979442916
                  -90.67634584031282,42.489864509326175
                  -90.67712889635106,42.4899565239986
                  -90.67744517350447,42.49001203082529
                  -90.67777802820008,42.4900990163557
                  -90.67829621609218,42.49026926212615
                  -90.67926516412047,42.490604351995984
               </coordinates>
            </LineString>
         </Placemark>
         <Placemark>
            <name> </name>
            <Point>
               <coordinates> -90.66825301948755,42.491827551092825 </coordinates>
            </Point>
         </Placemark>
         <Placemark>
            <name> </name>
            <Point>
               <coordinates> -90.67926516412047,42.490604351995984 </coordinates>
            </Point>
         </Placemark>
      </Folder>
      <Folder id="HWY_20_AND_CENTURY-E-700087309">
         <name> HWY_20_AND_CENTURY-E-700087309 </name>
         <Placemark>
            <name> trajectory </name>
            <LineString>
               <coordinates>
                  -90.72371011354872,42.491827551092825
                  -90.72269553071325,42.491919379500736
                  -90.72160718712823,42.49195234832061
                  -90.72048326702006,42.49194191750754
               </coordinates>
            </LineString>
         </Placemark>
         <Placemark>
            <name> </name>
            <Point>
               <coordinates> -90.72371011354872,42.491827551092825 </coordinates>
            </Point>
         </Placemark>
         <Placemark>
            <name> </name>
            <Point>
               <coordinates> -90.72048326702006,42.49194191750754 </coordinates>
            </Point>
         </Placemark>
      </Folder>
      <Folder id="HWY_20_AND_CENTURY-ENE--2092430907">
         <name> HWY_20_AND_CENTURY-ENE--2092430907 </name>
         <Placemark>
            <name> trajectory </name>
            <LineString>
               <coordinates>
                  -90.72846637804359,42.49094931388533
                  -90.7271705357843,42.49118959511495
               </coordinates>
            </LineString>
         </Placemark>
         <Placemark>
            <name> </name>
            <Point>
               <coordinates> -90.72846637804359,42.49094931388533 </coordinates>
            </Point>
         </Placemark>
         <Placemark>
            <name> </name>
            <Point>
               <coordinates> -90.7271705357843,42.49118959511495 </coordinates>
            </Point>
         </Placemark>
      </Folder>
      <Folder id="HWY_20_AND_CENTURY-ENE--781349079">
         <name> HWY_20_AND_CENTURY-ENE--781349079 </name>
         <Placemark>
            <name> trajectory </name>
            <LineString>
               <coordinates>
                  -90.7271705357843,42.49118959511495
                  -90.7252849800576,42.49156063403697
               </coordinates>
            </LineString>
         </Placemark>
         <Placemark>
            <name> </name>
            <Point>
               <coordinates> -90.7271705357843,42.49118959511495 </coordinates>
            </Point>
         </Placemark>
         <Placemark>
            <name> </name>
            <Point>
               <coordinates> -90.7252849800576,42.49156063403697 </coordinates>
            </Point>
         </Placemark>
      </Folder>
      <Folder id="HWY_20_AND_CENTURY-ENE-1843659670">
         <name> HWY_20_AND_CENTURY-ENE-1843659670 </name>
         <Placemark>
            <name> trajectory </name>
            <LineString>
               <coordinates>
                  -90.7252849800576,42.49156063403697
                  -90.72371011354872,42.491827551092825
               </coordinates>
            </LineString>
         </Placemark>
         <Placemark>
            <name> </name>
            <Point>
               <coordinates> -90.7252849800576,42.49156063403697 </coordinates>
            </Point>
         </Placemark>
         <Placemark>
            <name> </name>
            <Point>
               <coordinates> -90.72371011354872,42.491827551092825 </coordinates>
            </Point>
         </Placemark>
      </Folder>
      <Folder id="HWY_20_AND_CENTURY-N--398370444">
         <name> HWY_20_AND_CENTURY-N--398370444 </name>
         <Placemark>
            <name> trajectory </name>
            <LineString>
               <coordinates>
                  -90.7236739817011,42.49183180166769
                  -90.72371831253827,42.49203669263869
               </coordinates>
            </LineString>
         </Placemark>
         <Placemark>
            <name> </name>
            <Point>
               <coordinates> -90.7236739817011,42.49183180166769 </coordinates>
            </Point>
         </Placemark>
         <Placemark>
            <name> </name>
            <Point>
               <coordinates> -90.72371831253827,42.49203669263869 </coordinates>
            </Point>
         </Placemark>
      </Folder>
      <Folder id="HWY_20_AND_CENTURY-N-61163987">
         <name> HWY_20_AND_CENTURY-N-61163987 </name>
         <Placemark>
            <name> trajectory </name>
            <LineString>
               <coordinates>
                  -90.72359665743573,42.491525713326894
                  -90.72367414329925,42.491832490989836
               </coordinates>
            </LineString>
         </Placemark>
         <Placemark>
            <name> </name>
            <Point>
               <coordinates> -90.72359665743573,42.491525713326894 </coordinates>
            </Point>
         </Placemark>
         <Placemark>
            <name> </name>
            <Point>
               <coordinates> -90.72367414329925,42.491832490989836 </coordinates>
            </Point>
         </Placemark>
      </Folder>
      <Folder id="HWY_20_AND_CENTURY-NNW-959329451">
         <name> HWY_20_AND_CENTURY-NNW-959329451 </name>
         <Placemark>
            <name> trajectory </name>
            <LineString>
               <coordinates>
                  -90.7237217291748,42.492044523611135
                  -90.72374966880493,42.49213579322548
                  -90.72385714336406,42.49226655091788
                  -90.72391302270995,42.49228536363431
                  -90.72398547960601,42.492288902660185
                  -90.72481677823586,42.49213374431578
                  -90.72530516382751,42.49209053094735
                  -90.72557096329507,42.49209276612159
                  -90.7257087990239,42.49212200965108
                  -90.72592132679156,42.492214955646105
                  -90.72601930189352,42.49228201087297
                  -90.72608933731216,42.49235949691292
                  -90.7261502457609,42.492453187966014
                  -90.72618973377621,42.4925731423163
                  -90.72620854641985,42.49271228191207
                  -90.72618693821744,42.49561446938394
                  -90.7262225146821,42.49572622809541
               </coordinates>
            </LineString>
         </Placemark>
         <Placemark>
            <name> </name>
            <Point>
               <coordinates> -90.7237217291748,42.492044523611135 </coordinates>
            </Point>
         </Placemark>
         <Placemark>
            <name> </name>
            <Point>
               <coordinates> -90.7262225146821,42.49572622809541 </coordinates>
            </Point>
         </Placemark>
      </Folder>
      <Folder id="HWY_20_AND_CENTURY-S-259169432">
         <name> HWY_20_AND_CENTURY-S-259169432 </name>
         <Placemark>
            <name> trajectory </name>
            <LineString>
               <coordinates>
                  -90.7237905764623,42.492028191463675
                  -90.72374624538841,42.491823300492676
               </coordinates>
            </LineString>
         </Placemark>
         <Placemark>
            <name> </name>
            <Point>
               <coordinates> -90.7237905764623,42.492028191463675 </coordinates>
            </Point>
         </Placemark>
         <Placemark>
            <name> </name>
            <Point>
               <coordinates> -90.72374624538841,42.491823300492676 </coordinates>
            </Point>
         </Placemark>
      </Folder>
      <Folder id="HWY_20_AND_CENTURY-S-346794476">
         <name> HWY_20_AND_CENTURY-S-346794476 </name>
         <Placemark>
            <name> trajectory </name>
            <LineString>
               <coordinates>
                  -90.7237460837864,42.49182261116034
                  -90.72366859757003,42.4915158334974
               </coordinates>
            </LineString>
         </Placemark>
         <Placemark>
            <name> </name>
            <Point>
               <coordinates> -90.7237460837864,42.49182261116034 </coordinates>
            </Point>
         </Placemark>
         <Placemark>
            <name> </name>
            <Point>
               <coordinates> -90.72366859757003,42.4915158334974 </coordinates>
            </Point>
         </Placemark>
      </Folder>
      <Folder id="HWY_20_AND_CENTURY-SSE-1603745896">
         <name> HWY_20_AND_CENTURY-SSE-1603745896 </name>
         <Placemark>
            <name> trajectory </name>
            <LineString>
               <coordinates>
                  -90.72628794869715,42.4957020642802
                  -90.72625237211555,42.49559030556875
                  -90.72627397728156,42.492688118096865
                  -90.72625516449236,42.49254897850111
                  -90.72621567635156,42.492429024150816
                  -90.7261547678048,42.49233533309772
                  -90.72608473230511,42.49225784705777
                  -90.725986757133,42.49219079183091
                  -90.72577422926811,42.49209784583588
                  -90.72563639350868,42.49206860230638
                  -90.72537059403878,42.49206636713215
                  -90.72488220849235,42.49210958050058
                  -90.72405091002481,42.49226473884499
                  -90.72397845312504,42.49226119981912
                  -90.72392257375947,42.49224238710269
                  -90.72381509906356,42.49211162941029
                  -90.72378715933795,42.492020359795944
               </coordinates>
            </LineString>
         </Placemark>
         <Placemark>
            <name> </name>
            <Point>
               <coordinates> -90.72628794869715,42.4957020642802 </coordinates>
            </Point>
         </Placemark>
         <Placemark>
            <name> </name>
            <Point>
               <coordinates> -90.72378715933795,42.492020359795944 </coordinates>
            </Point>
         </Placemark>
      </Folder>
      <Folder id="HWY_20_AND_CENTURY-W--983440438">
         <name> HWY_20_AND_CENTURY-W--983440438 </name>
         <Placemark>
            <name> trajectory </name>
            <LineString>
               <coordinates>
                  -90.72048475713622,42.49216878769179
                  -90.72260705506669,42.4921425243946
                  -90.72375444450425,42.49203244206382
               </coordinates>
            </LineString>
         </Placemark>
         <Placemark>
            <name> </name>
            <Point>
               <coordinates> -90.72048475713622,42.49216878769179 </coordinates>
            </Point>
         </Placemark>
         <Placemark>
            <name> </name>
            <Point>
               <coordinates> -90.72375444450425,42.49203244206382 </coordinates>
            </Point>
         </Placemark>
      </Folder>
      <Folder id="HWY_20_AND_CENTURY-WSW--818127640">
         <name> HWY_20_AND_CENTURY-WSW--818127640 </name>
         <Placemark>
            <name> trajectory </name>
            <LineString>
               <coordinates>
                  -90.7255759252364,42.49172268416858
                  -90.72735531018724,42.49134941007233
               </coordinates>
            </LineString>
         </Placemark>
         <Placemark>
            <name> </name>
            <Point>
               <coordinates> -90.7255759252364,42.49172268416858 </coordinates>
            </Point>
         </Placemark>
         <Placemark>
            <name> </name>
            <Point>
               <coordinates> -90.72735531018724,42.49134941007233 </coordinates>
            </Point>
         </Placemark>
      </Folder>
      <Folder id="HWY_20_AND_CENTURY-WSW-1717542816">
         <name> HWY_20_AND_CENTURY-WSW-1717542816 </name>
         <Placemark>
            <name> trajectory </name>
            <LineString>
               <coordinates>
                  -90.72375444450425,42.49203244206382
                  -90.72427728900934,42.49195458349484
                  -90.7255759252364,42.49172268416858
               </coordinates>
            </LineString>
         </Placemark>
         <Placemark>
            <name> </name>
            <Point>
               <coordinates> -90.72375444450425,42.49203244206382 </coordinates>
            </Point>
         </Placemark>
         <Placemark>
            <name> </name>
            <Point>
               <coordinates> -90.7255759252364,42.49172268416858 </coordinates>
            </Point>
         </Placemark>
      </Folder>
      <Folder id="HWY_20_AND_CRESCENT_RIDGE-ENE--2092430907">
         <name> HWY_20_AND_CRESCENT_RIDGE-ENE--2092430907 </name>
         <Placemark>
            <name> trajectory </name>
            <LineString>
               <coordinates>
                  -90.72846637804359,42.49094931388533
                  -90.7271705357843,42.49118959511495
               </coordinates>
            </LineString>
         </Placemark>
         <Placemark>
            <name> </name>
            <Point>
               <coordinates> -90.72846637804359,42.49094931388533 </coordinates>
            </Point>
         </Placemark>
         <Placemark>
            <name> </name>
            <Point>
               <coordinates> -90.7271705357843,42.49118959511495 </coordinates>
            </Point>
         </Placemark>
      </Folder>
      <Folder id="HWY_20_AND_CRESCENT_RIDGE-ENE-1316858622">
         <name> HWY_20_AND_CRESCENT_RIDGE-ENE-1316858622 </name>
         <Placemark>
            <name> trajectory </name>
            <LineString>
               <coordinates>
                  -90.7312135934356,42.49043969416111
                  -90.72846637804359,42.49094931388533
               </coordinates>
            </LineString>
         </Placemark>
         <Placemark>
            <name> </name>
            <Point>
               <coordinates> -90.7312135934356,42.49043969416111 </coordinates>
            </Point>
         </Placemark>
         <Placemark>
            <name> </name>
            <Point>
               <coordinates> -90.72846637804359,42.49094931388533 </coordinates>
            </Point>
         </Placemark>
      </Folder>
      <Folder id="HWY_20_AND_CRESCENT_RIDGE-ENE-1999390116">
         <name> HWY_20_AND_CRESCENT_RIDGE-ENE-1999390116 </name>
         <Placemark>
            <name> trajectory </name>
            <LineString>
               <coordinates>
                  -90.73898995084294,42.48846957434273
                  -90.73697196104315,42.48903078933874
                  -90.73429049702638,42.489786464492674
                  -90.73382967860616,42.48990939907527
                  -90.73318743854435,42.49005747936795
                  -90.73227567372342,42.490245420267705
               </coordinates>
            </LineString>
         </Placemark>
         <Placemark>
            <name> </name>
            <Point>
               <coordinates> -90.73898995084294,42.48846957434273 </coordinates>
            </Point>
         </Placemark>
         <Placemark>
            <name> </name>
            <Point>
               <coordinates> -90.73227567372342,42.490245420267705 </coordinates>
            </Point>
         </Placemark>
      </Folder>
      <Folder id="HWY_20_AND_CRESCENT_RIDGE-ENE-210502972">
         <name> HWY_20_AND_CRESCENT_RIDGE-ENE-210502972 </name>
         <Placemark>
            <name> trajectory </name>
            <LineString>
               <coordinates>
                  -90.73227567372342,42.490245420267705
                  -90.7312135934356,42.49043969416111
               </coordinates>
            </LineString>
         </Placemark>
         <Placemark>
            <name> </name>
            <Point>
               <coordinates> -90.73227567372342,42.490245420267705 </coordinates>
            </Point>
         </Placemark>
         <Placemark>
            <name> </name>
            <Point>
               <coordinates> -90.7312135934356,42.49043969416111 </coordinates>
            </Point>
         </Placemark>
      </Folder>
      <Folder id="HWY_20_AND_CRESCENT_RIDGE-WSW--1319161673">
         <name> HWY_20_AND_CRESCENT_RIDGE-WSW--1319161673 </name>
         <Placemark>
            <name> trajectory </name>
            <LineString>
               <coordinates>
                  -90.72853175688978,42.49110689366848
                  -90.7288061245264,42.49105026925468
                  -90.73145219828454,42.49055406057583
                  -90.73234906194394,42.49039014779903
               </coordinates>
            </LineString>
         </Placemark>
         <Placemark>
            <name> </name>
            <Point>
               <coordinates> -90.72853175688978,42.49110689366848 </coordinates>
            </Point>
         </Placemark>
         <Placemark>
            <name> </name>
            <Point>
               <coordinates> -90.73234906194394,42.49039014779903 </coordinates>
            </Point>
         </Placemark>
      </Folder>
      <Folder id="HWY_20_AND_CRESCENT_RIDGE-WSW--818127640">
         <name> HWY_20_AND_CRESCENT_RIDGE-WSW--818127640 </name>
         <Placemark>
            <name> trajectory </name>
            <LineString>
               <coordinates>
                  -90.7255759252364,42.49172268416858
                  -90.72735531018724,42.49134941007233
               </coordinates>
            </LineString>
         </Placemark>
         <Placemark>
            <name> </name>
            <Point>
               <coordinates> -90.7255759252364,42.49172268416858 </coordinates>
            </Point>
         </Placemark>
         <Placemark>
            <name> </name>
            <Point>
               <coordinates> -90.72735531018724,42.49134941007233 </coordinates>
            </Point>
         </Placemark>
      </Folder>
      <Folder id="HWY_20_AND_CRESCENT_RIDGE-WSW--84942073">
         <name> HWY_20_AND_CRESCENT_RIDGE-WSW--84942073 </name>
         <Placemark>
            <name> trajectory </name>
            <LineString>
               <coordinates>
                  -90.72735531018724,42.49134941007233
                  -90.72853175688978,42.49110689366848
               </coordinates>
            </LineString>
         </Placemark>
         <Placemark>
            <name> </name>
            <Point>
               <coordinates> -90.72735531018724,42.49134941007233 </coordinates>
            </Point>
         </Placemark>
         <Placemark>
            <name> </name>
            <Point>
               <coordinates> -90.72853175688978,42.49110689366848 </coordinates>
            </Point>
         </Placemark>
      </Folder>
      <Folder id="HWY_20_AND_CRESCENT_RIDGE-WSW-1414326429">
         <name> HWY_20_AND_CRESCENT_RIDGE-WSW-1414326429 </name>
         <Placemark>
            <name> trajectory </name>
            <LineString>
               <coordinates>
                  -90.73234906194394,42.49039014779903
                  -90.73274114875662,42.49030707382352
                  -90.73691310145512,42.48913919528885
                  -90.73821211021122,42.488796096044695
                  -90.73893779677759,42.488583568228414
               </coordinates>
            </LineString>
         </Placemark>
         <Placemark>
            <name> </name>
            <Point>
               <coordinates> -90.73234906194394,42.49039014779903 </coordinates>
            </Point>
         </Placemark>
         <Placemark>
            <name> </name>
            <Point>
               <coordinates> -90.73893779677759,42.488583568228414 </coordinates>
            </Point>
         </Placemark>
      </Folder>
      <Folder id="HWY_20_AND_DEVON-E--1926023111">
         <name> HWY_20_AND_DEVON-E--1926023111 </name>
         <Placemark>
            <name> trajectory </name>
            <LineString>
               <coordinates>
                  -90.70451164330196,42.491642217896334
                  -90.70304369262703,42.49149022604876
                  -90.70137103724564,42.49133246000109
               </coordinates>
            </LineString>
         </Placemark>
         <Placemark>
            <name> </name>
            <Point>
               <coordinates> -90.70451164330196,42.491642217896334 </coordinates>
            </Point>
         </Placemark>
         <Placemark>
            <name> </name>
            <Point>
               <coordinates> -90.70137103724564,42.49133246000109 </coordinates>
            </Point>
         </Placemark>
      </Folder>
      <Folder id="HWY_20_AND_DEVON-E--196858713">
         <name> HWY_20_AND_DEVON-E--196858713 </name>
         <Placemark>
            <name> trajectory </name>
            <LineString>
               <coordinates>
                  -90.69878661704331,42.491104285965214
                  -90.69619008964725,42.49085282886444
               </coordinates>
            </LineString>
         </Placemark>
         <Placemark>
            <name> </name>
            <Point>
               <coordinates> -90.69878661704331,42.491104285965214 </coordinates>
            </Point>
         </Placemark>
         <Placemark>
            <name> </name>
            <Point>
               <coordinates> -90.69619008964725,42.49085282886444 </coordinates>
            </Point>
         </Placemark>
      </Folder>
      <Folder id="HWY_20_AND_DEVON-E--953350307">
         <name> HWY_20_AND_DEVON-E--953350307 </name>
         <Placemark>
            <name> trajectory </name>
            <LineString>
               <coordinates>
                  -90.69619008964725,42.49085282886444
                  -90.69541243528006,42.490778695585846
                  -90.69448614182664,42.490706052423405
               </coordinates>
            </LineString>
         </Placemark>
         <Placemark>
            <name> </name>
            <Point>
               <coordinates> -90.69619008964725,42.49085282886444 </coordinates>
            </Point>
         </Placemark>
         <Placemark>
            <name> </name>
            <Point>
               <coordinates> -90.69448614182664,42.490706052423405 </coordinates>
            </Point>
         </Placemark>
      </Folder>
      <Folder id="HWY_20_AND_DEVON-E-1096107324">
         <name> HWY_20_AND_DEVON-E-1096107324 </name>
         <Placemark>
            <name> trajectory </name>
            <LineString>
               <coordinates>
                  -90.70137103724564,42.49133246000109
                  -90.69878661704331,42.491104285965214
               </coordinates>
            </LineString>
         </Placemark>
         <Placemark>
            <name> </name>
            <Point>
               <coordinates> -90.70137103724564,42.49133246000109 </coordinates>
            </Point>
         </Placemark>
         <Placemark>
            <name> </name>
            <Point>
               <coordinates> -90.69878661704331,42.491104285965214 </coordinates>
            </Point>
         </Placemark>
      </Folder>
      <Folder id="HWY_20_AND_DEVON-E-1997797825">
         <name> HWY_20_AND_DEVON-E-1997797825 </name>
         <Placemark>
            <name> trajectory </name>
            <LineString>
               <coordinates>
                  -90.69448614182664,42.490706052423405
                  -90.6939157998692,42.49064384007403
                  -90.69331938087909,42.490579020021386
                  -90.69270210026284,42.490536924240075
                  -90.69216547218335,42.490528914865756
                  -90.69168788995641,42.49053021871739
                  -90.69086720848532,42.49057361835033
                  -90.69023968332051,42.49064775162893
                  -90.68934896639024,42.490791361573145
                  -90.6888771583634,42.49089268947153
                  -90.68707989201873,42.49138852562134
                  -90.68646298393152,42.49153865482372
                  -90.68599657757572,42.49163253214134
                  -90.68566390914464,42.491676118038804
                  -90.68510586064545,42.491724733078286
                  -90.68400075325371,42.491723615491175
                  -90.68367888816474,42.491701077484365
                  -90.68291166461061,42.49159807320531
                  -90.68259557372173,42.491529714126806
                  -90.68205913190675,42.491379584924424
                  -90.6816936809203,42.49126763994845
               </coordinates>
            </LineString>
         </Placemark>
         <Placemark>
            <name> </name>
            <Point>
               <coordinates> -90.69448614182664,42.490706052423405 </coordinates>
            </Point>
         </Placemark>
         <Placemark>
            <name> </name>
            <Point>
               <coordinates> -90.6816936809203,42.49126763994845 </coordinates>
            </Point>
         </Placemark>
      </Folder>
      <Folder id="HWY_20_AND_DEVON-N-1096859603">
         <name> HWY_20_AND_DEVON-N-1096859603 </name>
         <Placemark>
            <name> trajectory </name>
            <LineString>
               <coordinates>
                  -90.70144458775066,42.490661414034385
                  -90.70136449371088,42.49117177881668
               </coordinates>
            </LineString>
         </Placemark>
         <Placemark>
            <name> </name>
            <Point>
               <coordinates> -90.70144458775066,42.490661414034385 </coordinates>
            </Point>
         </Placemark>
         <Placemark>
            <name> </name>
            <Point>
               <coordinates> -90.70136449371088,42.49117177881668 </coordinates>
            </Point>
         </Placemark>
      </Folder>
      <Folder id="HWY_20_AND_DEVON-N-1831010098">
         <name> HWY_20_AND_DEVON-N-1831010098 </name>
         <Placemark>
            <name> trajectory </name>
            <LineString>
               <coordinates>
                  -90.70136460184688,42.491171153775355
                  -90.70133479943253,42.4913287335585
               </coordinates>
            </LineString>
         </Placemark>
         <Placemark>
            <name> </name>
            <Point>
               <coordinates> -90.70136460184688,42.491171153775355 </coordinates>
            </Point>
         </Placemark>
         <Placemark>
            <name> </name>
            <Point>
               <coordinates> -90.70133479943253,42.4913287335585 </coordinates>
            </Point>
         </Placemark>
      </Folder>
      <Folder id="HWY_20_AND_DEVON-N-2043606155">
         <name> HWY_20_AND_DEVON-N-2043606155 </name>
         <Placemark>
            <name> trajectory </name>
            <LineString>
               <coordinates>
                  -90.70133461305791,42.491329905980066
                  -90.70131337880684,42.491494563814946
               </coordinates>
            </LineString>
         </Placemark>
         <Placemark>
            <name> </name>
            <Point>
               <coordinates> -90.70133461305791,42.491329905980066 </coordinates>
            </Point>
         </Placemark>
         <Placemark>
            <name> </name>
            <Point>
               <coordinates> -90.70131337880684,42.491494563814946 </coordinates>
            </Point>
         </Placemark>
      </Folder>
      <Folder id="HWY_20_AND_DEVON-N-656493738">
         <name> HWY_20_AND_DEVON-N-656493738 </name>
         <Placemark>
            <name> trajectory </name>
            <LineString>
               <coordinates>
                  -90.70131347486202,42.4914939049385
                  -90.70116353138873,42.49241572804347
               </coordinates>
            </LineString>
         </Placemark>
         <Placemark>
            <name> </name>
            <Point>
               <coordinates> -90.70131347486202,42.4914939049385 </coordinates>
            </Point>
         </Placemark>
         <Placemark>
            <name> </name>
            <Point>
               <coordinates> -90.70116353138873,42.49241572804347 </coordinates>
            </Point>
         </Placemark>
      </Folder>
      <Folder id="HWY_20_AND_DEVON-NNE--44121546">
         <name> HWY_20_AND_DEVON-NNE--44121546 </name>
         <Placemark>
            <name> trajectory </name>
            <LineString>
               <coordinates>
                  -90.70116411166309,42.49241319088761
                  -90.70103577516149,42.492847000952565
               </coordinates>
            </LineString>
         </Placemark>
         <Placemark>
            <name> </name>
            <Point>
               <coordinates> -90.70116411166309,42.49241319088761 </coordinates>
            </Point>
         </Placemark>
         <Placemark>
            <name> </name>
            <Point>
               <coordinates> -90.70103577516149,42.492847000952565 </coordinates>
            </Point>
         </Placemark>
      </Folder>
      <Folder id="HWY_20_AND_DEVON-S--1249361910">
         <name> HWY_20_AND_DEVON-S--1249361910 </name>
         <Placemark>
            <name> trajectory </name>
            <LineString>
               <coordinates>
                  -90.70140727506129,42.49133618644165
                  -90.70143707729304,42.49117860665851
               </coordinates>
            </LineString>
         </Placemark>
         <Placemark>
            <name> </name>
            <Point>
               <coordinates> -90.70140727506129,42.49133618644165 </coordinates>
            </Point>
         </Placemark>
         <Placemark>
            <name> </name>
            <Point>
               <coordinates> -90.70143707729304,42.49117860665851 </coordinates>
            </Point>
         </Placemark>
      </Folder>
      <Folder id="HWY_20_AND_DEVON-S--1424949453">
         <name> HWY_20_AND_DEVON-S--1424949453 </name>
         <Placemark>
            <name> trajectory </name>
            <LineString>
               <coordinates>
                  -90.70138622737618,42.49149967185216
                  -90.70140746143547,42.49133501401729
               </coordinates>
            </LineString>
         </Placemark>
         <Placemark>
            <name> </name>
            <Point>
               <coordinates> -90.70138622737618,42.49149967185216 </coordinates>
            </Point>
         </Placemark>
         <Placemark>
            <name> </name>
            <Point>
               <coordinates> -90.70140746143547,42.49133501401729 </coordinates>
            </Point>
         </Placemark>
      </Folder>
      <Folder id="HWY_20_AND_DEVON-S--668147929">
         <name> HWY_20_AND_DEVON-S--668147929 </name>
         <Placemark>
            <name> trajectory </name>
            <LineString>
               <coordinates>
                  -90.70123618891249,42.49242215387426
                  -90.70138613131493,42.4915003307693
               </coordinates>
            </LineString>
         </Placemark>
         <Placemark>
            <name> </name>
            <Point>
               <coordinates> -90.70123618891249,42.49242215387426 </coordinates>
            </Point>
         </Placemark>
         <Placemark>
            <name> </name>
            <Point>
               <coordinates> -90.70138613131493,42.4915003307693 </coordinates>
            </Point>
         </Placemark>
      </Folder>
      <Folder id="HWY_20_AND_DEVON-S--797367583">
         <name> HWY_20_AND_DEVON-S--797367583 </name>
         <Placemark>
            <name> trajectory </name>
            <LineString>
               <coordinates>
                  -90.70143718542613,42.49117798163303
                  -90.70151727887277,42.490667616850736
               </coordinates>
            </LineString>
         </Placemark>
         <Placemark>
            <name> </name>
            <Point>
               <coordinates> -90.70143718542613,42.49117798163303 </coordinates>
            </Point>
         </Placemark>
         <Placemark>
            <name> </name>
            <Point>
               <coordinates> -90.70151727887277,42.490667616850736 </coordinates>
            </Point>
         </Placemark>
      </Folder>
      <Folder id="HWY_20_AND_DEVON-SSW-27811309">
         <name> HWY_20_AND_DEVON-SSW-27811309 </name>
         <Placemark>
            <name> trajectory </name>
            <LineString>
               <coordinates>
                  -90.70110727263119,42.49285850108796
                  -90.70123560863688,42.492424691023004
               </coordinates>
            </LineString>
         </Placemark>
         <Placemark>
            <name> </name>
            <Point>
               <coordinates> -90.70110727263119,42.49285850108796 </coordinates>
            </Point>
         </Placemark>
         <Placemark>
            <name> </name>
            <Point>
               <coordinates> -90.70123560863688,42.492424691023004 </coordinates>
            </Point>
         </Placemark>
      </Folder>
      <Folder id="HWY_20_AND_DEVON-W--1075914423">
         <name> HWY_20_AND_DEVON-W--1075914423 </name>
         <Placemark>
            <name> trajectory </name>
            <LineString>
               <coordinates>
                  -90.68089665504314,42.49113297070115
                  -90.68136101248922,42.49128421749065
                  -90.68186616186499,42.49145781602244
                  -90.68279599434426,42.49169083293582
                  -90.68311115391056,42.49174689855606
                  -90.68344847895463,42.49179476853747
                  -90.68411362955229,42.491854000654534
                  -90.68496653478518,42.491858098473955
                  -90.68539047283062,42.49183015879609
                  -90.68610926760978,42.4917433595302
                  -90.68686028615073,42.49157739784369
                  -90.68840516407204,42.491146195482
                  -90.68894700755806,42.49101152623471
                  -90.68968703649239,42.490866426174335
                  -90.6907655080579,42.49071890467522
                  -90.69112499857974,42.49069115126188
                  -90.69197790381263,42.49065166318383
                  -90.69273413776013,42.49065948629363
                  -90.69296044915082,42.49067233854545
               </coordinates>
            </LineString>
         </Placemark>
         <Placemark>
            <name> </name>
            <Point>
               <coordinates> -90.68089665504314,42.49113297070115 </coordinates>
            </Point>
         </Placemark>
         <Placemark>
            <name> </name>
            <Point>
               <coordinates> -90.69296044915082,42.49067233854545 </coordinates>
            </Point>
         </Placemark>
      </Folder>
      <Folder id="HWY_20_AND_DEVON-W--143794460">
         <name> HWY_20_AND_DEVON-W--143794460 </name>
         <Placemark>
            <name> trajectory </name>
            <LineString>
               <coordinates>
                  -90.69913586301661,42.49125534649019
                  -90.69965628608293,42.491308059349095
                  -90.70134980309047,42.49149711783596
               </coordinates>
            </LineString>
         </Placemark>
         <Placemark>
            <name> </name>
            <Point>
               <coordinates> -90.69913586301661,42.49125534649019 </coordinates>
            </Point>
         </Placemark>
         <Placemark>
            <name> </name>
            <Point>
               <coordinates> -90.70134980309047,42.49149711783596 </coordinates>
            </Point>
         </Placemark>
      </Folder>
      <Folder id="HWY_20_AND_DEVON-W--292157780">
         <name> HWY_20_AND_DEVON-W--292157780 </name>
         <Placemark>
            <name> trajectory </name>
            <LineString>
               <coordinates>
                  -90.69296044915082,42.49067233854545
                  -90.6931038728305,42.49068034791977
                  -90.69485420051636,42.490853387658
                  -90.69609826123934,42.49098042006002
               </coordinates>
            </LineString>
         </Placemark>
         <Placemark>
            <name> </name>
            <Point>
               <coordinates> -90.69296044915082,42.49067233854545 </coordinates>
            </Point>
         </Placemark>
         <Placemark>
            <name> </name>
            <Point>
               <coordinates> -90.69609826123934,42.49098042006002 </coordinates>
            </Point>
         </Placemark>
      </Folder>
      <Folder id="HWY_20_AND_DEVON-W--505733381">
         <name> HWY_20_AND_DEVON-W--505733381 </name>
         <Placemark>
            <name> trajectory </name>
            <LineString>
               <coordinates>
                  -90.70134980309047,42.49149711783596
                  -90.70342646621376,42.49168766643899
                  -90.7045159273859,42.49179178830516
               </coordinates>
            </LineString>
         </Placemark>
         <Placemark>
            <name> </name>
            <Point>
               <coordinates> -90.70134980309047,42.49149711783596 </coordinates>
            </Point>
         </Placemark>
         <Placemark>
            <name> </name>
            <Point>
               <coordinates> -90.7045159273859,42.49179178830516 </coordinates>
            </Point>
         </Placemark>
      </Folder>
      <Folder id="HWY_20_AND_DEVON-W-1291829100">
         <name> HWY_20_AND_DEVON-W-1291829100 </name>
         <Placemark>
            <name> trajectory </name>
            <LineString>
               <coordinates>
                  -90.69609826123934,42.49098042006002
                  -90.69779159198235,42.491130176733364
                  -90.69850237738719,42.49120244736677
               </coordinates>
            </LineString>
         </Placemark>
         <Placemark>
            <name> </name>
            <Point>
               <coordinates> -90.69609826123934,42.49098042006002 </coordinates>
            </Point>
         </Placemark>
         <Placemark>
            <name> </name>
            <Point>
               <coordinates> -90.69850237738719,42.49120244736677 </coordinates>
            </Point>
         </Placemark>
      </Folder>
      <Folder id="HWY_20_AND_DEVON-W-985498368">
         <name> HWY_20_AND_DEVON-W-985498368 </name>
         <Placemark>
            <name> trajectory </name>
            <LineString>
               <coordinates>
                  -90.69850237738719,42.49120244736677
                  -90.69913586301661,42.49125534649019
               </coordinates>
            </LineString>
         </Placemark>
         <Placemark>
            <name> </name>
            <Point>
               <coordinates> -90.69850237738719,42.49120244736677 </coordinates>
            </Point>
         </Placemark>
         <Placemark>
            <name> </name>
            <Point>
               <coordinates> -90.69913586301661,42.49125534649019 </coordinates>
            </Point>
         </Placemark>
      </Folder>
      <Folder id="HWY_20_AND_FREMONT-E-1997797825">
         <name> HWY_20_AND_FREMONT-E-1997797825 </name>
         <Placemark>
            <name> trajectory </name>
            <LineString>
               <coordinates>
                  -90.69448614182664,42.490706052423405
                  -90.6939157998692,42.49064384007403
                  -90.69331938087909,42.490579020021386
                  -90.69270210026284,42.490536924240075
                  -90.69216547218335,42.490528914865756
                  -90.69168788995641,42.49053021871739
                  -90.69086720848532,42.49057361835033
                  -90.69023968332051,42.49064775162893
                  -90.68934896639024,42.490791361573145
                  -90.6888771583634,42.49089268947153
                  -90.68707989201873,42.49138852562134
                  -90.68646298393152,42.49153865482372
                  -90.68599657757572,42.49163253214134
                  -90.68566390914464,42.491676118038804
                  -90.68510586064545,42.491724733078286
                  -90.68400075325371,42.491723615491175
                  -90.68367888816474,42.491701077484365
                  -90.68291166461061,42.49159807320531
                  -90.68259557372173,42.491529714126806
                  -90.68205913190675,42.491379584924424
                  -90.6816936809203,42.49126763994845
               </coordinates>
            </LineString>
         </Placemark>
         <Placemark>
            <name> </name>
            <Point>
               <coordinates> -90.69448614182664,42.490706052423405 </coordinates>
            </Point>
         </Placemark>
         <Placemark>
            <name> </name>
            <Point>
               <coordinates> -90.6816936809203,42.49126763994845 </coordinates>
            </Point>
         </Placemark>
      </Folder>
      <Folder id="HWY_20_AND_FREMONT-N--540576357">
         <name> HWY_20_AND_FREMONT-N--540576357 </name>
         <Placemark>
            <name> trajectory </name>
            <LineString>
               <coordinates>
                  -90.68846429009515,42.491341281177654
                  -90.68843132119413,42.49148209715407
               </coordinates>
            </LineString>
         </Placemark>
         <Placemark>
            <name> </name>
            <Point>
               <coordinates> -90.68846429009515,42.491341281177654 </coordinates>
            </Point>
         </Placemark>
         <Placemark>
            <name> </name>
            <Point>
               <coordinates> -90.68843132119413,42.49148209715407 </coordinates>
            </Point>
         </Placemark>
      </Folder>
      <Folder id="HWY_20_AND_FREMONT-N-944751641">
         <name> HWY_20_AND_FREMONT-N-944751641 </name>
         <Placemark>
            <name> trajectory </name>
            <LineString>
               <coordinates>
                  -90.68843104500772,42.49148349380648
                  -90.68840105631236,42.49166901326749
               </coordinates>
            </LineString>
         </Placemark>
         <Placemark>
            <name> </name>
            <Point>
               <coordinates> -90.68843104500772,42.49148349380648 </coordinates>
            </Point>
         </Placemark>
         <Placemark>
            <name> </name>
            <Point>
               <coordinates> -90.68840105631236,42.49166901326749 </coordinates>
            </Point>
         </Placemark>
      </Folder>
      <Folder id="HWY_20_AND_FREMONT-NNE--1202955494">
         <name> HWY_20_AND_FREMONT-NNE--1202955494 </name>
         <Placemark>
            <name> trajectory </name>
            <LineString>
               <coordinates>
                  -90.68864405752906,42.49076371791338
                  -90.68846468446868,42.491339834070914
               </coordinates>
            </LineString>
         </Placemark>
         <Placemark>
            <name> </name>
            <Point>
               <coordinates> -90.68864405752906,42.49076371791338 </coordinates>
            </Point>
         </Placemark>
         <Placemark>
            <name> </name>
            <Point>
               <coordinates> -90.68846468446868,42.491339834070914 </coordinates>
            </Point>
         </Placemark>
      </Folder>
      <Folder id="HWY_20_AND_FREMONT-NNE--1830755050">
         <name> HWY_20_AND_FREMONT-NNE--1830755050 </name>
         <Placemark>
            <name> trajectory </name>
            <LineString>
               <coordinates>
                  -90.68909477520884,42.48964178394482
                  -90.68892788204172,42.48992453348479
                  -90.6887621064335,42.49025776070945
                  -90.68869411969374,42.49059825225033
               </coordinates>
            </LineString>
         </Placemark>
         <Placemark>
            <name> </name>
            <Point>
               <coordinates> -90.68909477520884,42.48964178394482 </coordinates>
            </Point>
         </Placemark>
         <Placemark>
            <name> </name>
            <Point>
               <coordinates> -90.68869411969374,42.49059825225033 </coordinates>
            </Point>
         </Placemark>
      </Folder>
      <Folder id="HWY_20_AND_FREMONT-NNE-1300860208">
         <name> HWY_20_AND_FREMONT-NNE-1300860208 </name>
         <Placemark>
            <name> trajectory </name>
            <LineString>
               <coordinates>
                  -90.68869336382176,42.49060035346997
                  -90.68864400363083,42.49076389371773
               </coordinates>
            </LineString>
         </Placemark>
         <Placemark>
            <name> </name>
            <Point>
               <coordinates> -90.68869336382176,42.49060035346997 </coordinates>
            </Point>
         </Placemark>
         <Placemark>
            <name> </name>
            <Point>
               <coordinates> -90.68864400363083,42.49076389371773 </coordinates>
            </Point>
         </Placemark>
      </Folder>
      <Folder id="HWY_20_AND_FREMONT-NW-1589831110">
         <name> HWY_20_AND_FREMONT-NW-1589831110 </name>
         <Placemark>
            <name> trajectory </name>
            <LineString>
               <coordinates>
                  -90.68841165439193,42.4916913856632
                  -90.68840606638585,42.49186274902077
                  -90.688464925917,42.49200095729393
                  -90.68857742963442,42.49212761716691
                  -90.6887331467333,42.49222261207164
                  -90.6889695163743,42.49230456846004
                  -90.68937575925332,42.492394720487276
               </coordinates>
            </LineString>
         </Placemark>
         <Placemark>
            <name> </name>
            <Point>
               <coordinates> -90.68841165439193,42.4916913856632 </coordinates>
            </Point>
         </Placemark>
         <Placemark>
            <name> </name>
            <Point>
               <coordinates> -90.68937575925332,42.492394720487276 </coordinates>
            </Point>
         </Placemark>
      </Folder>
      <Folder id="HWY_20_AND_FREMONT-S--2075889593">
         <name> HWY_20_AND_FREMONT-S--2075889593 </name>
         <Placemark>
            <name> trajectory </name>
            <LineString>
               <coordinates>
                  -90.68847371935748,42.49167539969831
                  -90.6885037078373,42.491489880237296
               </coordinates>
            </LineString>
         </Placemark>
         <Placemark>
            <name> </name>
            <Point>
               <coordinates> -90.68847371935748,42.49167539969831 </coordinates>
            </Point>
         </Placemark>
         <Placemark>
            <name> </name>
            <Point>
               <coordinates> -90.6885037078373,42.491489880237296 </coordinates>
            </Point>
         </Placemark>
      </Folder>
      <Folder id="HWY_20_AND_FREMONT-S-1794658769">
         <name> HWY_20_AND_FREMONT-S-1794658769 </name>
         <Placemark>
            <name> trajectory </name>
            <LineString>
               <coordinates>
                  -90.6885034316516,42.49149127689073
                  -90.68853640039028,42.491350460914305
               </coordinates>
            </LineString>
         </Placemark>
         <Placemark>
            <name> </name>
            <Point>
               <coordinates> -90.6885034316516,42.49149127689073 </coordinates>
            </Point>
         </Placemark>
         <Placemark>
            <name> </name>
            <Point>
               <coordinates> -90.68853640039028,42.491350460914305 </coordinates>
            </Point>
         </Placemark>
      </Folder>
      <Folder id="HWY_20_AND_FREMONT-SE--1260734753">
         <name> HWY_20_AND_FREMONT-SE--1260734753 </name>
         <Placemark>
            <name> trajectory </name>
            <LineString>
               <coordinates>
                  -90.6894272264045,42.49235636190724
                  -90.68902098345129,42.49226620987999
                  -90.68878461374284,42.492184253491594
                  -90.6886288965658,42.492089258586866
                  -90.68851639274415,42.49196259871388
                  -90.68845753309927,42.49182439044072
                  -90.68846312096433,42.49165302708316
               </coordinates>
            </LineString>
         </Placemark>
         <Placemark>
            <name> </name>
            <Point>
               <coordinates> -90.6894272264045,42.49235636190724 </coordinates>
            </Point>
         </Placemark>
         <Placemark>
            <name> </name>
            <Point>
               <coordinates> -90.68846312096433,42.49165302708316 </coordinates>
            </Point>
         </Placemark>
      </Folder>
      <Folder id="HWY_20_AND_FREMONT-SSW-1014733693">
         <name> HWY_20_AND_FREMONT-SSW-1014733693 </name>
         <Placemark>
            <name> trajectory </name>
            <LineString>
               <coordinates>
                  -90.68876403640562,42.49061417714315
                  -90.68883202276477,42.49027368560226
                  -90.68899779800053,42.4899404583776
                  -90.6891646908516,42.48965770883764
               </coordinates>
            </LineString>
         </Placemark>
         <Placemark>
            <name> </name>
            <Point>
               <coordinates> -90.68876403640562,42.49061417714315 </coordinates>
            </Point>
         </Placemark>
         <Placemark>
            <name> </name>
            <Point>
               <coordinates> -90.6891646908516,42.48965770883764 </coordinates>
            </Point>
         </Placemark>
      </Folder>
      <Folder id="HWY_20_AND_FREMONT-SSW-1117134973">
         <name> HWY_20_AND_FREMONT-SSW-1117134973 </name>
         <Placemark>
            <name> trajectory </name>
            <LineString>
               <coordinates>
                  -90.68853600600343,42.49135190806656
                  -90.68871537840685,42.49077579190904
               </coordinates>
            </LineString>
         </Placemark>
         <Placemark>
            <name> </name>
            <Point>
               <coordinates> -90.68853600600343,42.49135190806656 </coordinates>
            </Point>
         </Placemark>
         <Placemark>
            <name> </name>
            <Point>
               <coordinates> -90.68871537840685,42.49077579190904 </coordinates>
            </Point>
         </Placemark>
      </Folder>
      <Folder id="HWY_20_AND_FREMONT-SSW-367123100">
         <name> HWY_20_AND_FREMONT-SSW-367123100 </name>
         <Placemark>
            <name> trajectory </name>
            <LineString>
               <coordinates>
                  -90.68871543231758,42.49077561606437
                  -90.68876479232176,42.490612075816614
               </coordinates>
            </LineString>
         </Placemark>
         <Placemark>
            <name> </name>
            <Point>
               <coordinates> -90.68871543231758,42.49077561606437 </coordinates>
            </Point>
         </Placemark>
         <Placemark>
            <name> </name>
            <Point>
               <coordinates> -90.68876479232176,42.490612075816614 </coordinates>
            </Point>
         </Placemark>
      </Folder>
      <Folder id="HWY_20_AND_FREMONT-W--1075914423">
         <name> HWY_20_AND_FREMONT-W--1075914423 </name>
         <Placemark>
            <name> trajectory </name>
            <LineString>
               <coordinates>
                  -90.68089665504314,42.49113297070115
                  -90.68136101248922,42.49128421749065
                  -90.68186616186499,42.49145781602244
                  -90.68279599434426,42.49169083293582
                  -90.68311115391056,42.49174689855606
                  -90.68344847895463,42.49179476853747
                  -90.68411362955229,42.491854000654534
                  -90.68496653478518,42.491858098473955
                  -90.68539047283062,42.49183015879609
                  -90.68610926760978,42.4917433595302
                  -90.68686028615073,42.49157739784369
                  -90.68840516407204,42.491146195482
                  -90.68894700755806,42.49101152623471
                  -90.68968703649239,42.490866426174335
                  -90.6907655080579,42.49071890467522
                  -90.69112499857974,42.49069115126188
                  -90.69197790381263,42.49065166318383
                  -90.69273413776013,42.49065948629363
                  -90.69296044915082,42.49067233854545
               </coordinates>
            </LineString>
         </Placemark>
         <Placemark>
            <name> </name>
            <Point>
               <coordinates> -90.68089665504314,42.49113297070115 </coordinates>
            </Point>
         </Placemark>
         <Placemark>
            <name> </name>
            <Point>
               <coordinates> -90.69296044915082,42.49067233854545 </coordinates>
            </Point>
         </Placemark>
      </Folder>
      <Folder id="HWY_20_AND_HILL-E-1997797825">
         <name> HWY_20_AND_HILL-E-1997797825 </name>
         <Placemark>
            <name> trajectory </name>
            <LineString>
               <coordinates>
                  -90.69448614182664,42.490706052423405
                  -90.6939157998692,42.49064384007403
                  -90.69331938087909,42.490579020021386
                  -90.69270210026284,42.490536924240075
                  -90.69216547218335,42.490528914865756
                  -90.69168788995641,42.49053021871739
                  -90.69086720848532,42.49057361835033
                  -90.69023968332051,42.49064775162893
                  -90.68934896639024,42.490791361573145
                  -90.6888771583634,42.49089268947153
                  -90.68707989201873,42.49138852562134
                  -90.68646298393152,42.49153865482372
                  -90.68599657757572,42.49163253214134
                  -90.68566390914464,42.491676118038804
                  -90.68510586064545,42.491724733078286
                  -90.68400075325371,42.491723615491175
                  -90.68367888816474,42.491701077484365
                  -90.68291166461061,42.49159807320531
                  -90.68259557372173,42.491529714126806
                  -90.68205913190675,42.491379584924424
                  -90.6816936809203,42.49126763994845
               </coordinates>
            </LineString>
         </Placemark>
         <Placemark>
            <name> </name>
            <Point>
               <coordinates> -90.69448614182664,42.490706052423405 </coordinates>
            </Point>
         </Placemark>
         <Placemark>
            <name> </name>
            <Point>
               <coordinates> -90.6816936809203,42.49126763994845 </coordinates>
            </Point>
         </Placemark>
      </Folder>
      <Folder id="HWY_20_AND_HILL-ESE--270786603">
         <name> HWY_20_AND_HILL-ESE--270786603 </name>
         <Placemark>
            <name> trajectory </name>
            <LineString>
               <coordinates>
                  -90.6816936809203,42.49126763994845
                  -90.68101958962573,42.49104728902237
                  -90.67896844474156,42.49038903021192
                  -90.67825188513663,42.49011298619463
                  -90.6776465254496,42.48995242617918
               </coordinates>
            </LineString>
         </Placemark>
         <Placemark>
            <name> </name>
            <Point>
               <coordinates> -90.6816936809203,42.49126763994845 </coordinates>
            </Point>
         </Placemark>
         <Placemark>
            <name> </name>
            <Point>
               <coordinates> -90.6776465254496,42.48995242617918 </coordinates>
            </Point>
         </Placemark>
      </Folder>
      <Folder id="HWY_20_AND_HILL-NNW-1630570476">
         <name> HWY_20_AND_HILL-NNW-1630570476 </name>
         <Placemark>
            <name> trajectory </name>
            <LineString>
               <coordinates>
                  -90.67926516412047,42.490604351995984
                  -90.67937133489635,42.490722816230125
                  -90.67940858780015,42.49077031368249
                  -90.67942479281332,42.49087313169702
                  -90.67939256905152,42.49098787064078
               </coordinates>
            </LineString>
         </Placemark>
         <Placemark>
            <name> </name>
            <Point>
               <coordinates> -90.67926516412047,42.490604351995984 </coordinates>
            </Point>
         </Placemark>
         <Placemark>
            <name> </name>
            <Point>
               <coordinates> -90.67939256905152,42.49098787064078 </coordinates>
            </Point>
         </Placemark>
      </Folder>
      <Folder id="HWY_20_AND_HILL-W--1075914423">
         <name> HWY_20_AND_HILL-W--1075914423 </name>
         <Placemark>
            <name> trajectory </name>
            <LineString>
               <coordinates>
                  -90.68089665504314,42.49113297070115
                  -90.68136101248922,42.49128421749065
                  -90.68186616186499,42.49145781602244
                  -90.68279599434426,42.49169083293582
                  -90.68311115391056,42.49174689855606
                  -90.68344847895463,42.49179476853747
                  -90.68411362955229,42.491854000654534
                  -90.68496653478518,42.491858098473955
                  -90.68539047283062,42.49183015879609
                  -90.68610926760978,42.4917433595302
                  -90.68686028615073,42.49157739784369
                  -90.68840516407204,42.491146195482
                  -90.68894700755806,42.49101152623471
                  -90.68968703649239,42.490866426174335
                  -90.6907655080579,42.49071890467522
                  -90.69112499857974,42.49069115126188
                  -90.69197790381263,42.49065166318383
                  -90.69273413776013,42.49065948629363
                  -90.69296044915082,42.49067233854545
               </coordinates>
            </LineString>
         </Placemark>
         <Placemark>
            <name> </name>
            <Point>
               <coordinates> -90.68089665504314,42.49113297070115 </coordinates>
            </Point>
         </Placemark>
         <Placemark>
            <name> </name>
            <Point>
               <coordinates> -90.69296044915082,42.49067233854545 </coordinates>
            </Point>
         </Placemark>
      </Folder>
      <Folder id="HWY_20_AND_HILL-W-1998683779">
         <name> HWY_20_AND_HILL-W-1998683779 </name>
         <Placemark>
            <name> trajectory </name>
            <LineString>
               <coordinates>
                  -90.66825301948755,42.491827551092825
                  -90.67256709201412,42.490544374820836
                  -90.67409874515457,42.49010423176224
                  -90.67468305695094,42.48995522014697
                  -90.67507942784755,42.48990120343643
                  -90.67553577591931,42.48986171535839
                  -90.67586825808588,42.48984979442916
                  -90.67634584031282,42.489864509326175
                  -90.67712889635106,42.4899565239986
                  -90.67744517350447,42.49001203082529
                  -90.67777802820008,42.4900990163557
                  -90.67829621609218,42.49026926212615
                  -90.67926516412047,42.490604351995984
               </coordinates>
            </LineString>
         </Placemark>
         <Placemark>
            <name> </name>
            <Point>
               <coordinates> -90.66825301948755,42.491827551092825 </coordinates>
            </Point>
         </Placemark>
         <Placemark>
            <name> </name>
            <Point>
               <coordinates> -90.67926516412047,42.490604351995984 </coordinates>
            </Point>
         </Placemark>
      </Folder>
      <Folder id="HWY_20_AND_HILL-WNW--21876310">
         <name> HWY_20_AND_HILL-WNW--21876310 </name>
         <Placemark>
            <name> trajectory </name>
            <LineString>
               <coordinates>
                  -90.67983867257473,42.49078297966979
                  -90.68055579097322,42.491015437789606
                  -90.68089665504314,42.49113297070115
               </coordinates>
            </LineString>
         </Placemark>
         <Placemark>
            <name> </name>
            <Point>
               <coordinates> -90.67983867257473,42.49078297966979 </coordinates>
            </Point>
         </Placemark>
         <Placemark>
            <name> </name>
            <Point>
               <coordinates> -90.68089665504314,42.49113297070115 </coordinates>
            </Point>
         </Placemark>
      </Folder>
      <Folder id="HWY_20_AND_HILL-WNW-1210876719">
         <name> HWY_20_AND_HILL-WNW-1210876719 </name>
         <Placemark>
            <name> trajectory </name>
            <LineString>
               <coordinates>
                  -90.67926516412047,42.490604351995984
                  -90.67983867257473,42.49078297966979
               </coordinates>
            </LineString>
         </Placemark>
         <Placemark>
            <name> </name>
            <Point>
               <coordinates> -90.67926516412047,42.490604351995984 </coordinates>
            </Point>
         </Placemark>
         <Placemark>
            <name> </name>
            <Point>
               <coordinates> -90.67983867257473,42.49078297966979 </coordinates>
            </Point>
         </Placemark>
      </Folder>
      <Folder id="HWY_20_AND_HILL-WSW--257719901">
         <name> HWY_20_AND_HILL-WSW--257719901 </name>
         <Placemark>
            <name> trajectory </name>
            <LineString>
               <coordinates>
                  -90.67939256905152,42.49098787064078
                  -90.67948365240134,42.490896973555465
                  -90.67953189491179,42.490861210767804
                  -90.6796626526042,42.49081483090255
                  -90.67983867257473,42.49078297966979
               </coordinates>
            </LineString>
         </Placemark>
         <Placemark>
            <name> </name>
            <Point>
               <coordinates> -90.67939256905152,42.49098787064078 </coordinates>
            </Point>
         </Placemark>
         <Placemark>
            <name> </name>
            <Point>
               <coordinates> -90.67983867257473,42.49078297966979 </coordinates>
            </Point>
         </Placemark>
      </Folder>
      <Folder id="HWY_20_AND_JFK-E--441329447">
         <name> HWY_20_AND_JFK-E--441329447 </name>
         <Placemark>
            <name> trajectory </name>
            <LineString>
               <coordinates>
                  -90.71106834063832,42.49227663484834
                  -90.710513831165,42.49223193136376
                  -90.70902613645106,42.49205106851573
               </coordinates>
            </LineString>
         </Placemark>
         <Placemark>
            <name> </name>
            <Point>
               <coordinates> -90.71106834063832,42.49227663484834 </coordinates>
            </Point>
         </Placemark>
         <Placemark>
            <name> </name>
            <Point>
               <coordinates> -90.70902613645106,42.49205106851573 </coordinates>
            </Point>
         </Placemark>
      </Folder>
      <Folder id="HWY_20_AND_JFK-E--743295069">
         <name> HWY_20_AND_JFK-E--743295069 </name>
         <Placemark>
            <name> trajectory </name>
            <LineString>
               <coordinates>
                  -90.71462282645605,42.49218089488553
                  -90.71295110239724,42.49226881173854
                  -90.71216599744929,42.49229470250669
                  -90.71165768157671,42.49229432997765
                  -90.71106834063832,42.49227663484834
               </coordinates>
            </LineString>
         </Placemark>
         <Placemark>
            <name> </name>
            <Point>
               <coordinates> -90.71462282645605,42.49218089488553 </coordinates>
            </Point>
         </Placemark>
         <Placemark>
            <name> </name>
            <Point>
               <coordinates> -90.71106834063832,42.49227663484834 </coordinates>
            </Point>
         </Placemark>
      </Folder>
      <Folder id="HWY_20_AND_JFK-E--949313652">
         <name> HWY_20_AND_JFK-E--949313652 </name>
         <Placemark>
            <name> trajectory </name>
            <LineString>
               <coordinates>
                  -90.72048326702006,42.49194191750754
                  -90.71907026437827,42.49198941495991
                  -90.71718862020646,42.492053676218994
                  -90.71704854928811,42.4920605680062
               </coordinates>
            </LineString>
         </Placemark>
         <Placemark>
            <name> </name>
            <Point>
               <coordinates> -90.72048326702006,42.49194191750754 </coordinates>
            </Point>
         </Placemark>
         <Placemark>
            <name> </name>
            <Point>
               <coordinates> -90.71704854928811,42.4920605680062 </coordinates>
            </Point>
         </Placemark>
      </Folder>
      <Folder id="HWY_20_AND_JFK-E-1065416225">
         <name> HWY_20_AND_JFK-E-1065416225 </name>
         <Placemark>
            <name> trajectory </name>
            <LineString>
               <coordinates>
                  -90.71467349040523,42.49284027128309
                  -90.71424992488883,42.49286783843192
                  -90.71262290431461,42.4926763585063
                  -90.712163017217,42.49265326170593
                  -90.70993585236228,42.49274974672682
                  -90.70921277349917,42.49274248241058
                  -90.70874077920782,42.49278085290151
                  -90.7081804955344,42.492927629342546
                  -90.70721508653197,42.49330928534216
                  -90.70680027544797,42.493359949291346
               </coordinates>
            </LineString>
         </Placemark>
         <Placemark>
            <name> </name>
            <Point>
               <coordinates> -90.71467349040523,42.49284027128309 </coordinates>
            </Point>
         </Placemark>
         <Placemark>
            <name> </name>
            <Point>
               <coordinates> -90.70680027544797,42.493359949291346 </coordinates>
            </Point>
         </Placemark>
      </Folder>
      <Folder id="HWY_20_AND_JFK-E-1222114944">
         <name> HWY_20_AND_JFK-E-1222114944 </name>
         <Placemark>
            <name> trajectory </name>
            <LineString>
               <coordinates>
                  -90.71704854928811,42.4920605680062
                  -90.71462282645605,42.49218089488553
               </coordinates>
            </LineString>
         </Placemark>
         <Placemark>
            <name> </name>
            <Point>
               <coordinates> -90.71704854928811,42.4920605680062 </coordinates>
            </Point>
         </Placemark>
         <Placemark>
            <name> </name>
            <Point>
               <coordinates> -90.71462282645605,42.49218089488553 </coordinates>
            </Point>
         </Placemark>
      </Folder>
      <Folder id="HWY_20_AND_JFK-N-2054083494">
         <name> HWY_20_AND_JFK-N-2054083494 </name>
         <Placemark>
            <name> trajectory </name>
            <LineString>
               <coordinates>
                  -90.71459803544356,42.49235496365278
                  -90.71463696444371,42.49284185910566
               </coordinates>
            </LineString>
         </Placemark>
         <Placemark>
            <name> </name>
            <Point>
               <coordinates> -90.71459803544356,42.49235496365278 </coordinates>
            </Point>
         </Placemark>
         <Placemark>
            <name> </name>
            <Point>
               <coordinates> -90.71463696444371,42.49284185910566 </coordinates>
            </Point>
         </Placemark>
      </Folder>
      <Folder id="HWY_20_AND_JFK-N-2095364840">
         <name> HWY_20_AND_JFK-N-2095364840 </name>
         <Placemark>
            <name> trajectory </name>
            <LineString>
               <coordinates>
                  -90.71458628341335,42.49218224665168
                  -90.71459801797728,42.49235472759634
               </coordinates>
            </LineString>
         </Placemark>
         <Placemark>
            <name> </name>
            <Point>
               <coordinates> -90.71458628341335,42.49218224665168 </coordinates>
            </Point>
         </Placemark>
         <Placemark>
            <name> </name>
            <Point>
               <coordinates> -90.71459801797728,42.49235472759634 </coordinates>
            </Point>
         </Placemark>
      </Folder>
      <Folder id="HWY_20_AND_JFK-NNE-876586397">
         <name> HWY_20_AND_JFK-NNE-876586397 </name>
         <Placemark>
            <name> trajectory </name>
            <LineString>
               <coordinates>
                  -90.71464995950572,42.491951891078166
                  -90.71458700197026,42.49217540850107
               </coordinates>
            </LineString>
         </Placemark>
         <Placemark>
            <name> </name>
            <Point>
               <coordinates> -90.71464995950572,42.491951891078166 </coordinates>
            </Point>
         </Placemark>
         <Placemark>
            <name> </name>
            <Point>
               <coordinates> -90.71458700197026,42.49217540850107 </coordinates>
            </Point>
         </Placemark>
      </Folder>
      <Folder id="HWY_20_AND_JFK-NW--574752154">
         <name> HWY_20_AND_JFK-NW--574752154 </name>
         <Placemark>
            <name> trajectory </name>
            <LineString>
               <coordinates>
                  -90.71464953836107,42.49286066680328
                  -90.71491273004031,42.49308586060687
                  -90.71540130177628,42.493340670468974
               </coordinates>
            </LineString>
         </Placemark>
         <Placemark>
            <name> </name>
            <Point>
               <coordinates> -90.71464953836107,42.49286066680328 </coordinates>
            </Point>
         </Placemark>
         <Placemark>
            <name> </name>
            <Point>
               <coordinates> -90.71540130177628,42.493340670468974 </coordinates>
            </Point>
         </Placemark>
      </Folder>
      <Folder id="HWY_20_AND_JFK-S--1964249837">
         <name> HWY_20_AND_JFK-S--1964249837 </name>
         <Placemark>
            <name> trajectory </name>
            <LineString>
               <coordinates>
                  -90.71467110426238,42.49235202404872
                  -90.71465936949691,42.49217954310405
               </coordinates>
            </LineString>
         </Placemark>
         <Placemark>
            <name> </name>
            <Point>
               <coordinates> -90.71467110426238,42.49235202404872 </coordinates>
            </Point>
         </Placemark>
         <Placemark>
            <name> </name>
            <Point>
               <coordinates> -90.71465936949691,42.49217954310405 </coordinates>
            </Point>
         </Placemark>
      </Folder>
      <Folder id="HWY_20_AND_JFK-S--454851128">
         <name> HWY_20_AND_JFK-S--454851128 </name>
         <Placemark>
            <name> trajectory </name>
            <LineString>
               <coordinates>
                  -90.71471001636392,42.49283868343655
                  -90.71467108679508,42.492351787983665
               </coordinates>
            </LineString>
         </Placemark>
         <Placemark>
            <name> </name>
            <Point>
               <coordinates> -90.71471001636392,42.49283868343655 </coordinates>
            </Point>
         </Placemark>
         <Placemark>
            <name> </name>
            <Point>
               <coordinates> -90.71467108679508,42.492351787983665 </coordinates>
            </Point>
         </Placemark>
      </Folder>
      <Folder id="HWY_20_AND_JFK-SE-1847668543">
         <name> HWY_20_AND_JFK-SE-1847668543 </name>
         <Placemark>
            <name> trajectory </name>
            <LineString>
               <coordinates>
                  -90.71544920597148,42.493299879267056
                  -90.71496063404034,42.49304506940496
                  -90.71469744218861,42.49281987560137
               </coordinates>
            </LineString>
         </Placemark>
         <Placemark>
            <name> </name>
            <Point>
               <coordinates> -90.71544920597148,42.493299879267056 </coordinates>
            </Point>
         </Placemark>
         <Placemark>
            <name> </name>
            <Point>
               <coordinates> -90.71469744218861,42.49281987560137 </coordinates>
            </Point>
         </Placemark>
      </Folder>
      <Folder id="HWY_20_AND_JFK-SSW-879571490">
         <name> HWY_20_AND_JFK-SSW-879571490 </name>
         <Placemark>
            <name> trajectory </name>
            <LineString>
               <coordinates>
                  -90.71465865094261,42.492186381278444
                  -90.71472160822204,42.491962863855534
               </coordinates>
            </LineString>
         </Placemark>
         <Placemark>
            <name> </name>
            <Point>
               <coordinates> -90.71465865094261,42.492186381278444 </coordinates>
            </Point>
         </Placemark>
         <Placemark>
            <name> </name>
            <Point>
               <coordinates> -90.71472160822204,42.491962863855534 </coordinates>
            </Point>
         </Placemark>
      </Folder>
      <Folder id="HWY_20_AND_JFK-W--1798135489">
         <name> HWY_20_AND_JFK-W--1798135489 </name>
         <Placemark>
            <name> trajectory </name>
            <LineString>
               <coordinates>
                  -90.70983545578649,42.49233735708156
                  -90.71007424689995,42.49236678687558
                  -90.7110858495031,42.49246513454165
                  -90.71185325932174,42.49248282967097
                  -90.71304646983101,42.492441106418696
                  -90.71463456112075,42.492353375830206
               </coordinates>
            </LineString>
         </Placemark>
         <Placemark>
            <name> </name>
            <Point>
               <coordinates> -90.70983545578649,42.49233735708156 </coordinates>
            </Point>
         </Placemark>
         <Placemark>
            <name> </name>
            <Point>
               <coordinates> -90.71463456112075,42.492353375830206 </coordinates>
            </Point>
         </Placemark>
      </Folder>
      <Folder id="HWY_20_AND_JFK-W-1400027442">
         <name> HWY_20_AND_JFK-W-1400027442 </name>
         <Placemark>
            <name> trajectory </name>
            <LineString>
               <coordinates>
                  -90.71112328867144,42.491884548035664
                  -90.71137623588837,42.491904850868245
                  -90.71153679590383,42.491975258856456
                  -90.71165283869921,42.49208459612916
                  -90.71183779936666,42.49212520179432
                  -90.71228967708997,42.492083664806565
                  -90.7146857838635,42.491957377462626
               </coordinates>
            </LineString>
         </Placemark>
         <Placemark>
            <name> </name>
            <Point>
               <coordinates> -90.71112328867144,42.491884548035664 </coordinates>
            </Point>
         </Placemark>
         <Placemark>
            <name> </name>
            <Point>
               <coordinates> -90.7146857838635,42.491957377462626 </coordinates>
            </Point>
         </Placemark>
      </Folder>
      <Folder id="HWY_20_AND_JFK-W-1885392392">
         <name> HWY_20_AND_JFK-W-1885392392 </name>
         <Placemark>
            <name> trajectory </name>
            <LineString>
               <coordinates>
                  -90.71463456112075,42.492353375830206
                  -90.71522818614308,42.4923142602812
                  -90.71678163223226,42.49225093034471
                  -90.71911627171448,42.492206599389164
                  -90.72048475713622,42.49216878769179
               </coordinates>
            </LineString>
         </Placemark>
         <Placemark>
            <name> </name>
            <Point>
               <coordinates> -90.71463456112075,42.492353375830206 </coordinates>
            </Point>
         </Placemark>
         <Placemark>
            <name> </name>
            <Point>
               <coordinates> -90.72048475713622,42.49216878769179 </coordinates>
            </Point>
         </Placemark>
      </Folder>
      <Folder id="HWY_20_AND_LOCUST-E--696648279">
         <name> HWY_20_AND_LOCUST-E--696648279 </name>
         <Placemark>
            <name> trajectory </name>
            <LineString>
               <coordinates>
                  -90.66633896528943,42.49203747120583
                  -90.66571293024077,42.49196650442406
                  -90.66539441791313,42.49193409439774
                  -90.66524801400114,42.49191714432651
               </coordinates>
            </LineString>
         </Placemark>
         <Placemark>
            <name> </name>
            <Point>
               <coordinates> -90.66633896528943,42.49203747120583 </coordinates>
            </Point>
         </Placemark>
         <Placemark>
            <name> </name>
            <Point>
               <coordinates> -90.66524801400114,42.49191714432651 </coordinates>
            </Point>
         </Placemark>
      </Folder>
      <Folder id="HWY_20_AND_LOCUST-E-1204907361">
         <name> HWY_20_AND_LOCUST-E-1204907361 </name>
         <Placemark>
            <name> trajectory </name>
            <LineString>
               <coordinates>
                  -90.66500028219075,42.491892743674505
                  -90.66473653163172,42.49186573531924
                  -90.66460633273287,42.4918536281255
                  -90.66381321841061,42.491799238885925
               </coordinates>
            </LineString>
         </Placemark>
         <Placemark>
            <name> </name>
            <Point>
               <coordinates> -90.66500028219075,42.491892743674505 </coordinates>
            </Point>
         </Placemark>
         <Placemark>
            <name> </name>
            <Point>
               <coordinates> -90.66381321841061,42.491799238885925 </coordinates>
            </Point>
         </Placemark>
      </Folder>
      <Folder id="HWY_20_AND_LOCUST-E-17257027">
         <name> HWY_20_AND_LOCUST-E-17257027 </name>
         <Placemark>
            <name> trajectory </name>
            <LineString>
               <coordinates>
                  -90.66381321841061,42.491799238885925
                  -90.66298471382972,42.49174075182693
                  -90.66207052757004,42.49167202021938
               </coordinates>
            </LineString>
         </Placemark>
         <Placemark>
            <name> </name>
            <Point>
               <coordinates> -90.66381321841061,42.491799238885925 </coordinates>
            </Point>
         </Placemark>
         <Placemark>
            <name> </name>
            <Point>
               <coordinates> -90.66207052757004,42.49167202021938 </coordinates>
            </Point>
         </Placemark>
      </Folder>
      <Folder id="HWY_20_AND_LOCUST-E-7296965">
         <name> HWY_20_AND_LOCUST-E-7296965 </name>
         <Placemark>
            <name> trajectory </name>
            <LineString>
               <coordinates>
                  -90.66524801400114,42.49191714432651
                  -90.66500028219075,42.491892743674505
               </coordinates>
            </LineString>
         </Placemark>
         <Placemark>
            <name> </name>
            <Point>
               <coordinates> -90.66524801400114,42.49191714432651 </coordinates>
            </Point>
         </Placemark>
         <Placemark>
            <name> </name>
            <Point>
               <coordinates> -90.66500028219075,42.491892743674505 </coordinates>
            </Point>
         </Placemark>
      </Folder>
      <Folder id="HWY_20_AND_LOCUST-ENE--109444793">
         <name> HWY_20_AND_LOCUST-ENE--109444793 </name>
         <Placemark>
            <name> trajectory </name>
            <LineString>
               <coordinates>
                  -90.67631305775745,42.4897486527953
                  -90.6759485380936,42.48972723237561
                  -90.67553577591931,42.489735055485404
                  -90.67505819369238,42.48976672045365
                  -90.67453814315509,42.48986059777127
                  -90.67402926848894,42.489989679082996
                  -90.6725210846779,42.490457761819464
                  -90.66819714013182,42.49174466338183
               </coordinates>
            </LineString>
         </Placemark>
         <Placemark>
            <name> </name>
            <Point>
               <coordinates> -90.67631305775745,42.4897486527953 </coordinates>
            </Point>
         </Placemark>
         <Placemark>
            <name> </name>
            <Point>
               <coordinates> -90.66819714013182,42.49174466338183 </coordinates>
            </Point>
         </Placemark>
      </Folder>
      <Folder id="HWY_20_AND_LOCUST-ENE--32767992">
         <name> HWY_20_AND_LOCUST-ENE--32767992 </name>
         <Placemark>
            <name> trajectory </name>
            <LineString>
               <coordinates>
                  -90.66819714013182,42.49174466338183
                  -90.66778437795753,42.49186573531924
                  -90.6673390194924,42.49198066052751
                  -90.66690986604043,42.4920361673542
                  -90.66659880429354,42.492043990464005
                  -90.66633896528943,42.49203747120583
               </coordinates>
            </LineString>
         </Placemark>
         <Placemark>
            <name> </name>
            <Point>
               <coordinates> -90.66819714013182,42.49174466338183 </coordinates>
            </Point>
         </Placemark>
         <Placemark>
            <name> </name>
            <Point>
               <coordinates> -90.66633896528943,42.49203747120583 </coordinates>
            </Point>
         </Placemark>
      </Folder>
      <Folder id="HWY_20_AND_LOCUST-N--1277716785">
         <name> HWY_20_AND_LOCUST-N--1277716785 </name>
         <Placemark>
            <name> trajectory </name>
            <LineString>
               <coordinates>
                  -90.66496936228057,42.492027226657285
                  -90.66491255160226,42.49233754334608
               </coordinates>
            </LineString>
         </Placemark>
         <Placemark>
            <name> </name>
            <Point>
               <coordinates> -90.66496936228057,42.492027226657285 </coordinates>
            </Point>
         </Placemark>
         <Placemark>
            <name> </name>
            <Point>
               <coordinates> -90.66491255160226,42.49233754334608 </coordinates>
            </Point>
         </Placemark>
      </Folder>
      <Folder id="HWY_20_AND_LOCUST-N--1731175449">
         <name> HWY_20_AND_LOCUST-N--1731175449 </name>
         <Placemark>
            <name> trajectory </name>
            <LineString>
               <coordinates>
                  -90.66500028219075,42.491892743674505
                  -90.66496936228057,42.492027226657285
               </coordinates>
            </LineString>
         </Placemark>
         <Placemark>
            <name> </name>
            <Point>
               <coordinates> -90.66500028219075,42.491892743674505 </coordinates>
            </Point>
         </Placemark>
         <Placemark>
            <name> </name>
            <Point>
               <coordinates> -90.66496936228057,42.492027226657285 </coordinates>
            </Point>
         </Placemark>
      </Folder>
      <Folder id="HWY_20_AND_LOCUST-N--683983507">
         <name> HWY_20_AND_LOCUST-N--683983507 </name>
         <Placemark>
            <name> trajectory </name>
            <LineString>
               <coordinates>
                  -90.66512358930238,42.49124882723202
                  -90.66502021249428,42.49178452398891
                  -90.66500028219075,42.491892743674505
               </coordinates>
            </LineString>
         </Placemark>
         <Placemark>
            <name> </name>
            <Point>
               <coordinates> -90.66512358930238,42.49124882723202 </coordinates>
            </Point>
         </Placemark>
         <Placemark>
            <name> </name>
            <Point>
               <coordinates> -90.66500028219075,42.491892743674505 </coordinates>
            </Point>
         </Placemark>
      </Folder>
      <Folder id="HWY_20_AND_LOCUST-N-186777399">
         <name> HWY_20_AND_LOCUST-N-186777399 </name>
         <Placemark>
            <name> trajectory </name>
            <LineString>
               <coordinates>
                  -90.66491255160226,42.49233754334608
                  -90.66488405313083,42.49249158410337
                  -90.664802655536,42.492869887341634
                  -90.66473913933498,42.493211682734156
               </coordinates>
            </LineString>
         </Placemark>
         <Placemark>
            <name> </name>
            <Point>
               <coordinates> -90.66491255160226,42.49233754334608 </coordinates>
            </Point>
         </Placemark>
         <Placemark>
            <name> </name>
            <Point>
               <coordinates> -90.66473913933498,42.493211682734156 </coordinates>
            </Point>
         </Placemark>
      </Folder>
      <Folder id="HWY_20_AND_LOCUST-N-1989683119">
         <name> HWY_20_AND_LOCUST-N-1989683119 </name>
         <Placemark>
            <name> trajectory </name>
            <LineString>
               <coordinates>
                  -90.66517388072253,42.48908834507514
                  -90.6653404012026,42.489639874316154
                  -90.6653726249644,42.48995633773408
                  -90.66512358930238,42.49124882723202
               </coordinates>
            </LineString>
         </Placemark>
         <Placemark>
            <name> </name>
            <Point>
               <coordinates> -90.66517388072253,42.48908834507514 </coordinates>
            </Point>
         </Placemark>
         <Placemark>
            <name> </name>
            <Point>
               <coordinates> -90.66512358930238,42.49124882723202 </coordinates>
            </Point>
         </Placemark>
      </Folder>
      <Folder id="HWY_20_AND_LOCUST-S--373582149">
         <name> HWY_20_AND_LOCUST-S--373582149 </name>
         <Placemark>
            <name> trajectory </name>
            <LineString>
               <coordinates>
                  -90.66514966633505,42.492384482004894
                  -90.6651764884258,42.49224850890596
                  -90.66521672156192,42.49205647018678
               </coordinates>
            </LineString>
         </Placemark>
         <Placemark>
            <name> </name>
            <Point>
               <coordinates> -90.66514966633505,42.492384482004894 </coordinates>
            </Point>
         </Placemark>
         <Placemark>
            <name> </name>
            <Point>
               <coordinates> -90.66521672156192,42.49205647018678 </coordinates>
            </Point>
         </Placemark>
      </Folder>
      <Folder id="HWY_20_AND_LOCUST-S--943548885">
         <name> HWY_20_AND_LOCUST-S--943548885 </name>
         <Placemark>
            <name> trajectory </name>
            <LineString>
               <coordinates>
                  -90.66524801400114,42.49191714432651
                  -90.66546519843038,42.49078595990209
                  -90.66552275416679,42.49023312680944
                  -90.66552275416679,42.48967135301988
                  -90.66538324204198,42.489125597978955
                  -90.66533406820895,42.48904978831969
               </coordinates>
            </LineString>
         </Placemark>
         <Placemark>
            <name> </name>
            <Point>
               <coordinates> -90.66524801400114,42.49191714432651 </coordinates>
            </Point>
         </Placemark>
         <Placemark>
            <name> </name>
            <Point>
               <coordinates> -90.66533406820895,42.48904978831969 </coordinates>
            </Point>
         </Placemark>
      </Folder>
      <Folder id="HWY_20_AND_LOCUST-S-32034488">
         <name> HWY_20_AND_LOCUST-S-32034488 </name>
         <Placemark>
            <name> trajectory </name>
            <LineString>
               <coordinates>
                  -90.6649062186086,42.49368386329004
                  -90.66491255160226,42.49361885697288
                  -90.66501853611362,42.49293899147821
                  -90.66514966633505,42.492384482004894
               </coordinates>
            </LineString>
         </Placemark>
         <Placemark>
            <name> </name>
            <Point>
               <coordinates> -90.6649062186086,42.49368386329004 </coordinates>
            </Point>
         </Placemark>
         <Placemark>
            <name> </name>
            <Point>
               <coordinates> -90.66514966633505,42.492384482004894 </coordinates>
            </Point>
         </Placemark>
      </Folder>
      <Folder id="HWY_20_AND_LOCUST-S-462688316">
         <name> HWY_20_AND_LOCUST-S-462688316 </name>
         <Placemark>
            <name> trajectory </name>
            <LineString>
               <coordinates>
                  -90.66521672156192,42.49205647018678
                  -90.66524801400114,42.49191714432651
               </coordinates>
            </LineString>
         </Placemark>
         <Placemark>
            <name> </name>
            <Point>
               <coordinates> -90.66521672156192,42.49205647018678 </coordinates>
            </Point>
         </Placemark>
         <Placemark>
            <name> </name>
            <Point>
               <coordinates> -90.66524801400114,42.49191714432651 </coordinates>
            </Point>
         </Placemark>
      </Folder>
      <Folder id="HWY_20_AND_LOCUST-W--1202630507">
         <name> HWY_20_AND_LOCUST-W--1202630507 </name>
         <Placemark>
            <name> trajectory </name>
            <LineString>
               <coordinates>
                  -90.66377428912612,42.491900939313346
                  -90.66415426874505,42.49193968233331
               </coordinates>
            </LineString>
         </Placemark>
         <Placemark>
            <name> </name>
            <Point>
               <coordinates> -90.66377428912612,42.491900939313346 </coordinates>
            </Point>
         </Placemark>
         <Placemark>
            <name> </name>
            <Point>
               <coordinates> -90.66415426874505,42.49193968233331 </coordinates>
            </Point>
         </Placemark>
      </Folder>
      <Folder id="HWY_20_AND_LOCUST-W--599556225">
         <name> HWY_20_AND_LOCUST-W--599556225 </name>
         <Placemark>
            <name> trajectory </name>
            <LineString>
               <coordinates>
                  -90.66415426874505,42.49193968233331
                  -90.66453648353823,42.491984572082416
               </coordinates>
            </LineString>
         </Placemark>
         <Placemark>
            <name> </name>
            <Point>
               <coordinates> -90.66415426874505,42.49193968233331 </coordinates>
            </Point>
         </Placemark>
         <Placemark>
            <name> </name>
            <Point>
               <coordinates> -90.66453648353823,42.491984572082416 </coordinates>
            </Point>
         </Placemark>
      </Folder>
      <Folder id="HWY_20_AND_LOCUST-W--6151788">
         <name> HWY_20_AND_LOCUST-W--6151788 </name>
         <Placemark>
            <name> trajectory </name>
            <LineString>
               <coordinates>
                  -90.66578855363552,42.49212259409106
                  -90.66626203804304,42.49217065033698
                  -90.66649151593056,42.49218238500168
                  -90.66687782854314,42.49216264096266
                  -90.66732840241481,42.49209539947127
                  -90.66763946416168,42.49202033487008
                  -90.66825301948755,42.491827551092825
               </coordinates>
            </LineString>
         </Placemark>
         <Placemark>
            <name> </name>
            <Point>
               <coordinates> -90.66578855363552,42.49212259409106 </coordinates>
            </Point>
         </Placemark>
         <Placemark>
            <name> </name>
            <Point>
               <coordinates> -90.66825301948755,42.491827551092825 </coordinates>
            </Point>
         </Placemark>
      </Folder>
      <Folder id="HWY_20_AND_LOCUST-W-1142852363">
         <name> HWY_20_AND_LOCUST-W-1142852363 </name>
         <Placemark>
            <name> trajectory </name>
            <LineString>
               <coordinates>
                  -90.66207052757004,42.49167202021938
                  -90.66300836942364,42.49181115981514
                  -90.66377428912612,42.491900939313346
               </coordinates>
            </LineString>
         </Placemark>
         <Placemark>
            <name> </name>
            <Point>
               <coordinates> -90.66207052757004,42.49167202021938 </coordinates>
            </Point>
         </Placemark>
         <Placemark>
            <name> </name>
            <Point>
               <coordinates> -90.66377428912612,42.491900939313346 </coordinates>
            </Point>
         </Placemark>
      </Folder>
      <Folder id="HWY_20_AND_LOCUST-W-1259056995">
         <name> HWY_20_AND_LOCUST-W-1259056995 </name>
         <Placemark>
            <name> trajectory </name>
            <LineString>
               <coordinates>
                  -90.66521672156192,42.49205647018678
                  -90.66578855363552,42.49212259409106
               </coordinates>
            </LineString>
         </Placemark>
         <Placemark>
            <name> </name>
            <Point>
               <coordinates> -90.66521672156192,42.49205647018678 </coordinates>
            </Point>
         </Placemark>
         <Placemark>
            <name> </name>
            <Point>
               <coordinates> -90.66578855363552,42.49212259409106 </coordinates>
            </Point>
         </Placemark>
      </Folder>
      <Folder id="HWY_20_AND_LOCUST-W-1776838077">
         <name> HWY_20_AND_LOCUST-W-1776838077 </name>
         <Placemark>
            <name> trajectory </name>
            <LineString>
               <coordinates>
                  -90.66453648353823,42.491984572082416
                  -90.6648134588781,42.49201009032153
                  -90.66496936228057,42.492027226657285
               </coordinates>
            </LineString>
         </Placemark>
         <Placemark>
            <name> </name>
            <Point>
               <coordinates> -90.66453648353823,42.491984572082416 </coordinates>
            </Point>
         </Placemark>
         <Placemark>
            <name> </name>
            <Point>
               <coordinates> -90.66496936228057,42.492027226657285 </coordinates>
            </Point>
         </Placemark>
      </Folder>
      <Folder id="HWY_20_AND_LOCUST-W-1998683779">
         <name> HWY_20_AND_LOCUST-W-1998683779 </name>
         <Placemark>
            <name> trajectory </name>
            <LineString>
               <coordinates>
                  -90.66825301948755,42.491827551092825
                  -90.67256709201412,42.490544374820836
                  -90.67409874515457,42.49010423176224
                  -90.67468305695094,42.48995522014697
                  -90.67507942784755,42.48990120343643
                  -90.67553577591931,42.48986171535839
                  -90.67586825808588,42.48984979442916
                  -90.67634584031282,42.489864509326175
                  -90.67712889635106,42.4899565239986
                  -90.67744517350447,42.49001203082529
                  -90.67777802820008,42.4900990163557
                  -90.67829621609218,42.49026926212615
                  -90.67926516412047,42.490604351995984
               </coordinates>
            </LineString>
         </Placemark>
         <Placemark>
            <name> </name>
            <Point>
               <coordinates> -90.66825301948755,42.491827551092825 </coordinates>
            </Point>
         </Placemark>
         <Placemark>
            <name> </name>
            <Point>
               <coordinates> -90.67926516412047,42.490604351995984 </coordinates>
            </Point>
         </Placemark>
      </Folder>
      <Folder id="HWY_20_AND_LOCUST-W-637791787">
         <name> HWY_20_AND_LOCUST-W-637791787 </name>
         <Placemark>
            <name> trajectory </name>
            <LineString>
               <coordinates>
                  -90.66496936228057,42.492027226657285
                  -90.66521672156192,42.49205647018678
               </coordinates>
            </LineString>
         </Placemark>
         <Placemark>
            <name> </name>
            <Point>
               <coordinates> -90.66496936228057,42.492027226657285 </coordinates>
            </Point>
         </Placemark>
         <Placemark>
            <name> </name>
            <Point>
               <coordinates> -90.66521672156192,42.49205647018678 </coordinates>
            </Point>
         </Placemark>
      </Folder>
      <Folder id="HWY_20_AND_NW_ARTERIAL-ENE--1032468244">
         <name> HWY_20_AND_NW_ARTERIAL-ENE--1032468244 </name>
         <Placemark>
            <name> trajectory </name>
            <LineString>
               <coordinates>
                  -90.74269102683718,42.48757457332852
                  -90.74263011833943,42.48758835690293
                  -90.74129255282787,42.487906496701534
                  -90.7409628646291,42.48798118877369
               </coordinates>
            </LineString>
         </Placemark>
         <Placemark>
            <name> </name>
            <Point>
               <coordinates> -90.74269102683718,42.48757457332852 </coordinates>
            </Point>
         </Placemark>
         <Placemark>
            <name> </name>
            <Point>
               <coordinates> -90.7409628646291,42.48798118877369 </coordinates>
            </Point>
         </Placemark>
      </Folder>
      <Folder id="HWY_20_AND_NW_ARTERIAL-ENE--320048606">
         <name> HWY_20_AND_NW_ARTERIAL-ENE--320048606 </name>
         <Placemark>
            <name> trajectory </name>
            <LineString>
               <coordinates>
                  -90.7409628646291,42.48798118877369
                  -90.7409101517702,42.48799292343839
                  -90.74013491884176,42.48816838461537
               </coordinates>
            </LineString>
         </Placemark>
         <Placemark>
            <name> </name>
            <Point>
               <coordinates> -90.7409628646291,42.48798118877369 </coordinates>
            </Point>
         </Placemark>
         <Placemark>
            <name> </name>
            <Point>
               <coordinates> -90.74013491884176,42.48816838461537 </coordinates>
            </Point>
         </Placemark>
      </Folder>
      <Folder id="HWY_20_AND_NW_ARTERIAL-ENE--464093062">
         <name> HWY_20_AND_NW_ARTERIAL-ENE--464093062 </name>
         <Placemark>
            <name> trajectory </name>
            <LineString>
               <coordinates>
                  -90.74013491884176,42.48816838461537
                  -90.73898995084294,42.48846957434273
               </coordinates>
            </LineString>
         </Placemark>
         <Placemark>
            <name> </name>
            <Point>
               <coordinates> -90.74013491884176,42.48816838461537 </coordinates>
            </Point>
         </Placemark>
         <Placemark>
            <name> </name>
            <Point>
               <coordinates> -90.73898995084294,42.48846957434273 </coordinates>
            </Point>
         </Placemark>
      </Folder>
      <Folder id="HWY_20_AND_NW_ARTERIAL-ENE-1999390116">
         <name> HWY_20_AND_NW_ARTERIAL-ENE-1999390116 </name>
         <Placemark>
            <name> trajectory </name>
            <LineString>
               <coordinates>
                  -90.73898995084294,42.48846957434273
                  -90.73697196104315,42.48903078933874
                  -90.73429049702638,42.489786464492674
                  -90.73382967860616,42.48990939907527
                  -90.73318743854435,42.49005747936795
                  -90.73227567372342,42.490245420267705
               </coordinates>
            </LineString>
         </Placemark>
         <Placemark>
            <name> </name>
            <Point>
               <coordinates> -90.73898995084294,42.48846957434273 </coordinates>
            </Point>
         </Placemark>
         <Placemark>
            <name> </name>
            <Point>
               <coordinates> -90.73227567372342,42.490245420267705 </coordinates>
            </Point>
         </Placemark>
      </Folder>
      <Folder id="HWY_20_AND_NW_ARTERIAL-ESE--1564452212">
         <name> HWY_20_AND_NW_ARTERIAL-ESE--1564452212 </name>
         <Placemark>
            <name> trajectory </name>
            <LineString>
               <coordinates>
                  -90.73915516747137,42.48852862019528
                  -90.73898995084294,42.48846957434273
               </coordinates>
            </LineString>
         </Placemark>
         <Placemark>
            <name> </name>
            <Point>
               <coordinates> -90.73915516747137,42.48852862019528 </coordinates>
            </Point>
         </Placemark>
         <Placemark>
            <name> </name>
            <Point>
               <coordinates> -90.73898995084294,42.48846957434273 </coordinates>
            </Point>
         </Placemark>
      </Folder>
      <Folder id="HWY_20_AND_NW_ARTERIAL-ESE-2123329576">
         <name> HWY_20_AND_NW_ARTERIAL-ESE-2123329576 </name>
         <Placemark>
            <name> trajectory </name>
            <LineString>
               <coordinates>
                  -90.73898995084294,42.48846957434273
                  -90.73893686545499,42.488363217302336
                  -90.73883423370498,42.48826412457818
                  -90.73869472158017,42.48824046898426
                  -90.73849076193179,42.48827101636539
               </coordinates>
            </LineString>
         </Placemark>
         <Placemark>
            <name> </name>
            <Point>
               <coordinates> -90.73898995084294,42.48846957434273 </coordinates>
            </Point>
         </Placemark>
         <Placemark>
            <name> </name>
            <Point>
               <coordinates> -90.73849076193179,42.48827101636539 </coordinates>
            </Point>
         </Placemark>
      </Folder>
      <Folder id="HWY_20_AND_NW_ARTERIAL-N-1876155466">
         <name> HWY_20_AND_NW_ARTERIAL-N-1876155466 </name>
         <Placemark>
            <name> trajectory </name>
            <LineString>
               <coordinates>
                  -90.74037072972291,42.49369112760628
                  -90.7404524998468,42.49413928003921
                  -90.7405471222225,42.49525109295363
                  -90.74058269874564,42.496720347480185
                  -90.74058977679736,42.497246917275646
               </coordinates>
            </LineString>
         </Placemark>
         <Placemark>
            <name> </name>
            <Point>
               <coordinates> -90.74037072972291,42.49369112760628 </coordinates>
            </Point>
         </Placemark>
         <Placemark>
            <name> </name>
            <Point>
               <coordinates> -90.74058977679736,42.497246917275646 </coordinates>
            </Point>
         </Placemark>
      </Folder>
      <Folder id="HWY_20_AND_NW_ARTERIAL-N-482505961">
         <name> HWY_20_AND_NW_ARTERIAL-N-482505961 </name>
         <Placemark>
            <name> trajectory </name>
            <LineString>
               <coordinates>
                  -90.73986464902455,42.49135686065309
                  -90.74007531419565,42.49233847466868
               </coordinates>
            </LineString>
         </Placemark>
         <Placemark>
            <name> </name>
            <Point>
               <coordinates> -90.73986464902455,42.49135686065309 </coordinates>
            </Point>
         </Placemark>
         <Placemark>
            <name> </name>
            <Point>
               <coordinates> -90.74007531419565,42.49233847466868 </coordinates>
            </Point>
         </Placemark>
      </Folder>
      <Folder id="HWY_20_AND_NW_ARTERIAL-N-796938323">
         <name> HWY_20_AND_NW_ARTERIAL-N-796938323 </name>
         <Placemark>
            <name> trajectory </name>
            <LineString>
               <coordinates>
                  -90.74007531419565,42.49233847466868
                  -90.74033776090305,42.493509333435654
                  -90.74037072972291,42.49369112760628
               </coordinates>
            </LineString>
         </Placemark>
         <Placemark>
            <name> </name>
            <Point>
               <coordinates> -90.74007531419565,42.49233847466868 </coordinates>
            </Point>
         </Placemark>
         <Placemark>
            <name> </name>
            <Point>
               <coordinates> -90.74037072972291,42.49369112760628 </coordinates>
            </Point>
         </Placemark>
      </Folder>
      <Folder id="HWY_20_AND_NW_ARTERIAL-NNE-1700552295">
         <name> HWY_20_AND_NW_ARTERIAL-NNE-1700552295 </name>
         <Placemark>
            <name> trajectory </name>
            <LineString>
               <coordinates>
                  -90.73898995084294,42.48846957434273
                  -90.73893779677759,42.488583568228414
               </coordinates>
            </LineString>
         </Placemark>
         <Placemark>
            <name> </name>
            <Point>
               <coordinates> -90.73898995084294,42.48846957434273 </coordinates>
            </Point>
         </Placemark>
         <Placemark>
            <name> </name>
            <Point>
               <coordinates> -90.73893779677759,42.488583568228414 </coordinates>
            </Point>
         </Placemark>
      </Folder>
      <Folder id="HWY_20_AND_NW_ARTERIAL-NNW-1433205980">
         <name> HWY_20_AND_NW_ARTERIAL-NNW-1433205980 </name>
         <Placemark>
            <name> trajectory </name>
            <LineString>
               <coordinates>
                  -90.73893779677759,42.488583568228414
                  -90.73938837064925,42.48945677629389
                  -90.73949454142513,42.489727604904644
                  -90.73960630013659,42.490145023691916
                  -90.73986464902455,42.49135686065309
               </coordinates>
            </LineString>
         </Placemark>
         <Placemark>
            <name> </name>
            <Point>
               <coordinates> -90.73893779677759,42.488583568228414 </coordinates>
            </Point>
         </Placemark>
         <Placemark>
            <name> </name>
            <Point>
               <coordinates> -90.73986464902455,42.49135686065309 </coordinates>
            </Point>
         </Placemark>
      </Folder>
      <Folder id="HWY_20_AND_NW_ARTERIAL-S--2059166838">
         <name> HWY_20_AND_NW_ARTERIAL-S--2059166838 </name>
         <Placemark>
            <name> trajectory </name>
            <LineString>
               <coordinates>
                  -90.74032919273516,42.49230438826169
                  -90.74012933090619,42.49134587104646
               </coordinates>
            </LineString>
         </Placemark>
         <Placemark>
            <name> </name>
            <Point>
               <coordinates> -90.74032919273516,42.49230438826169 </coordinates>
            </Point>
         </Placemark>
         <Placemark>
            <name> </name>
            <Point>
               <coordinates> -90.74012933090619,42.49134587104646 </coordinates>
            </Point>
         </Placemark>
      </Folder>
      <Folder id="HWY_20_AND_NW_ARTERIAL-S-1645045011">
         <name> HWY_20_AND_NW_ARTERIAL-S-1645045011 </name>
         <Placemark>
            <name> trajectory </name>
            <LineString>
               <coordinates>
                  -90.74074661152244,42.49724635848209
                  -90.7407510818709,42.49671103425423
                  -90.7407510818709,42.49500652764007
                  -90.74065459685,42.49395431937175
                  -90.74057394431324,42.49346407115752
                  -90.74032919273516,42.49230438826169
               </coordinates>
            </LineString>
         </Placemark>
         <Placemark>
            <name> </name>
            <Point>
               <coordinates> -90.74074661152244,42.49724635848209 </coordinates>
            </Point>
         </Placemark>
         <Placemark>
            <name> </name>
            <Point>
               <coordinates> -90.74032919273516,42.49230438826169 </coordinates>
            </Point>
         </Placemark>
      </Folder>
      <Folder id="HWY_20_AND_NW_ARTERIAL-SSE-245457419">
         <name> HWY_20_AND_NW_ARTERIAL-SSE-245457419 </name>
         <Placemark>
            <name> trajectory </name>
            <LineString>
               <coordinates>
                  -90.74012933090619,42.49134587104646
                  -90.73990879371559,42.49035885535983
                  -90.73982832744333,42.4900463034968
                  -90.73953570588385,42.48932005813688
                  -90.73915516747137,42.48852862019528
               </coordinates>
            </LineString>
         </Placemark>
         <Placemark>
            <name> </name>
            <Point>
               <coordinates> -90.74012933090619,42.49134587104646 </coordinates>
            </Point>
         </Placemark>
         <Placemark>
            <name> </name>
            <Point>
               <coordinates> -90.73915516747137,42.48852862019528 </coordinates>
            </Point>
         </Placemark>
      </Folder>
      <Folder id="HWY_20_AND_NW_ARTERIAL-WSW--12167728">
         <name> HWY_20_AND_NW_ARTERIAL-WSW--12167728 </name>
         <Placemark>
            <name> trajectory </name>
            <LineString>
               <coordinates>
                  -90.73893779677759,42.488583568228414
                  -90.73915516747137,42.48852862019528
               </coordinates>
            </LineString>
         </Placemark>
         <Placemark>
            <name> </name>
            <Point>
               <coordinates> -90.73893779677759,42.488583568228414 </coordinates>
            </Point>
         </Placemark>
         <Placemark>
            <name> </name>
            <Point>
               <coordinates> -90.73915516747137,42.48852862019528 </coordinates>
            </Point>
         </Placemark>
      </Folder>
      <Folder id="HWY_20_AND_NW_ARTERIAL-WSW--1220470497">
         <name> HWY_20_AND_NW_ARTERIAL-WSW--1220470497 </name>
         <Placemark>
            <name> trajectory </name>
            <LineString>
               <coordinates>
                  -90.74099117683599,42.488042656064984
                  -90.74272995612166,42.48763455050367
               </coordinates>
            </LineString>
         </Placemark>
         <Placemark>
            <name> </name>
            <Point>
               <coordinates> -90.74099117683599,42.488042656064984 </coordinates>
            </Point>
         </Placemark>
         <Placemark>
            <name> </name>
            <Point>
               <coordinates> -90.74272995612166,42.48763455050367 </coordinates>
            </Point>
         </Placemark>
      </Folder>
      <Folder id="HWY_20_AND_NW_ARTERIAL-WSW--1450154278">
         <name> HWY_20_AND_NW_ARTERIAL-WSW--1450154278 </name>
         <Placemark>
            <name> trajectory </name>
            <LineString>
               <coordinates>
                  -90.73915516747137,42.48852862019528
                  -90.74016826019067,42.48823748875195
               </coordinates>
            </LineString>
         </Placemark>
         <Placemark>
            <name> </name>
            <Point>
               <coordinates> -90.73915516747137,42.48852862019528 </coordinates>
            </Point>
         </Placemark>
         <Placemark>
            <name> </name>
            <Point>
               <coordinates> -90.74016826019067,42.48823748875195 </coordinates>
            </Point>
         </Placemark>
      </Folder>
      <Folder id="HWY_20_AND_NW_ARTERIAL-WSW-1414326429">
         <name> HWY_20_AND_NW_ARTERIAL-WSW-1414326429 </name>
         <Placemark>
            <name> trajectory </name>
            <LineString>
               <coordinates>
                  -90.73234906194394,42.49039014779903
                  -90.73274114875662,42.49030707382352
                  -90.73691310145512,42.48913919528885
                  -90.73821211021122,42.488796096044695
                  -90.73893779677759,42.488583568228414
               </coordinates>
            </LineString>
         </Placemark>
         <Placemark>
            <name> </name>
            <Point>
               <coordinates> -90.73234906194394,42.49039014779903 </coordinates>
            </Point>
         </Placemark>
         <Placemark>
            <name> </name>
            <Point>
               <coordinates> -90.73893779677759,42.488583568228414 </coordinates>
            </Point>
         </Placemark>
      </Folder>
      <Folder id="HWY_20_AND_NW_ARTERIAL-WSW-1913967185">
         <name> HWY_20_AND_NW_ARTERIAL-WSW-1913967185 </name>
         <Placemark>
            <name> trajectory </name>
            <LineString>
               <coordinates>
                  -90.74016826019067,42.48823748875195
                  -90.74020048395248,42.488228175526
                  -90.74094218926747,42.48805401820065
                  -90.74099117683599,42.488042656064984
               </coordinates>
            </LineString>
         </Placemark>
         <Placemark>
            <name> </name>
            <Point>
               <coordinates> -90.74016826019067,42.48823748875195 </coordinates>
            </Point>
         </Placemark>
         <Placemark>
            <name> </name>
            <Point>
               <coordinates> -90.74099117683599,42.488042656064984 </coordinates>
            </Point>
         </Placemark>
      </Folder>
      <Folder id="HWY_20_AND_OLD_HWY-ENE--1032468244">
         <name> HWY_20_AND_OLD_HWY-ENE--1032468244 </name>
         <Placemark>
            <name> trajectory </name>
            <LineString>
               <coordinates>
                  -90.74269102683718,42.48757457332852
                  -90.74263011833943,42.48758835690293
                  -90.74129255282787,42.487906496701534
                  -90.7409628646291,42.48798118877369
               </coordinates>
            </LineString>
         </Placemark>
         <Placemark>
            <name> </name>
            <Point>
               <coordinates> -90.74269102683718,42.48757457332852 </coordinates>
            </Point>
         </Placemark>
         <Placemark>
            <name> </name>
            <Point>
               <coordinates> -90.7409628646291,42.48798118877369 </coordinates>
            </Point>
         </Placemark>
      </Folder>
      <Folder id="HWY_20_AND_OLD_HWY-ENE--851727411">
         <name> HWY_20_AND_OLD_HWY-ENE--851727411 </name>
         <Placemark>
            <name> trajectory </name>
            <LineString>
               <coordinates>
                  -90.74446221614917,42.48716851667692
                  -90.74416549677026,42.487237062019936
                  -90.74269102683718,42.48757457332852
               </coordinates>
            </LineString>
         </Placemark>
         <Placemark>
            <name> </name>
            <Point>
               <coordinates> -90.74446221614917,42.48716851667692 </coordinates>
            </Point>
         </Placemark>
         <Placemark>
            <name> </name>
            <Point>
               <coordinates> -90.74269102683718,42.48757457332852 </coordinates>
            </Point>
         </Placemark>
      </Folder>
      <Folder id="HWY_20_AND_OLD_HWY-ENE-1355108678">
         <name> HWY_20_AND_OLD_HWY-ENE-1355108678 </name>
         <Placemark>
            <name> trajectory </name>
            <LineString>
               <coordinates>
                  -90.74745511444185,42.48645568236237
                  -90.74579251734448,42.486860621426864
                  -90.74446221614917,42.48716851667692
               </coordinates>
            </LineString>
         </Placemark>
         <Placemark>
            <name> </name>
            <Point>
               <coordinates> -90.74745511444185,42.48645568236237 </coordinates>
            </Point>
         </Placemark>
         <Placemark>
            <name> </name>
            <Point>
               <coordinates> -90.74446221614917,42.48716851667692 </coordinates>
            </Point>
         </Placemark>
      </Folder>
      <Folder id="HWY_20_AND_OLD_HWY-N-164411529">
         <name> HWY_20_AND_OLD_HWY-N-164411529 </name>
         <Placemark>
            <name> trajectory </name>
            <LineString>
               <coordinates>
                  -90.74446221614917,42.48716851667692
                  -90.74447637225262,42.487245630187815
               </coordinates>
            </LineString>
         </Placemark>
         <Placemark>
            <name> </name>
            <Point>
               <coordinates> -90.74446221614917,42.48716851667692 </coordinates>
            </Point>
         </Placemark>
         <Placemark>
            <name> </name>
            <Point>
               <coordinates> -90.74447637225262,42.487245630187815 </coordinates>
            </Point>
         </Placemark>
      </Folder>
      <Folder id="HWY_20_AND_OLD_HWY-NE--1365098081">
         <name> HWY_20_AND_OLD_HWY-NE--1365098081 </name>
         <Placemark>
            <name> trajectory </name>
            <LineString>
               <coordinates>
                  -90.76124204161559,42.47516041566045
                  -90.75898023156033,42.478091474132796
                  -90.75821598823852,42.4790654513031
                  -90.7566895505046,42.48110989066459
                  -90.75569284906297,42.48241355603368
                  -90.75466951179511,42.48348848857332
                  -90.75403733001733,42.48397948184564
                  -90.7533334363997,42.484469357530834
                  -90.75243806285646,42.48493446003499
                  -90.75153710137764,42.485316674828155
                  -90.7513005454384,42.48540366035857
                  -90.74986463226075,42.48583579404285
                  -90.74745511444185,42.48645568236237
               </coordinates>
            </LineString>
         </Placemark>
         <Placemark>
            <name> </name>
            <Point>
               <coordinates> -90.76124204161559,42.47516041566045 </coordinates>
            </Point>
         </Placemark>
         <Placemark>
            <name> </name>
            <Point>
               <coordinates> -90.74745511444185,42.48645568236237 </coordinates>
            </Point>
         </Placemark>
      </Folder>
      <Folder id="HWY_20_AND_OLD_HWY-SSE--54490295">
         <name> HWY_20_AND_OLD_HWY-SSE--54490295 </name>
         <Placemark>
            <name> trajectory </name>
            <LineString>
               <coordinates>
                  -90.74751192512018,42.48659612580976
                  -90.74745511444185,42.48645568236237
               </coordinates>
            </LineString>
         </Placemark>
         <Placemark>
            <name> </name>
            <Point>
               <coordinates> -90.74751192512018,42.48659612580976 </coordinates>
            </Point>
         </Placemark>
         <Placemark>
            <name> </name>
            <Point>
               <coordinates> -90.74745511444185,42.48645568236237 </coordinates>
            </Point>
         </Placemark>
      </Folder>
      <Folder id="HWY_20_AND_OLD_HWY-SSE-1699796603">
         <name> HWY_20_AND_OLD_HWY-SSE-1699796603 </name>
         <Placemark>
            <name> trajectory </name>
            <LineString>
               <coordinates>
                  -90.74797143968875,42.48711599008253
                  -90.74790047290699,42.4870649536043
                  -90.74775984319508,42.48696269438332
                  -90.74766354443871,42.48683398560063
                  -90.74751192512018,42.48659612580976
               </coordinates>
            </LineString>
         </Placemark>
         <Placemark>
            <name> </name>
            <Point>
               <coordinates> -90.74797143968875,42.48711599008253 </coordinates>
            </Point>
         </Placemark>
         <Placemark>
            <name> </name>
            <Point>
               <coordinates> -90.74751192512018,42.48659612580976 </coordinates>
            </Point>
         </Placemark>
      </Folder>
      <Folder id="HWY_20_AND_OLD_HWY-SW--1220424102">
         <name> HWY_20_AND_OLD_HWY-SW--1220424102 </name>
         <Placemark>
            <name> trajectory </name>
            <LineString>
               <coordinates>
                  -90.74751192512018,42.48659612580976
                  -90.74795001926907,42.48648343577572
                  -90.750076787548,42.48601125521983
                  -90.75128936956725,42.485657166369045
                  -90.75245426786961,42.4852010045618
                  -90.7532827724505,42.48477259616791
                  -90.75381772414933,42.484419624904234
                  -90.75488837260504,42.48363451995629
                  -90.75546784152391,42.48306976593442
                  -90.75585303654938,42.482650111972916
                  -90.75627362183349,42.482112180041796
                  -90.75744950974247,42.48052967668764
                  -90.75793621893085,42.480019684434374
                  -90.75961986391887,42.47767889822302
                  -90.76107105078707,42.47579539140602
                  -90.7615601814142,42.47514830846671
               </coordinates>
            </LineString>
         </Placemark>
         <Placemark>
            <name> </name>
            <Point>
               <coordinates> -90.74751192512018,42.48659612580976 </coordinates>
            </Point>
         </Placemark>
         <Placemark>
            <name> </name>
            <Point>
               <coordinates> -90.7615601814142,42.47514830846671 </coordinates>
            </Point>
         </Placemark>
      </Folder>
      <Folder id="HWY_20_AND_OLD_HWY-WSW--1220470497">
         <name> HWY_20_AND_OLD_HWY-WSW--1220470497 </name>
         <Placemark>
            <name> trajectory </name>
            <LineString>
               <coordinates>
                  -90.74099117683599,42.488042656064984
                  -90.74272995612166,42.48763455050367
               </coordinates>
            </LineString>
         </Placemark>
         <Placemark>
            <name> </name>
            <Point>
               <coordinates> -90.74099117683599,42.488042656064984 </coordinates>
            </Point>
         </Placemark>
         <Placemark>
            <name> </name>
            <Point>
               <coordinates> -90.74272995612166,42.48763455050367 </coordinates>
            </Point>
         </Placemark>
      </Folder>
      <Folder id="HWY_20_AND_OLD_HWY-WSW--812722890">
         <name> HWY_20_AND_OLD_HWY-WSW--812722890 </name>
         <Placemark>
            <name> trajectory </name>
            <LineString>
               <coordinates>
                  -90.74272995612166,42.48763455050367
                  -90.74278155139345,42.48762244330993
                  -90.74389690333375,42.48737173126724
                  -90.74447637225262,42.487245630187815
               </coordinates>
            </LineString>
         </Placemark>
         <Placemark>
            <name> </name>
            <Point>
               <coordinates> -90.74272995612166,42.48763455050367 </coordinates>
            </Point>
         </Placemark>
         <Placemark>
            <name> </name>
            <Point>
               <coordinates> -90.74447637225262,42.487245630187815 </coordinates>
            </Point>
         </Placemark>
      </Folder>
      <Folder id="HWY_20_AND_OLD_HWY-WSW-1528898357">
         <name> HWY_20_AND_OLD_HWY-WSW-1528898357 </name>
         <Placemark>
            <name> trajectory </name>
            <LineString>
               <coordinates>
                  -90.74447637225262,42.487245630187815
                  -90.74524676230357,42.48707743332708
                  -90.74534734514387,42.48705545411383
                  -90.74751192512018,42.48659612580976
               </coordinates>
            </LineString>
         </Placemark>
         <Placemark>
            <name> </name>
            <Point>
               <coordinates> -90.74447637225262,42.487245630187815 </coordinates>
            </Point>
         </Placemark>
         <Placemark>
            <name> </name>
            <Point>
               <coordinates> -90.74751192512018,42.48659612580976 </coordinates>
            </Point>
         </Placemark>
      </Folder>
      <Folder id="HWY_20_AND_UNIVERSITY-E--1926023111">
         <name> HWY_20_AND_UNIVERSITY-E--1926023111 </name>
         <Placemark>
            <name> trajectory </name>
            <LineString>
               <coordinates>
                  -90.70451164330196,42.491642217896334
                  -90.70304369262703,42.49149022604876
                  -90.70137103724564,42.49133246000109
               </coordinates>
            </LineString>
         </Placemark>
         <Placemark>
            <name> </name>
            <Point>
               <coordinates> -90.70451164330196,42.491642217896334 </coordinates>
            </Point>
         </Placemark>
         <Placemark>
            <name> </name>
            <Point>
               <coordinates> -90.70137103724564,42.49133246000109 </coordinates>
            </Point>
         </Placemark>
      </Folder>
      <Folder id="HWY_20_AND_UNIVERSITY-E--441329447">
         <name> HWY_20_AND_UNIVERSITY-E--441329447 </name>
         <Placemark>
            <name> trajectory </name>
            <LineString>
               <coordinates>
                  -90.71106834063832,42.49227663484834
                  -90.710513831165,42.49223193136376
                  -90.70902613645106,42.49205106851573
               </coordinates>
            </LineString>
         </Placemark>
         <Placemark>
            <name> </name>
            <Point>
               <coordinates> -90.71106834063832,42.49227663484834 </coordinates>
            </Point>
         </Placemark>
         <Placemark>
            <name> </name>
            <Point>
               <coordinates> -90.70902613645106,42.49205106851573 </coordinates>
            </Point>
         </Placemark>
      </Folder>
      <Folder id="HWY_20_AND_UNIVERSITY-E-508790468">
         <name> HWY_20_AND_UNIVERSITY-E-508790468 </name>
         <Placemark>
            <name> trajectory </name>
            <LineString>
               <coordinates>
                  -90.70680586338354,42.491812463666776
                  -90.70451164330196,42.491642217896334
               </coordinates>
            </LineString>
         </Placemark>
         <Placemark>
            <name> </name>
            <Point>
               <coordinates> -90.70680586338354,42.491812463666776 </coordinates>
            </Point>
         </Placemark>
         <Placemark>
            <name> </name>
            <Point>
               <coordinates> -90.70451164330196,42.491642217896334 </coordinates>
            </Point>
         </Placemark>
      </Folder>
      <Folder id="HWY_20_AND_UNIVERSITY-E-770908416">
         <name> HWY_20_AND_UNIVERSITY-E-770908416 </name>
         <Placemark>
            <name> trajectory </name>
            <LineString>
               <coordinates>
                  -90.70902613645106,42.49205106851573
                  -90.70745387764545,42.49187113699029
                  -90.70680586338354,42.491812463666776
               </coordinates>
            </LineString>
         </Placemark>
         <Placemark>
            <name> </name>
            <Point>
               <coordinates> -90.70902613645106,42.49205106851573 </coordinates>
            </Point>
         </Placemark>
         <Placemark>
            <name> </name>
            <Point>
               <coordinates> -90.70680586338354,42.491812463666776 </coordinates>
            </Point>
         </Placemark>
      </Folder>
      <Folder id="HWY_20_AND_UNIVERSITY-N--1792582176">
         <name> HWY_20_AND_UNIVERSITY-N--1792582176 </name>
         <Placemark>
            <name> trajectory </name>
            <LineString>
               <coordinates>
                  -90.70674953151997,42.49198850267215
                  -90.70675772679532,42.49260988110783
                  -90.70679516569756,42.493064739063435
                  -90.70676368682102,42.49336015459071
               </coordinates>
            </LineString>
         </Placemark>
         <Placemark>
            <name> </name>
            <Point>
               <coordinates> -90.70674953151997,42.49198850267215 </coordinates>
            </Point>
         </Placemark>
         <Placemark>
            <name> </name>
            <Point>
               <coordinates> -90.70676368682102,42.49336015459071 </coordinates>
            </Point>
         </Placemark>
      </Folder>
      <Folder id="HWY_20_AND_UNIVERSITY-N--25943046">
         <name> HWY_20_AND_UNIVERSITY-N--25943046 </name>
         <Placemark>
            <name> trajectory </name>
            <LineString>
               <coordinates>
                  -90.70676939938036,42.49181023741836
                  -90.70674965523884,42.49198607112438
               </coordinates>
            </LineString>
         </Placemark>
         <Placemark>
            <name> </name>
            <Point>
               <coordinates> -90.70676939938036,42.49181023741836 </coordinates>
            </Point>
         </Placemark>
         <Placemark>
            <name> </name>
            <Point>
               <coordinates> -90.70674965523884,42.49198607112438 </coordinates>
            </Point>
         </Placemark>
      </Folder>
      <Folder id="HWY_20_AND_UNIVERSITY-S-1764260067">
         <name> HWY_20_AND_UNIVERSITY-S-1764260067 </name>
         <Placemark>
            <name> trajectory </name>
            <LineString>
               <coordinates>
                  -90.7068225834521,42.491990523615904
                  -90.7068423273886,42.49181468990988
               </coordinates>
            </LineString>
         </Placemark>
         <Placemark>
            <name> </name>
            <Point>
               <coordinates> -90.7068225834521,42.491990523615904 </coordinates>
            </Point>
         </Placemark>
         <Placemark>
            <name> </name>
            <Point>
               <coordinates> -90.7068423273886,42.49181468990988 </coordinates>
            </Point>
         </Placemark>
      </Folder>
      <Folder id="HWY_20_AND_UNIVERSITY-S-367148442">
         <name> HWY_20_AND_UNIVERSITY-S-367148442 </name>
         <Placemark>
            <name> trajectory </name>
            <LineString>
               <coordinates>
                  -90.70683686407466,42.49335974397584
                  -90.70686834260555,42.493064328448575
                  -90.70683090317112,42.49260947049295
                  -90.70682270716877,42.49198809205728
               </coordinates>
            </LineString>
         </Placemark>
         <Placemark>
            <name> </name>
            <Point>
               <coordinates> -90.70683686407466,42.49335974397584 </coordinates>
            </Point>
         </Placemark>
         <Placemark>
            <name> </name>
            <Point>
               <coordinates> -90.70682270716877,42.49198809205728 </coordinates>
            </Point>
         </Placemark>
      </Folder>
      <Folder id="HWY_20_AND_UNIVERSITY-W--1432382911">
         <name> HWY_20_AND_UNIVERSITY-W--1432382911 </name>
         <Placemark>
            <name> trajectory </name>
            <LineString>
               <coordinates>
                  -90.70896839445014,42.49223062751213
                  -90.70983545578649,42.49233735708156
               </coordinates>
            </LineString>
         </Placemark>
         <Placemark>
            <name> </name>
            <Point>
               <coordinates> -90.70896839445014,42.49223062751213 </coordinates>
            </Point>
         </Placemark>
         <Placemark>
            <name> </name>
            <Point>
               <coordinates> -90.70983545578649,42.49233735708156 </coordinates>
            </Point>
         </Placemark>
      </Folder>
      <Folder id="HWY_20_AND_UNIVERSITY-W--1767648201">
         <name> HWY_20_AND_UNIVERSITY-W--1767648201 </name>
         <Placemark>
            <name> trajectory </name>
            <LineString>
               <coordinates>
                  -90.7045159273859,42.49179178830516
                  -90.705244035391,42.491852324273864
                  -90.706044227765,42.49192217346852
                  -90.70678611934451,42.49198829737279
               </coordinates>
            </LineString>
         </Placemark>
         <Placemark>
            <name> </name>
            <Point>
               <coordinates> -90.7045159273859,42.49179178830516 </coordinates>
            </Point>
         </Placemark>
         <Placemark>
            <name> </name>
            <Point>
               <coordinates> -90.70678611934451,42.49198829737279 </coordinates>
            </Point>
         </Placemark>
      </Folder>
      <Folder id="HWY_20_AND_UNIVERSITY-W--1798135489">
         <name> HWY_20_AND_UNIVERSITY-W--1798135489 </name>
         <Placemark>
            <name> trajectory </name>
            <LineString>
               <coordinates>
                  -90.70983545578649,42.49233735708156
                  -90.71007424689995,42.49236678687558
                  -90.7110858495031,42.49246513454165
                  -90.71185325932174,42.49248282967097
                  -90.71304646983101,42.492441106418696
                  -90.71463456112075,42.492353375830206
               </coordinates>
            </LineString>
         </Placemark>
         <Placemark>
            <name> </name>
            <Point>
               <coordinates> -90.70983545578649,42.49233735708156 </coordinates>
            </Point>
         </Placemark>
         <Placemark>
            <name> </name>
            <Point>
               <coordinates> -90.71463456112075,42.492353375830206 </coordinates>
            </Point>
         </Placemark>
      </Folder>
      <Folder id="HWY_20_AND_UNIVERSITY-W--505733381">
         <name> HWY_20_AND_UNIVERSITY-W--505733381 </name>
         <Placemark>
            <name> trajectory </name>
            <LineString>
               <coordinates>
                  -90.70134980309047,42.49149711783596
                  -90.70342646621376,42.49168766643899
                  -90.7045159273859,42.49179178830516
               </coordinates>
            </LineString>
         </Placemark>
         <Placemark>
            <name> </name>
            <Point>
               <coordinates> -90.70134980309047,42.49149711783596 </coordinates>
            </Point>
         </Placemark>
         <Placemark>
            <name> </name>
            <Point>
               <coordinates> -90.7045159273859,42.49179178830516 </coordinates>
            </Point>
         </Placemark>
      </Folder>
      <Folder id="HWY_20_AND_UNIVERSITY-W-745310666">
         <name> HWY_20_AND_UNIVERSITY-W-745310666 </name>
         <Placemark>
            <name> trajectory </name>
            <LineString>
               <coordinates>
                  -90.70678611934451,42.49198829737279
                  -90.70733373703064,42.49203635361872
                  -90.70878473763432,42.49220808950532
                  -90.70896839445014,42.49223062751213
               </coordinates>
            </LineString>
         </Placemark>
         <Placemark>
            <name> </name>
            <Point>
               <coordinates> -90.70678611934451,42.49198829737279 </coordinates>
            </Point>
         </Placemark>
         <Placemark>
            <name> </name>
            <Point>
               <coordinates> -90.70896839445014,42.49223062751213 </coordinates>
            </Point>
         </Placemark>
      </Folder>
      <Folder id="HWY_20_AND_WACKER-E--949313652">
         <name> HWY_20_AND_WACKER-E--949313652 </name>
         <Placemark>
            <name> trajectory </name>
            <LineString>
               <coordinates>
                  -90.72048326702006,42.49194191750754
                  -90.71907026437827,42.49198941495991
                  -90.71718862020646,42.492053676218994
                  -90.71704854928811,42.4920605680062
               </coordinates>
            </LineString>
         </Placemark>
         <Placemark>
            <name> </name>
            <Point>
               <coordinates> -90.72048326702006,42.49194191750754 </coordinates>
            </Point>
         </Placemark>
         <Placemark>
            <name> </name>
            <Point>
               <coordinates> -90.71704854928811,42.4920605680062 </coordinates>
            </Point>
         </Placemark>
      </Folder>
      <Folder id="HWY_20_AND_WACKER-E-700087309">
         <name> HWY_20_AND_WACKER-E-700087309 </name>
         <Placemark>
            <name> trajectory </name>
            <LineString>
               <coordinates>
                  -90.72371011354872,42.491827551092825
                  -90.72269553071325,42.491919379500736
                  -90.72160718712823,42.49195234832061
                  -90.72048326702006,42.49194191750754
               </coordinates>
            </LineString>
         </Placemark>
         <Placemark>
            <name> </name>
            <Point>
               <coordinates> -90.72371011354872,42.491827551092825 </coordinates>
            </Point>
         </Placemark>
         <Placemark>
            <name> </name>
            <Point>
               <coordinates> -90.72048326702006,42.49194191750754 </coordinates>
            </Point>
         </Placemark>
      </Folder>
      <Folder id="HWY_20_AND_WACKER-N--1178855974">
         <name> HWY_20_AND_WACKER-N--1178855974 </name>
         <Placemark>
            <name> trajectory </name>
            <LineString>
               <coordinates>
                  -90.72042619079281,42.493518322029395
                  -90.72040998519873,42.49451129818064
               </coordinates>
            </LineString>
         </Placemark>
         <Placemark>
            <name> </name>
            <Point>
               <coordinates> -90.72042619079281,42.493518322029395 </coordinates>
            </Point>
         </Placemark>
         <Placemark>
            <name> </name>
            <Point>
               <coordinates> -90.72040998519873,42.49451129818064 </coordinates>
            </Point>
         </Placemark>
      </Folder>
      <Folder id="HWY_20_AND_WACKER-N--1618777791">
         <name> HWY_20_AND_WACKER-N--1618777791 </name>
         <Placemark>
            <name> trajectory </name>
            <LineString>
               <coordinates>
                  -90.72042749505509,42.493443421943134
                  -90.72042619115966,42.4935183002798
               </coordinates>
            </LineString>
         </Placemark>
         <Placemark>
            <name> </name>
            <Point>
               <coordinates> -90.72042749505509,42.493443421943134 </coordinates>
            </Point>
         </Placemark>
         <Placemark>
            <name> </name>
            <Point>
               <coordinates> -90.72042619115966,42.4935183002798 </coordinates>
            </Point>
         </Placemark>
      </Folder>
      <Folder id="HWY_20_AND_WACKER-N--405647589">
         <name> HWY_20_AND_WACKER-N--405647589 </name>
         <Placemark>
            <name> trajectory </name>
            <LineString>
               <coordinates>
                  -90.72044817076234,42.492168465111064
                  -90.72042749465488,42.493443445744205
               </coordinates>
            </LineString>
         </Placemark>
         <Placemark>
            <name> </name>
            <Point>
               <coordinates> -90.72044817076234,42.492168465111064 </coordinates>
            </Point>
         </Placemark>
         <Placemark>
            <name> </name>
            <Point>
               <coordinates> -90.72042749465488,42.493443445744205 </coordinates>
            </Point>
         </Placemark>
      </Folder>
      <Folder id="HWY_20_AND_WACKER-N--754885036">
         <name> HWY_20_AND_WACKER-N--754885036 </name>
         <Placemark>
            <name> trajectory </name>
            <LineString>
               <coordinates>
                  -90.72044574769738,42.491837973574604
                  -90.72044667895905,42.49194209544076
               </coordinates>
            </LineString>
         </Placemark>
         <Placemark>
            <name> </name>
            <Point>
               <coordinates> -90.72044574769738,42.491837973574604 </coordinates>
            </Point>
         </Placemark>
         <Placemark>
            <name> </name>
            <Point>
               <coordinates> -90.72044667895905,42.49194209544076 </coordinates>
            </Point>
         </Placemark>
      </Folder>
      <Folder id="HWY_20_AND_WACKER-N--832649629">
         <name> HWY_20_AND_WACKER-N--832649629 </name>
         <Placemark>
            <name> trajectory </name>
            <LineString>
               <coordinates>
                  -90.72043978765423,42.49118828750305
                  -90.7204457477388,42.49183797814561
               </coordinates>
            </LineString>
         </Placemark>
         <Placemark>
            <name> </name>
            <Point>
               <coordinates> -90.72043978765423,42.49118828750305 </coordinates>
            </Point>
         </Placemark>
         <Placemark>
            <name> </name>
            <Point>
               <coordinates> -90.7204457477388,42.49183797814561 </coordinates>
            </Point>
         </Placemark>
      </Folder>
      <Folder id="HWY_20_AND_WACKER-N-1010881661">
         <name> HWY_20_AND_WACKER-N-1010881661 </name>
         <Placemark>
            <name> trajectory </name>
            <LineString>
               <coordinates>
                  -90.72044667859241,42.4919420481665
                  -90.72044816857586,42.49216891835075
               </coordinates>
            </LineString>
         </Placemark>
         <Placemark>
            <name> </name>
            <Point>
               <coordinates> -90.72044667859241,42.4919420481665 </coordinates>
            </Point>
         </Placemark>
         <Placemark>
            <name> </name>
            <Point>
               <coordinates> -90.72044816857586,42.49216891835075 </coordinates>
            </Point>
         </Placemark>
      </Folder>
      <Folder id="HWY_20_AND_WACKER-N-1938538061">
         <name> HWY_20_AND_WACKER-N-1938538061 </name>
         <Placemark>
            <name> trajectory </name>
            <LineString>
               <coordinates>
                  -90.72043699396635,42.49090238335757
                  -90.72043978776686,42.49118829939437
               </coordinates>
            </LineString>
         </Placemark>
         <Placemark>
            <name> </name>
            <Point>
               <coordinates> -90.72043699396635,42.49090238335757 </coordinates>
            </Point>
         </Placemark>
         <Placemark>
            <name> </name>
            <Point>
               <coordinates> -90.72043978776686,42.49118829939437 </coordinates>
            </Point>
         </Placemark>
      </Folder>
      <Folder id="HWY_20_AND_WACKER-N-448135951">
         <name> HWY_20_AND_WACKER-N-448135951 </name>
         <Placemark>
            <name> trajectory </name>
            <LineString>
               <coordinates>
                  -90.72040998514558,42.494511301454004
                  -90.72039154429038,42.49565273042699
               </coordinates>
            </LineString>
         </Placemark>
         <Placemark>
            <name> </name>
            <Point>
               <coordinates> -90.72040998514558,42.494511301454004 </coordinates>
            </Point>
         </Placemark>
         <Placemark>
            <name> </name>
            <Point>
               <coordinates> -90.72039154429038,42.49565273042699 </coordinates>
            </Point>
         </Placemark>
      </Folder>
      <Folder id="HWY_20_AND_WACKER-N-44936369">
         <name> HWY_20_AND_WACKER-N-44936369 </name>
         <Placemark>
            <name> trajectory </name>
            <LineString>
               <coordinates>
                  -90.72043252378765,42.49041417181629
                  -90.72043699385053,42.49090237112081
               </coordinates>
            </LineString>
         </Placemark>
         <Placemark>
            <name> </name>
            <Point>
               <coordinates> -90.72043252378765,42.49041417181629 </coordinates>
            </Point>
         </Placemark>
         <Placemark>
            <name> </name>
            <Point>
               <coordinates> -90.72043699385053,42.49090237112081 </coordinates>
            </Point>
         </Placemark>
      </Folder>
      <Folder id="HWY_20_AND_WACKER-S--1006389625">
         <name> HWY_20_AND_WACKER-S--1006389625 </name>
         <Placemark>
            <name> trajectory </name>
            <LineString>
               <coordinates>
                  -90.7205129626986,42.4911879105907
                  -90.72051016856356,42.4909019945539
               </coordinates>
            </LineString>
         </Placemark>
         <Placemark>
            <name> </name>
            <Point>
               <coordinates> -90.7205129626986,42.4911879105907 </coordinates>
            </Point>
         </Placemark>
         <Placemark>
            <name> </name>
            <Point>
               <coordinates> -90.72051016856356,42.4909019945539 </coordinates>
            </Point>
         </Placemark>
      </Folder>
      <Folder id="HWY_20_AND_WACKER-S--261848662">
         <name> HWY_20_AND_WACKER-S--261848662 </name>
         <Placemark>
            <name> trajectory </name>
            <LineString>
               <coordinates>
                  -90.7205006688946,42.4934440909006
                  -90.72052134351037,42.49216911026745
               </coordinates>
            </LineString>
         </Placemark>
         <Placemark>
            <name> </name>
            <Point>
               <coordinates> -90.7205006688946,42.4934440909006 </coordinates>
            </Point>
         </Placemark>
         <Placemark>
            <name> </name>
            <Point>
               <coordinates> -90.72052134351037,42.49216911026745 </coordinates>
            </Point>
         </Placemark>
      </Folder>
      <Folder id="HWY_20_AND_WACKER-S--273490698">
         <name> HWY_20_AND_WACKER-S--273490698 </name>
         <Placemark>
            <name> trajectory </name>
            <LineString>
               <coordinates>
                  -90.72048316062114,42.494511947438575
                  -90.72049936505341,42.49351897128732
               </coordinates>
            </LineString>
         </Placemark>
         <Placemark>
            <name> </name>
            <Point>
               <coordinates> -90.72048316062114,42.494511947438575 </coordinates>
            </Point>
         </Placemark>
         <Placemark>
            <name> </name>
            <Point>
               <coordinates> -90.72049936505341,42.49351897128732 </coordinates>
            </Point>
         </Placemark>
      </Folder>
      <Folder id="HWY_20_AND_WACKER-S--994558719">
         <name> HWY_20_AND_WACKER-S--994558719 </name>
         <Placemark>
            <name> trajectory </name>
            <LineString>
               <coordinates>
                  -90.72049936468667,42.49351899303218
                  -90.72050066849451,42.493444114695514
               </coordinates>
            </LineString>
         </Placemark>
         <Placemark>
            <name> </name>
            <Point>
               <coordinates> -90.72049936468667,42.49351899303218 </coordinates>
            </Point>
         </Placemark>
         <Placemark>
            <name> </name>
            <Point>
               <coordinates> -90.72050066849451,42.493444114695514 </coordinates>
            </Point>
         </Placemark>
      </Folder>
      <Folder id="HWY_20_AND_WACKER-S-1548381361">
         <name> HWY_20_AND_WACKER-S-1548381361 </name>
         <Placemark>
            <name> trajectory </name>
            <LineString>
               <coordinates>
                  -90.72051892365592,42.491837613123586
                  -90.72051296281124,42.49118792248102
               </coordinates>
            </LineString>
         </Placemark>
         <Placemark>
            <name> </name>
            <Point>
               <coordinates> -90.72051892365592,42.491837613123586 </coordinates>
            </Point>
         </Placemark>
         <Placemark>
            <name> </name>
            <Point>
               <coordinates> -90.72051296281124,42.49118792248102 </coordinates>
            </Point>
         </Placemark>
      </Folder>
      <Folder id="HWY_20_AND_WACKER-S-1977962785">
         <name> HWY_20_AND_WACKER-S-1977962785 </name>
         <Placemark>
            <name> trajectory </name>
            <LineString>
               <coordinates>
                  -90.72051985508084,42.49194173956237
                  -90.72051892369734,42.4918376176962
               </coordinates>
            </LineString>
         </Placemark>
         <Placemark>
            <name> </name>
            <Point>
               <coordinates> -90.72051985508084,42.49194173956237 </coordinates>
            </Point>
         </Placemark>
         <Placemark>
            <name> </name>
            <Point>
               <coordinates> -90.72051892369734,42.4918376176962 </coordinates>
            </Point>
         </Placemark>
      </Folder>
      <Folder id="HWY_20_AND_WACKER-S-42082247">
         <name> HWY_20_AND_WACKER-S-42082247 </name>
         <Placemark>
            <name> trajectory </name>
            <LineString>
               <coordinates>
                  -90.72052134569643,42.492168657020706
                  -90.72051985544755,42.491941786836456
               </coordinates>
            </LineString>
         </Placemark>
         <Placemark>
            <name> </name>
            <Point>
               <coordinates> -90.72052134569643,42.492168657020706 </coordinates>
            </Point>
         </Placemark>
         <Placemark>
            <name> </name>
            <Point>
               <coordinates> -90.72051985544755,42.491941786836456 </coordinates>
            </Point>
         </Placemark>
      </Folder>
      <Folder id="HWY_20_AND_WACKER-S-458841336">
         <name> HWY_20_AND_WACKER-S-458841336 </name>
         <Placemark>
            <name> trajectory </name>
            <LineString>
               <coordinates>
                  -90.7204647211547,42.495653373138886
                  -90.72048316067429,42.494511944165914
               </coordinates>
            </LineString>
         </Placemark>
         <Placemark>
            <name> </name>
            <Point>
               <coordinates> -90.7204647211547,42.495653373138886 </coordinates>
            </Point>
         </Placemark>
         <Placemark>
            <name> </name>
            <Point>
               <coordinates> -90.72048316067429,42.494511944165914 </coordinates>
            </Point>
         </Placemark>
      </Folder>
      <Folder id="HWY_20_AND_WACKER-S-500000383">
         <name> HWY_20_AND_WACKER-S-500000383 </name>
         <Placemark>
            <name> trajectory </name>
            <LineString>
               <coordinates>
                  -90.7205101686794,42.49090200679012
                  -90.72050569804536,42.490413807485595
               </coordinates>
            </LineString>
         </Placemark>
         <Placemark>
            <name> </name>
            <Point>
               <coordinates> -90.7205101686794,42.49090200679012 </coordinates>
            </Point>
         </Placemark>
         <Placemark>
            <name> </name>
            <Point>
               <coordinates> -90.72050569804536,42.490413807485595 </coordinates>
            </Point>
         </Placemark>
      </Folder>
      <Folder id="HWY_20_AND_WACKER-W--983440438">
         <name> HWY_20_AND_WACKER-W--983440438 </name>
         <Placemark>
            <name> trajectory </name>
            <LineString>
               <coordinates>
                  -90.72048475713622,42.49216878769179
                  -90.72260705506669,42.4921425243946
                  -90.72375444450425,42.49203244206382
               </coordinates>
            </LineString>
         </Placemark>
         <Placemark>
            <name> </name>
            <Point>
               <coordinates> -90.72048475713622,42.49216878769179 </coordinates>
            </Point>
         </Placemark>
         <Placemark>
            <name> </name>
            <Point>
               <coordinates> -90.72375444450425,42.49203244206382 </coordinates>
            </Point>
         </Placemark>
      </Folder>
      <Folder id="HWY_20_AND_WACKER-W-1885392392">
         <name> HWY_20_AND_WACKER-W-1885392392 </name>
         <Placemark>
            <name> trajectory </name>
            <LineString>
               <coordinates>
                  -90.71463456112075,42.492353375830206
                  -90.71522818614308,42.4923142602812
                  -90.71678163223226,42.49225093034471
                  -90.71911627171448,42.492206599389164
                  -90.72048475713622,42.49216878769179
               </coordinates>
            </LineString>
         </Placemark>
         <Placemark>
            <name> </name>
            <Point>
               <coordinates> -90.71463456112075,42.492353375830206 </coordinates>
            </Point>
         </Placemark>
         <Placemark>
            <name> </name>
            <Point>
               <coordinates> -90.72048475713622,42.49216878769179 </coordinates>
            </Point>
         </Placemark>
      </Folder>
      <Folder id="JFK_AND_ASBURY-ESE--708580593">
         <name> JFK_AND_ASBURY-ESE--708580593 </name>
         <Placemark>
            <name> trajectory </name>
            <LineString>
               <coordinates>
                  -90.72142690753088,42.51259174920996
                  -90.72053991577813,42.51220972068132
               </coordinates>
            </LineString>
         </Placemark>
         <Placemark>
            <name> </name>
            <Point>
               <coordinates> -90.72142690753088,42.51259174920996 </coordinates>
            </Point>
         </Placemark>
         <Placemark>
            <name> </name>
            <Point>
               <coordinates> -90.72053991577813,42.51220972068132 </coordinates>
            </Point>
         </Placemark>
      </Folder>
      <Folder id="JFK_AND_ASBURY-ESE--777382587">
         <name> JFK_AND_ASBURY-ESE--777382587 </name>
         <Placemark>
            <name> trajectory </name>
            <LineString>
               <coordinates>
                  -90.72053962441575,42.51220959651329
                  -90.72012760724904,42.5120359979815
                  -90.71947679893954,42.51176144408036
               </coordinates>
            </LineString>
         </Placemark>
         <Placemark>
            <name> </name>
            <Point>
               <coordinates> -90.72053962441575,42.51220959651329 </coordinates>
            </Point>
         </Placemark>
         <Placemark>
            <name> </name>
            <Point>
               <coordinates> -90.71947679893954,42.51176144408036 </coordinates>
            </Point>
         </Placemark>
      </Folder>
      <Folder id="JFK_AND_ASBURY-ESE-235706815">
         <name> JFK_AND_ASBURY-ESE-235706815 </name>
         <Placemark>
            <name> trajectory </name>
            <LineString>
               <coordinates>
                  -90.71947708679203,42.51176156673778
                  -90.71623422110228,42.51036514163819
               </coordinates>
            </LineString>
         </Placemark>
         <Placemark>
            <name> </name>
            <Point>
               <coordinates> -90.71947708679203,42.51176156673778 </coordinates>
            </Point>
         </Placemark>
         <Placemark>
            <name> </name>
            <Point>
               <coordinates> -90.71623422110228,42.51036514163819 </coordinates>
            </Point>
         </Placemark>
      </Folder>
      <Folder id="JFK_AND_ASBURY-ESE-559643114">
         <name> JFK_AND_ASBURY-ESE-559643114 </name>
         <Placemark>
            <name> trajectory </name>
            <LineString>
               <coordinates>
                  -90.72514102190787,42.51419138863881
                  -90.72337858680402,42.513432360723534
                  -90.72142690692468,42.51259174894888
               </coordinates>
            </LineString>
         </Placemark>
         <Placemark>
            <name> </name>
            <Point>
               <coordinates> -90.72514102190787,42.51419138863881 </coordinates>
            </Point>
         </Placemark>
         <Placemark>
            <name> </name>
            <Point>
               <coordinates> -90.72142690692468,42.51259174894888 </coordinates>
            </Point>
         </Placemark>
      </Folder>
      <Folder id="JFK_AND_ASBURY-N--1436362111">
         <name> JFK_AND_ASBURY-N--1436362111 </name>
         <Placemark>
            <name> trajectory </name>
            <LineString>
               <coordinates>
                  -90.7204472313142,42.51060049254087
                  -90.72048485579094,42.512233473579705
               </coordinates>
            </LineString>
         </Placemark>
         <Placemark>
            <name> </name>
            <Point>
               <coordinates> -90.7204472313142,42.51060049254087 </coordinates>
            </Point>
         </Placemark>
         <Placemark>
            <name> </name>
            <Point>
               <coordinates> -90.72048485579094,42.512233473579705 </coordinates>
            </Point>
         </Placemark>
      </Folder>
      <Folder id="JFK_AND_ASBURY-N-1350791552">
         <name> JFK_AND_ASBURY-N-1350791552 </name>
         <Placemark>
            <name> trajectory </name>
            <LineString>
               <coordinates>
                  -90.7203842765726,42.50813887104292
                  -90.72044723253894,42.51060054292717
               </coordinates>
            </LineString>
         </Placemark>
         <Placemark>
            <name> </name>
            <Point>
               <coordinates> -90.7203842765726,42.50813887104292 </coordinates>
            </Point>
         </Placemark>
         <Placemark>
            <name> </name>
            <Point>
               <coordinates> -90.72044723253894,42.51060054292717 </coordinates>
            </Point>
         </Placemark>
      </Folder>
      <Folder id="JFK_AND_ASBURY-N-1457074542">
         <name> JFK_AND_ASBURY-N-1457074542 </name>
         <Placemark>
            <name> trajectory </name>
            <LineString>
               <coordinates>
                  -90.72048485068049,42.5122329338918
                  -90.72048205631523,42.512911681799345
                  -90.72047404579507,42.51486820430783
               </coordinates>
            </LineString>
         </Placemark>
         <Placemark>
            <name> </name>
            <Point>
               <coordinates> -90.72048485068049,42.5122329338918 </coordinates>
            </Point>
         </Placemark>
         <Placemark>
            <name> </name>
            <Point>
               <coordinates> -90.72047404579507,42.51486820430783 </coordinates>
            </Point>
         </Placemark>
      </Folder>
      <Folder id="JFK_AND_ASBURY-S--1131219462">
         <name> JFK_AND_ASBURY-S--1131219462 </name>
         <Placemark>
            <name> trajectory </name>
            <LineString>
               <coordinates>
                  -90.72052041908718,42.510599525810015
                  -90.72045746023863,42.50813785392576
               </coordinates>
            </LineString>
         </Placemark>
         <Placemark>
            <name> </name>
            <Point>
               <coordinates> -90.72052041908718,42.510599525810015 </coordinates>
            </Point>
         </Placemark>
         <Placemark>
            <name> </name>
            <Point>
               <coordinates> -90.72045746023863,42.50813785392576 </coordinates>
            </Point>
         </Placemark>
      </Folder>
      <Folder id="JFK_AND_ASBURY-S--345101745">
         <name> JFK_AND_ASBURY-S--345101745 </name>
         <Placemark>
            <name> trajectory </name>
            <LineString>
               <coordinates>
                  -90.72055804670117,42.512232557243216
                  -90.72052042031223,42.51059957620437
               </coordinates>
            </LineString>
         </Placemark>
         <Placemark>
            <name> </name>
            <Point>
               <coordinates> -90.72055804670117,42.512232557243216 </coordinates>
            </Point>
         </Placemark>
         <Placemark>
            <name> </name>
            <Point>
               <coordinates> -90.72052042031223,42.51059957620437 </coordinates>
            </Point>
         </Placemark>
      </Folder>
      <Folder id="JFK_AND_ASBURY-S-1389480161">
         <name> JFK_AND_ASBURY-S-1389480161 </name>
         <Placemark>
            <name> trajectory </name>
            <LineString>
               <coordinates>
                  -90.72054725001375,42.51486836736255
                  -90.72055525824224,42.51291184485407
                  -90.72055805181252,42.512233096946524
               </coordinates>
            </LineString>
         </Placemark>
         <Placemark>
            <name> </name>
            <Point>
               <coordinates> -90.72054725001375,42.51486836736255 </coordinates>
            </Point>
         </Placemark>
         <Placemark>
            <name> </name>
            <Point>
               <coordinates> -90.72055805181252,42.512233096946524 </coordinates>
            </Point>
         </Placemark>
      </Folder>
      <Folder id="JFK_AND_ASBURY-WNW--1879675458">
         <name> JFK_AND_ASBURY-WNW--1879675458 </name>
         <Placemark>
            <name> trajectory </name>
            <LineString>
               <coordinates>
                  -90.72138997744993,42.51263833835573
                  -90.72334165683256,42.51347895013038
                  -90.72510409148789,42.51423797804565
               </coordinates>
            </LineString>
         </Placemark>
         <Placemark>
            <name> </name>
            <Point>
               <coordinates> -90.72138997744993,42.51263833835573 </coordinates>
            </Point>
         </Placemark>
         <Placemark>
            <name> </name>
            <Point>
               <coordinates> -90.72510409148789,42.51423797804565 </coordinates>
            </Point>
         </Placemark>
      </Folder>
      <Folder id="JFK_AND_ASBURY-WNW--472095793">
         <name> JFK_AND_ASBURY-WNW--472095793 </name>
         <Placemark>
            <name> trajectory </name>
            <LineString>
               <coordinates>
                  -90.72050298637045,42.51225631001986
                  -90.72138997789749,42.51263833854849
               </coordinates>
            </LineString>
         </Placemark>
         <Placemark>
            <name> </name>
            <Point>
               <coordinates> -90.72050298637045,42.51225631001986 </coordinates>
            </Point>
         </Placemark>
         <Placemark>
            <name> </name>
            <Point>
               <coordinates> -90.72138997789749,42.51263833854849 </coordinates>
            </Point>
         </Placemark>
      </Folder>
      <Folder id="JFK_AND_ASBURY-WNW--940746481">
         <name> JFK_AND_ASBURY-WNW--940746481 </name>
         <Placemark>
            <name> trajectory </name>
            <LineString>
               <coordinates>
                  -90.71944045244976,42.51180828172953
                  -90.7200912605996,42.51208283563066
                  -90.72050327766534,42.512256434162445
               </coordinates>
            </LineString>
         </Placemark>
         <Placemark>
            <name> </name>
            <Point>
               <coordinates> -90.71944045244976,42.51180828172953 </coordinates>
            </Point>
         </Placemark>
         <Placemark>
            <name> </name>
            <Point>
               <coordinates> -90.72050327766534,42.512256434162445 </coordinates>
            </Point>
         </Placemark>
      </Folder>
      <Folder id="JFK_AND_ASBURY-WNW-398866199">
         <name> JFK_AND_ASBURY-WNW-398866199 </name>
         <Placemark>
            <name> trajectory </name>
            <LineString>
               <coordinates>
                  -90.71619729892183,42.51041173361987
                  -90.71944016378667,42.51180815871946
               </coordinates>
            </LineString>
         </Placemark>
         <Placemark>
            <name> </name>
            <Point>
               <coordinates> -90.71619729892183,42.51041173361987 </coordinates>
            </Point>
         </Placemark>
         <Placemark>
            <name> </name>
            <Point>
               <coordinates> -90.71944016378667,42.51180815871946 </coordinates>
            </Point>
         </Placemark>
      </Folder>
      <Folder id="JFK_AND_HILLCREST-E--1949805755">
         <name> JFK_AND_HILLCREST-E--1949805755 </name>
         <Placemark>
            <name> trajectory </name>
            <LineString>
               <coordinates>
                  -90.7252959939676,42.5074113690791
                  -90.72485734102274,42.5073851057819
                  -90.72448946859012,42.50730519830322
                  -90.72403125785345,42.507092484222426
                  -90.72366655191186,42.50695017812984
                  -90.72339292932746,42.506886848193346
                  -90.7231243358893,42.50686915306403
                  -90.72135985209944,42.50686319259943
                  -90.72042666685623,42.50683525292157
               </coordinates>
            </LineString>
         </Placemark>
         <Placemark>
            <name> </name>
            <Point>
               <coordinates> -90.7252959939676,42.5074113690791 </coordinates>
            </Point>
         </Placemark>
         <Placemark>
            <name> </name>
            <Point>
               <coordinates> -90.72042666685623,42.50683525292157 </coordinates>
            </Point>
         </Placemark>
      </Folder>
      <Folder id="JFK_AND_HILLCREST-E-1809686631">
         <name> JFK_AND_HILLCREST-E-1809686631 </name>
         <Placemark>
            <name> trajectory </name>
            <LineString>
               <coordinates>
                  -90.72042097852459,42.50683491226198
                  -90.71874701929157,42.506831186971596
               </coordinates>
            </LineString>
         </Placemark>
         <Placemark>
            <name> </name>
            <Point>
               <coordinates> -90.72042097852459,42.50683491226198 </coordinates>
            </Point>
         </Placemark>
         <Placemark>
            <name> </name>
            <Point>
               <coordinates> -90.71874701929157,42.506831186971596 </coordinates>
            </Point>
         </Placemark>
      </Folder>
      <Folder id="JFK_AND_HILLCREST-N--194164872">
         <name> JFK_AND_HILLCREST-N--194164872 </name>
         <Placemark>
            <name> trajectory </name>
            <LineString>
               <coordinates>
                  -90.72048081947102,42.50625394559769
                  -90.72041637180943,42.50649124659502
                  -90.720384520363,42.506858746491176
               </coordinates>
            </LineString>
         </Placemark>
         <Placemark>
            <name> </name>
            <Point>
               <coordinates> -90.72048081947102,42.50625394559769 </coordinates>
            </Point>
         </Placemark>
         <Placemark>
            <name> </name>
            <Point>
               <coordinates> -90.720384520363,42.506858746491176 </coordinates>
            </Point>
         </Placemark>
      </Folder>
      <Folder id="JFK_AND_HILLCREST-N--1968527061">
         <name> JFK_AND_HILLCREST-N--1968527061 </name>
         <Placemark>
            <name> trajectory </name>
            <LineString>
               <coordinates>
                  -90.72038427081799,42.50686189174507
                  -90.72038427007065,42.50813836249436
               </coordinates>
            </LineString>
         </Placemark>
         <Placemark>
            <name> </name>
            <Point>
               <coordinates> -90.72038427081799,42.50686189174507 </coordinates>
            </Point>
         </Placemark>
         <Placemark>
            <name> </name>
            <Point>
               <coordinates> -90.72038427007065,42.50813836249436 </coordinates>
            </Point>
         </Placemark>
      </Folder>
      <Folder id="JFK_AND_HILLCREST-N-1350791552">
         <name> JFK_AND_HILLCREST-N-1350791552 </name>
         <Placemark>
            <name> trajectory </name>
            <LineString>
               <coordinates>
                  -90.7203842765726,42.50813887104292
                  -90.72044723253894,42.51060054292717
               </coordinates>
            </LineString>
         </Placemark>
         <Placemark>
            <name> </name>
            <Point>
               <coordinates> -90.7203842765726,42.50813887104292 </coordinates>
            </Point>
         </Placemark>
         <Placemark>
            <name> </name>
            <Point>
               <coordinates> -90.72044723253894,42.51060054292717 </coordinates>
            </Point>
         </Placemark>
      </Folder>
      <Folder id="JFK_AND_HILLCREST-N-1762417349">
         <name> JFK_AND_HILLCREST-N-1762417349 </name>
         <Placemark>
            <name> trajectory </name>
            <LineString>
               <coordinates>
                  -90.72135795151668,42.5028215931239
                  -90.72144046594752,42.50410737709915
                  -90.72145313181676,42.504309474102364
                  -90.72144102449963,42.50452069806701
                  -90.72127450374622,42.50498859453894
                  -90.72115212782845,42.50520894546504
               </coordinates>
            </LineString>
         </Placemark>
         <Placemark>
            <name> </name>
            <Point>
               <coordinates> -90.72135795151668,42.5028215931239 </coordinates>
            </Point>
         </Placemark>
         <Placemark>
            <name> </name>
            <Point>
               <coordinates> -90.72115212782845,42.50520894546504 </coordinates>
            </Point>
         </Placemark>
      </Folder>
      <Folder id="JFK_AND_HILLCREST-NNE-315619479">
         <name> JFK_AND_HILLCREST-NNE-315619479 </name>
         <Placemark>
            <name> trajectory </name>
            <LineString>
               <coordinates>
                  -90.72108795044274,42.50530380729946
                  -90.72083798328208,42.50563647573055
                  -90.72058056549902,42.50604774778869
                  -90.72048408037344,42.50624556070795
               </coordinates>
            </LineString>
         </Placemark>
         <Placemark>
            <name> </name>
            <Point>
               <coordinates> -90.72108795044274,42.50530380729946 </coordinates>
            </Point>
         </Placemark>
         <Placemark>
            <name> </name>
            <Point>
               <coordinates> -90.72048408037344,42.50624556070795 </coordinates>
            </Point>
         </Placemark>
      </Folder>
      <Folder id="JFK_AND_HILLCREST-NNE-798768731">
         <name> JFK_AND_HILLCREST-NNE-798768731 </name>
         <Placemark>
            <name> trajectory </name>
            <LineString>
               <coordinates>
                  -90.72115560888302,42.50519905770325
                  -90.72112413014926,42.50525586838156
                  -90.72108799480725,42.50530373836297
               </coordinates>
            </LineString>
         </Placemark>
         <Placemark>
            <name> </name>
            <Point>
               <coordinates> -90.72115560888302,42.50519905770325 </coordinates>
            </Point>
         </Placemark>
         <Placemark>
            <name> </name>
            <Point>
               <coordinates> -90.72108799480725,42.50530373836297 </coordinates>
            </Point>
         </Placemark>
      </Folder>
      <Folder id="JFK_AND_HILLCREST-S--1131219462">
         <name> JFK_AND_HILLCREST-S--1131219462 </name>
         <Placemark>
            <name> trajectory </name>
            <LineString>
               <coordinates>
                  -90.72052041908718,42.510599525810015
                  -90.72045746023863,42.50813785392576
               </coordinates>
            </LineString>
         </Placemark>
         <Placemark>
            <name> </name>
            <Point>
               <coordinates> -90.72052041908718,42.510599525810015 </coordinates>
            </Point>
         </Placemark>
         <Placemark>
            <name> </name>
            <Point>
               <coordinates> -90.72045746023863,42.50813785392576 </coordinates>
            </Point>
         </Placemark>
      </Folder>
      <Folder id="JFK_AND_HILLCREST-S--1896485300">
         <name> JFK_AND_HILLCREST-S--1896485300 </name>
         <Placemark>
            <name> trajectory </name>
            <LineString>
               <coordinates>
                  -90.72122517367562,42.505212368167086
                  -90.72134754933592,42.504992017241
                  -90.72151406954262,42.50452412076906
                  -90.72152617661297,42.50431289680442
                  -90.7215135105076,42.504110799801204
                  -90.72143099457455,42.50282501582595
               </coordinates>
            </LineString>
         </Placemark>
         <Placemark>
            <name> </name>
            <Point>
               <coordinates> -90.72122517367562,42.505212368167086 </coordinates>
            </Point>
         </Placemark>
         <Placemark>
            <name> </name>
            <Point>
               <coordinates> -90.72143099457455,42.50282501582595 </coordinates>
            </Point>
         </Placemark>
      </Folder>
      <Folder id="JFK_AND_HILLCREST-S-1134791116">
         <name> JFK_AND_HILLCREST-S-1134791116 </name>
         <Placemark>
            <name> trajectory </name>
            <LineString>
               <coordinates>
                  -90.72045721644817,42.50686503702954
                  -90.72048906746724,42.506497537133384
                  -90.72055351485288,42.506260236136065
               </coordinates>
            </LineString>
         </Placemark>
         <Placemark>
            <name> </name>
            <Point>
               <coordinates> -90.72045721644817,42.50686503702954 </coordinates>
            </Point>
         </Placemark>
         <Placemark>
            <name> </name>
            <Point>
               <coordinates> -90.72055351485288,42.506260236136065 </coordinates>
            </Point>
         </Placemark>
      </Folder>
      <Folder id="JFK_AND_HILLCREST-S-996297840">
         <name> JFK_AND_HILLCREST-S-996297840 </name>
         <Placemark>
            <name> trajectory </name>
            <LineString>
               <coordinates>
                  -90.72045746674169,42.50813836249436
                  -90.72045746599436,42.50686189174507
               </coordinates>
            </LineString>
         </Placemark>
         <Placemark>
            <name> </name>
            <Point>
               <coordinates> -90.72045746674169,42.50813836249436 </coordinates>
            </Point>
         </Placemark>
         <Placemark>
            <name> </name>
            <Point>
               <coordinates> -90.72045746599436,42.50686189174507 </coordinates>
            </Point>
         </Placemark>
      </Folder>
      <Folder id="JFK_AND_HILLCREST-SSW--273262824">
         <name> JFK_AND_HILLCREST-SSW--273262824 </name>
         <Placemark>
            <name> trajectory </name>
            <LineString>
               <coordinates>
                  -90.72115407865927,42.505326936544776
                  -90.72119021395068,42.505279066563375
                  -90.72122169262438,42.50522225588505
               </coordinates>
            </LineString>
         </Placemark>
         <Placemark>
            <name> </name>
            <Point>
               <coordinates> -90.72115407865927,42.505326936544776 </coordinates>
            </Point>
         </Placemark>
         <Placemark>
            <name> </name>
            <Point>
               <coordinates> -90.72122169262438,42.50522225588505 </coordinates>
            </Point>
         </Placemark>
      </Folder>
      <Folder id="JFK_AND_HILLCREST-SSW-194427287">
         <name> JFK_AND_HILLCREST-SSW-194427287 </name>
         <Placemark>
            <name> trajectory </name>
            <LineString>
               <coordinates>
                  -90.72055025385247,42.50626862117103
                  -90.72064673876866,42.50607080825177
                  -90.72090415611636,42.50565953619363
                  -90.7211541229249,42.50532686776255
               </coordinates>
            </LineString>
         </Placemark>
         <Placemark>
            <name> </name>
            <Point>
               <coordinates> -90.72055025385247,42.50626862117103 </coordinates>
            </Point>
         </Placemark>
         <Placemark>
            <name> </name>
            <Point>
               <coordinates> -90.7211541229249,42.50532686776255 </coordinates>
            </Point>
         </Placemark>
      </Folder>
      <Folder id="JFK_AND_HILLCREST-W-1245809120">
         <name> JFK_AND_HILLCREST-W-1245809120 </name>
         <Placemark>
            <name> trajectory </name>
            <LineString>
               <coordinates>
                  -90.71874679833216,42.5068851459478
                  -90.7204207575652,42.50688887123819
               </coordinates>
            </LineString>
         </Placemark>
         <Placemark>
            <name> </name>
            <Point>
               <coordinates> -90.71874679833216,42.5068851459478 </coordinates>
            </Point>
         </Placemark>
         <Placemark>
            <name> </name>
            <Point>
               <coordinates> -90.7204207575652,42.50688887123819 </coordinates>
            </Point>
         </Placemark>
      </Folder>
      <Folder id="JFK_AND_HILLCREST-W-1294947879">
         <name> JFK_AND_HILLCREST-W-1294947879 </name>
         <Placemark>
            <name> trajectory </name>
            <LineString>
               <coordinates>
                  -90.72041506787617,42.50688853033441
                  -90.7213482531142,42.50691647001227
                  -90.72311273690295,42.50692243047688
                  -90.72338133033783,42.506940125606185
                  -90.7236549529105,42.50700345554267
                  -90.72401965882568,42.50714576163526
                  -90.72447786952287,42.50735847571605
                  -90.72484574194065,42.50743838319474
                  -90.72528439488067,42.50746464649193
               </coordinates>
            </LineString>
         </Placemark>
         <Placemark>
            <name> </name>
            <Point>
               <coordinates> -90.72041506787617,42.50688853033441 </coordinates>
            </Point>
         </Placemark>
         <Placemark>
            <name> </name>
            <Point>
               <coordinates> -90.72528439488067,42.50746464649193 </coordinates>
            </Point>
         </Placemark>
      </Folder>
      <Folder id="JFK_AND_PENN-E--1261259092">
         <name> JFK_AND_PENN-E--1261259092 </name>
         <Placemark>
            <name> trajectory </name>
            <LineString>
               <coordinates>
                  -90.72122343157926,42.50044827691078
                  -90.7204269644956,42.50044008127194
                  -90.72004102441201,42.500436169717034
                  -90.71837079046924,42.50041903338128
               </coordinates>
            </LineString>
         </Placemark>
         <Placemark>
            <name> </name>
            <Point>
               <coordinates> -90.72122343157926,42.50044827691078 </coordinates>
            </Point>
         </Placemark>
         <Placemark>
            <name> </name>
            <Point>
               <coordinates> -90.71837079046924,42.50041903338128 </coordinates>
            </Point>
         </Placemark>
      </Folder>
      <Folder id="JFK_AND_PENN-E--1972496505">
         <name> JFK_AND_PENN-E--1972496505 </name>
         <Placemark>
            <name> trajectory </name>
            <LineString>
               <coordinates>
                  -90.72471574820813,42.5004700703202
                  -90.72344207142648,42.500455914216744
               </coordinates>
            </LineString>
         </Placemark>
         <Placemark>
            <name> </name>
            <Point>
               <coordinates> -90.72471574820813,42.5004700703202 </coordinates>
            </Point>
         </Placemark>
         <Placemark>
            <name> </name>
            <Point>
               <coordinates> -90.72344207142648,42.500455914216744 </coordinates>
            </Point>
         </Placemark>
      </Folder>
      <Folder id="JFK_AND_PENN-E--494224749">
         <name> JFK_AND_PENN-E--494224749 </name>
         <Placemark>
            <name> trajectory </name>
            <LineString>
               <coordinates>
                  -90.72373455234292,42.4968729268802
                  -90.7210186293901,42.496845173466866
                  -90.72087259800715,42.49687069170598
               </coordinates>
            </LineString>
         </Placemark>
         <Placemark>
            <name> </name>
            <Point>
               <coordinates> -90.72373455234292,42.4968729268802 </coordinates>
            </Point>
         </Placemark>
         <Placemark>
            <name> </name>
            <Point>
               <coordinates> -90.72087259800715,42.49687069170598 </coordinates>
            </Point>
         </Placemark>
      </Folder>
      <Folder id="JFK_AND_PENN-E--568877796">
         <name> JFK_AND_PENN-E--568877796 </name>
         <Placemark>
            <name> trajectory </name>
            <LineString>
               <coordinates>
                  -90.72631755521374,42.500479753070316
                  -90.72582600314787,42.50048049812839
               </coordinates>
            </LineString>
         </Placemark>
         <Placemark>
            <name> </name>
            <Point>
               <coordinates> -90.72631755521374,42.500479753070316 </coordinates>
            </Point>
         </Placemark>
         <Placemark>
            <name> </name>
            <Point>
               <coordinates> -90.72582600314787,42.50048049812839 </coordinates>
            </Point>
         </Placemark>
      </Folder>
      <Folder id="JFK_AND_PENN-E-1176330794">
         <name> JFK_AND_PENN-E-1176330794 </name>
         <Placemark>
            <name> trajectory </name>
            <LineString>
               <coordinates>
                  -90.72480904567374,42.50046895314625
                  -90.72471460956254,42.50047007073337
               </coordinates>
            </LineString>
         </Placemark>
         <Placemark>
            <name> </name>
            <Point>
               <coordinates> -90.72480904567374,42.50046895314625 </coordinates>
            </Point>
         </Placemark>
         <Placemark>
            <name> </name>
            <Point>
               <coordinates> -90.72471460956254,42.50047007073337 </coordinates>
            </Point>
         </Placemark>
      </Folder>
      <Folder id="JFK_AND_PENN-E-1407250821">
         <name> JFK_AND_PENN-E-1407250821 </name>
         <Placemark>
            <name> trajectory </name>
            <LineString>
               <coordinates>
                  -90.71837069658694,42.50041903250883
                  -90.7172778826534,42.5004099055474
               </coordinates>
            </LineString>
         </Placemark>
         <Placemark>
            <name> </name>
            <Point>
               <coordinates> -90.71837069658694,42.50041903250883 </coordinates>
            </Point>
         </Placemark>
         <Placemark>
            <name> </name>
            <Point>
               <coordinates> -90.7172778826534,42.5004099055474 </coordinates>
            </Point>
         </Placemark>
      </Folder>
      <Folder id="JFK_AND_PENN-E-1754382748">
         <name> JFK_AND_PENN-E-1754382748 </name>
         <Placemark>
            <name> trajectory </name>
            <LineString>
               <coordinates>
                  -90.7258266421206,42.50048050127166
                  -90.72481019663984,42.50046895287148
               </coordinates>
            </LineString>
         </Placemark>
         <Placemark>
            <name> </name>
            <Point>
               <coordinates> -90.7258266421206,42.50048050127166 </coordinates>
            </Point>
         </Placemark>
         <Placemark>
            <name> </name>
            <Point>
               <coordinates> -90.72481019663984,42.50046895287148 </coordinates>
            </Point>
         </Placemark>
      </Folder>
      <Folder id="JFK_AND_PENN-E-1876783933">
         <name> JFK_AND_PENN-E-1876783933 </name>
         <Placemark>
            <name> trajectory </name>
            <LineString>
               <coordinates>
                  -90.72344169048209,42.50045591144709
                  -90.72230976099961,42.5004519998922
                  -90.72122309379525,42.50044827460182
               </coordinates>
            </LineString>
         </Placemark>
         <Placemark>
            <name> </name>
            <Point>
               <coordinates> -90.72344169048209,42.50045591144709 </coordinates>
            </Point>
         </Placemark>
         <Placemark>
            <name> </name>
            <Point>
               <coordinates> -90.72122309379525,42.50044827460182 </coordinates>
            </Point>
         </Placemark>
      </Folder>
      <Folder id="JFK_AND_PENN-N--1274181039">
         <name> JFK_AND_PENN-N--1274181039 </name>
         <Placemark>
            <name> trajectory </name>
            <LineString>
               <coordinates>
                  -90.72128844701915,42.50179572065841
                  -90.72135792308325,42.50282464586184
               </coordinates>
            </LineString>
         </Placemark>
         <Placemark>
            <name> </name>
            <Point>
               <coordinates> -90.72128844701915,42.50179572065841 </coordinates>
            </Point>
         </Placemark>
         <Placemark>
            <name> </name>
            <Point>
               <coordinates> -90.72135792308325,42.50282464586184 </coordinates>
            </Point>
         </Placemark>
      </Folder>
      <Folder id="JFK_AND_PENN-N--48202664">
         <name> JFK_AND_PENN-N--48202664 </name>
         <Placemark>
            <name> trajectory </name>
            <LineString>
               <coordinates>
                  -90.72118638897732,42.500476790558295
                  -90.72125456127641,42.50135800799809
                  -90.72128846116298,42.50179591588246
               </coordinates>
            </LineString>
         </Placemark>
         <Placemark>
            <name> </name>
            <Point>
               <coordinates> -90.72118638897732,42.500476790558295 </coordinates>
            </Point>
         </Placemark>
         <Placemark>
            <name> </name>
            <Point>
               <coordinates> -90.72128846116298,42.50179591588246 </coordinates>
            </Point>
         </Placemark>
      </Folder>
      <Folder id="JFK_AND_PENN-N-1385197712">
         <name> JFK_AND_PENN-N-1385197712 </name>
         <Placemark>
            <name> trajectory </name>
            <LineString>
               <coordinates>
                  -90.72083611700599,42.496900102728596
                  -90.72092589633084,42.49719756716558
                  -90.72099146124431,42.497536009796754
                  -90.72110582674891,42.49909765152478
               </coordinates>
            </LineString>
         </Placemark>
         <Placemark>
            <name> </name>
            <Point>
               <coordinates> -90.72083611700599,42.496900102728596 </coordinates>
            </Point>
         </Placemark>
         <Placemark>
            <name> </name>
            <Point>
               <coordinates> -90.72110582674891,42.49909765152478 </coordinates>
            </Point>
         </Placemark>
      </Folder>
      <Folder id="JFK_AND_PENN-N-1762417349">
         <name> JFK_AND_PENN-N-1762417349 </name>
         <Placemark>
            <name> trajectory </name>
            <LineString>
               <coordinates>
                  -90.72135795151668,42.5028215931239
                  -90.72144046594752,42.50410737709915
                  -90.72145313181676,42.504309474102364
                  -90.72144102449963,42.50452069806701
                  -90.72127450374622,42.50498859453894
                  -90.72115212782845,42.50520894546504
               </coordinates>
            </LineString>
         </Placemark>
         <Placemark>
            <name> </name>
            <Point>
               <coordinates> -90.72135795151668,42.5028215931239 </coordinates>
            </Point>
         </Placemark>
         <Placemark>
            <name> </name>
            <Point>
               <coordinates> -90.72115212782845,42.50520894546504 </coordinates>
            </Point>
         </Placemark>
      </Folder>
      <Folder id="JFK_AND_PENN-N-807580953">
         <name> JFK_AND_PENN-N-807580953 </name>
         <Placemark>
            <name> trajectory </name>
            <LineString>
               <coordinates>
                  -90.72110571176738,42.49909638151135
                  -90.72115376761272,42.49978146241254
                  -90.72118636349724,42.50047641533326
               </coordinates>
            </LineString>
         </Placemark>
         <Placemark>
            <name> </name>
            <Point>
               <coordinates> -90.72110571176738,42.49909638151135 </coordinates>
            </Point>
         </Placemark>
         <Placemark>
            <name> </name>
            <Point>
               <coordinates> -90.72118636349724,42.50047641533326 </coordinates>
            </Point>
         </Placemark>
      </Folder>
      <Folder id="JFK_AND_PENN-NNW--2000990043">
         <name> JFK_AND_PENN-NNW--2000990043 </name>
         <Placemark>
            <name> trajectory </name>
            <LineString>
               <coordinates>
                  -90.720660929967,42.496595175833235
                  -90.72067713496871,42.49661640998841
                  -90.72083881241385,42.496908100225305
               </coordinates>
            </LineString>
         </Placemark>
         <Placemark>
            <name> </name>
            <Point>
               <coordinates> -90.720660929967,42.496595175833235 </coordinates>
            </Point>
         </Placemark>
         <Placemark>
            <name> </name>
            <Point>
               <coordinates> -90.72083881241385,42.496908100225305 </coordinates>
            </Point>
         </Placemark>
      </Folder>
      <Folder id="JFK_AND_PENN-S--1425361252">
         <name> JFK_AND_PENN-S--1425361252 </name>
         <Placemark>
            <name> trajectory </name>
            <LineString>
               <coordinates>
                  -90.72117871501497,42.499092788575304
                  -90.7210643476901,42.49753114684728
                  -90.72099878238215,42.4971927042161
                  -90.72090900271058,42.49689523977913
               </coordinates>
            </LineString>
         </Placemark>
         <Placemark>
            <name> </name>
            <Point>
               <coordinates> -90.72117871501497,42.499092788575304 </coordinates>
            </Point>
         </Placemark>
         <Placemark>
            <name> </name>
            <Point>
               <coordinates> -90.72090900271058,42.49689523977913 </coordinates>
            </Point>
         </Placemark>
      </Folder>
      <Folder id="JFK_AND_PENN-S--1896485300">
         <name> JFK_AND_PENN-S--1896485300 </name>
         <Placemark>
            <name> trajectory </name>
            <LineString>
               <coordinates>
                  -90.72122517367562,42.505212368167086
                  -90.72134754933592,42.504992017241
                  -90.72151406954262,42.50452412076906
                  -90.72152617661297,42.50431289680442
                  -90.7215135105076,42.504110799801204
                  -90.72143099457455,42.50282501582595
               </coordinates>
            </LineString>
         </Placemark>
         <Placemark>
            <name> </name>
            <Point>
               <coordinates> -90.72122517367562,42.505212368167086 </coordinates>
            </Point>
         </Placemark>
         <Placemark>
            <name> </name>
            <Point>
               <coordinates> -90.72143099457455,42.50282501582595 </coordinates>
            </Point>
         </Placemark>
      </Folder>
      <Folder id="JFK_AND_PENN-S--2081071772">
         <name> JFK_AND_PENN-S--2081071772 </name>
         <Placemark>
            <name> trajectory </name>
            <LineString>
               <coordinates>
                  -90.72136153159634,42.50179284256274
                  -90.72132763119798,42.501354934678375
                  -90.72125945786908,42.500473717238584
               </coordinates>
            </LineString>
         </Placemark>
         <Placemark>
            <name> </name>
            <Point>
               <coordinates> -90.72136153159634,42.50179284256274 </coordinates>
            </Point>
         </Placemark>
         <Placemark>
            <name> </name>
            <Point>
               <coordinates> -90.72125945786908,42.500473717238584 </coordinates>
            </Point>
         </Placemark>
      </Folder>
      <Folder id="JFK_AND_PENN-S-2016238742">
         <name> JFK_AND_PENN-S-2016238742 </name>
         <Placemark>
            <name> trajectory </name>
            <LineString>
               <coordinates>
                  -90.72143102300855,42.502821963000564
                  -90.72136154574143,42.501793037797135
               </coordinates>
            </LineString>
         </Placemark>
         <Placemark>
            <name> </name>
            <Point>
               <coordinates> -90.72143102300855,42.502821963000564 </coordinates>
            </Point>
         </Placemark>
         <Placemark>
            <name> </name>
            <Point>
               <coordinates> -90.72136154574143,42.501793037797135 </coordinates>
            </Point>
         </Placemark>
      </Folder>
      <Folder id="JFK_AND_PENN-S-794991866">
         <name> JFK_AND_PENN-S-794991866 </name>
         <Placemark>
            <name> trajectory </name>
            <LineString>
               <coordinates>
                  -90.72125948335062,42.500474092470384
                  -90.72122688665343,42.49977913954967
                  -90.72117883000698,42.499094058648474
               </coordinates>
            </LineString>
         </Placemark>
         <Placemark>
            <name> </name>
            <Point>
               <coordinates> -90.72125948335062,42.500474092470384 </coordinates>
            </Point>
         </Placemark>
         <Placemark>
            <name> </name>
            <Point>
               <coordinates> -90.72117883000698,42.499094058648474 </coordinates>
            </Point>
         </Placemark>
      </Folder>
      <Folder id="JFK_AND_PENN-SSE--2051441320">
         <name> JFK_AND_PENN-SSE--2051441320 </name>
         <Placemark>
            <name> trajectory </name>
            <LineString>
               <coordinates>
                  -90.7207263954374,42.49657129415623
                  -90.72061798941539,42.496429546857215
                  -90.72045668423841,42.49622558720881
               </coordinates>
            </LineString>
         </Placemark>
         <Placemark>
            <name> </name>
            <Point>
               <coordinates> -90.7207263954374,42.49657129415623 </coordinates>
            </Point>
         </Placemark>
         <Placemark>
            <name> </name>
            <Point>
               <coordinates> -90.72045668423841,42.49622558720881 </coordinates>
            </Point>
         </Placemark>
      </Folder>
      <Folder id="JFK_AND_PENN-SSE--569815944">
         <name> JFK_AND_PENN-SSE--569815944 </name>
         <Placemark>
            <name> trajectory </name>
            <LineString>
               <coordinates>
                  -90.72090630727511,42.49688724231732
                  -90.72074462951515,42.49659555208042
                  -90.72072842449053,42.49657431792525
               </coordinates>
            </LineString>
         </Placemark>
         <Placemark>
            <name> </name>
            <Point>
               <coordinates> -90.72090630727511,42.49688724231732 </coordinates>
            </Point>
         </Placemark>
         <Placemark>
            <name> </name>
            <Point>
               <coordinates> -90.72072842449053,42.49657431792525 </coordinates>
            </Point>
         </Placemark>
      </Folder>
      <Folder id="JFK_AND_PENN-W--1089046649">
         <name> JFK_AND_PENN-W--1089046649 </name>
         <Placemark>
            <name> trajectory </name>
            <LineString>
               <coordinates>
                  -90.7234409682479,42.500509867308594
                  -90.72471464502928,42.50052402341205
               </coordinates>
            </LineString>
         </Placemark>
         <Placemark>
            <name> </name>
            <Point>
               <coordinates> -90.7234409682479,42.500509867308594 </coordinates>
            </Point>
         </Placemark>
         <Placemark>
            <name> </name>
            <Point>
               <coordinates> -90.72471464502928,42.50052402341205 </coordinates>
            </Point>
         </Placemark>
      </Folder>
      <Folder id="JFK_AND_PENN-W-1371386992">
         <name> JFK_AND_PENN-W-1371386992 </name>
         <Placemark>
            <name> trajectory </name>
            <LineString>
               <coordinates>
                  -90.71727705363887,42.500463861307686
                  -90.71836986757229,42.500472988269124
               </coordinates>
            </LineString>
         </Placemark>
         <Placemark>
            <name> </name>
            <Point>
               <coordinates> -90.71727705363887,42.500463861307686 </coordinates>
            </Point>
         </Placemark>
         <Placemark>
            <name> </name>
            <Point>
               <coordinates> -90.71836986757229,42.500472988269124 </coordinates>
            </Point>
         </Placemark>
      </Folder>
      <Folder id="JFK_AND_PENN-W-1778364839">
         <name> JFK_AND_PENN-W-1778364839 </name>
         <Placemark>
            <name> trajectory </name>
            <LineString>
               <coordinates>
                  -90.72122275209802,42.500502233235785
                  -90.72230941930238,42.50050595852617
                  -90.72344134878485,42.50050987008105
               </coordinates>
            </LineString>
         </Placemark>
         <Placemark>
            <name> </name>
            <Point>
               <coordinates> -90.72122275209802,42.500502233235785 </coordinates>
            </Point>
         </Placemark>
         <Placemark>
            <name> </name>
            <Point>
               <coordinates> -90.72344134878485,42.50050987008105 </coordinates>
            </Point>
         </Placemark>
      </Folder>
      <Folder id="JFK_AND_PENN-W-1840613026">
         <name> JFK_AND_PENN-W-1840613026 </name>
         <Placemark>
            <name> trajectory </name>
            <LineString>
               <coordinates>
                  -90.71836977293066,42.500472987387994
                  -90.72004000687316,42.50049012372376
                  -90.72042594695668,42.500494035278656
                  -90.72122241404023,42.500502230917505
               </coordinates>
            </LineString>
         </Placemark>
         <Placemark>
            <name> </name>
            <Point>
               <coordinates> -90.71836977293066,42.500472987387994 </coordinates>
            </Point>
         </Placemark>
         <Placemark>
            <name> </name>
            <Point>
               <coordinates> -90.72122241404023,42.500502230917505 </coordinates>
            </Point>
         </Placemark>
      </Folder>
      <Folder id="JFK_AND_PENN-W-1993944829">
         <name> JFK_AND_PENN-W-1993944829 </name>
         <Placemark>
            <name> trajectory </name>
            <LineString>
               <coordinates>
                  -90.72480906893091,42.50052290568767
                  -90.72582551441147,42.50053445408785
               </coordinates>
            </LineString>
         </Placemark>
         <Placemark>
            <name> </name>
            <Point>
               <coordinates> -90.72480906893091,42.50052290568767 </coordinates>
            </Point>
         </Placemark>
         <Placemark>
            <name> </name>
            <Point>
               <coordinates> -90.72582551441147,42.50053445408785 </coordinates>
            </Point>
         </Placemark>
      </Folder>
      <Folder id="JFK_AND_PENN-W-763853194">
         <name> JFK_AND_PENN-W-763853194 </name>
         <Placemark>
            <name> trajectory </name>
            <LineString>
               <coordinates>
                  -90.72471578418462,42.50052402300546
                  -90.7248102202958,42.50052290541836
               </coordinates>
            </LineString>
         </Placemark>
         <Placemark>
            <name> </name>
            <Point>
               <coordinates> -90.72471578418462,42.50052402300546 </coordinates>
            </Point>
         </Placemark>
         <Placemark>
            <name> </name>
            <Point>
               <coordinates> -90.7248102202958,42.50052290541836 </coordinates>
            </Point>
         </Placemark>
      </Folder>
      <Folder id="JFK_AND_WACKER-ENE--340337942">
         <name> JFK_AND_WACKER-ENE--340337942 </name>
         <Placemark>
            <name> trajectory </name>
            <LineString>
               <coordinates>
                  -90.7204281327224,42.49565305178582
                  -90.72032661855951,42.49566515897956
                  -90.71999450892197,42.49585067844057
               </coordinates>
            </LineString>
         </Placemark>
         <Placemark>
            <name> </name>
            <Point>
               <coordinates> -90.7204281327224,42.49565305178582 </coordinates>
            </Point>
         </Placemark>
         <Placemark>
            <name> </name>
            <Point>
               <coordinates> -90.71999450892197,42.49585067844057 </coordinates>
            </Point>
         </Placemark>
      </Folder>
      <Folder id="JFK_AND_WACKER-N-448135951">
         <name> JFK_AND_WACKER-N-448135951 </name>
         <Placemark>
            <name> trajectory </name>
            <LineString>
               <coordinates>
                  -90.72040998514558,42.494511301454004
                  -90.72039154429038,42.49565273042699
               </coordinates>
            </LineString>
         </Placemark>
         <Placemark>
            <name> </name>
            <Point>
               <coordinates> -90.72040998514558,42.494511301454004 </coordinates>
            </Point>
         </Placemark>
         <Placemark>
            <name> </name>
            <Point>
               <coordinates> -90.72039154429038,42.49565273042699 </coordinates>
            </Point>
         </Placemark>
      </Folder>
      <Folder id="JFK_AND_WACKER-NNW--2000990043">
         <name> JFK_AND_WACKER-NNW--2000990043 </name>
         <Placemark>
            <name> trajectory </name>
            <LineString>
               <coordinates>
                  -90.720660929967,42.496595175833235
                  -90.72067713496871,42.49661640998841
                  -90.72083881241385,42.496908100225305
               </coordinates>
            </LineString>
         </Placemark>
         <Placemark>
            <name> </name>
            <Point>
               <coordinates> -90.720660929967,42.496595175833235 </coordinates>
            </Point>
         </Placemark>
         <Placemark>
            <name> </name>
            <Point>
               <coordinates> -90.72083881241385,42.496908100225305 </coordinates>
            </Point>
         </Placemark>
      </Folder>
      <Folder id="JFK_AND_WACKER-NNW-1101242419">
         <name> JFK_AND_WACKER-NNW-1101242419 </name>
         <Placemark>
            <name> trajectory </name>
            <LineString>
               <coordinates>
                  -90.72039324814108,42.4962524926338
                  -90.72055455311116,42.4964564522822
                  -90.72066295898938,42.49659819958122
               </coordinates>
            </LineString>
         </Placemark>
         <Placemark>
            <name> </name>
            <Point>
               <coordinates> -90.72039324814108,42.4962524926338 </coordinates>
            </Point>
         </Placemark>
         <Placemark>
            <name> </name>
            <Point>
               <coordinates> -90.72066295898938,42.49659819958122 </coordinates>
            </Point>
         </Placemark>
      </Folder>
      <Folder id="JFK_AND_WACKER-NW--1408321701">
         <name> JFK_AND_WACKER-NW--1408321701 </name>
         <Placemark>
            <name> trajectory </name>
            <LineString>
               <coordinates>
                  -90.71996733002206,42.495868742473455
                  -90.7200233956232,42.495912700899964
                  -90.72004611988561,42.49593318999707
               </coordinates>
            </LineString>
         </Placemark>
         <Placemark>
            <name> </name>
            <Point>
               <coordinates> -90.71996733002206,42.495868742473455 </coordinates>
            </Point>
         </Placemark>
         <Placemark>
            <name> </name>
            <Point>
               <coordinates> -90.72004611988561,42.49593318999707 </coordinates>
            </Point>
         </Placemark>
      </Folder>
      <Folder id="JFK_AND_WACKER-NW--345087335">
         <name> JFK_AND_WACKER-NW--345087335 </name>
         <Placemark>
            <name> trajectory </name>
            <LineString>
               <coordinates>
                  -90.72004473279442,42.49593198634815
                  -90.72039640005849,42.49625590034683
               </coordinates>
            </LineString>
         </Placemark>
         <Placemark>
            <name> </name>
            <Point>
               <coordinates> -90.72004473279442,42.49593198634815 </coordinates>
            </Point>
         </Placemark>
         <Placemark>
            <name> </name>
            <Point>
               <coordinates> -90.72039640005849,42.49625590034683 </coordinates>
            </Point>
         </Placemark>
      </Folder>
      <Folder id="JFK_AND_WACKER-NW--574752154">
         <name> JFK_AND_WACKER-NW--574752154 </name>
         <Placemark>
            <name> trajectory </name>
            <LineString>
               <coordinates>
                  -90.71464953836107,42.49286066680328
                  -90.71491273004031,42.49308586060687
                  -90.71540130177628,42.493340670468974
               </coordinates>
            </LineString>
         </Placemark>
         <Placemark>
            <name> </name>
            <Point>
               <coordinates> -90.71464953836107,42.49286066680328 </coordinates>
            </Point>
         </Placemark>
         <Placemark>
            <name> </name>
            <Point>
               <coordinates> -90.71540130177628,42.493340670468974 </coordinates>
            </Point>
         </Placemark>
      </Folder>
      <Folder id="JFK_AND_WACKER-NW-324456327">
         <name> JFK_AND_WACKER-NW-324456327 </name>
         <Placemark>
            <name> trajectory </name>
            <LineString>
               <coordinates>
                  -90.71540327952698,42.49334184719518
                  -90.71840232397024,42.49498842554391
                  -90.71987064689169,42.49579234320828
                  -90.71997253355555,42.49587225068697
               </coordinates>
            </LineString>
         </Placemark>
         <Placemark>
            <name> </name>
            <Point>
               <coordinates> -90.71540327952698,42.49334184719518 </coordinates>
            </Point>
         </Placemark>
         <Placemark>
            <name> </name>
            <Point>
               <coordinates> -90.71997253355555,42.49587225068697 </coordinates>
            </Point>
         </Placemark>
      </Folder>
      <Folder id="JFK_AND_WACKER-S--1100914267">
         <name> JFK_AND_WACKER-S--1100914267 </name>
         <Placemark>
            <name> trajectory </name>
            <LineString>
               <coordinates>
                  -90.7204615574662,42.4962391119279
                  -90.72045857711075,42.49602863302133
                  -90.72046341981014,42.49572427679714
               </coordinates>
            </LineString>
         </Placemark>
         <Placemark>
            <name> </name>
            <Point>
               <coordinates> -90.7204615574662,42.4962391119279 </coordinates>
            </Point>
         </Placemark>
         <Placemark>
            <name> </name>
            <Point>
               <coordinates> -90.72046341981014,42.49572427679714 </coordinates>
            </Point>
         </Placemark>
      </Folder>
      <Folder id="JFK_AND_WACKER-S-227520373">
         <name> JFK_AND_WACKER-S-227520373 </name>
         <Placemark>
            <name> trajectory </name>
            <LineString>
               <coordinates>
                  -90.72046341660104,42.49572456932148
                  -90.72046472041104,42.49565341627519
               </coordinates>
            </LineString>
         </Placemark>
         <Placemark>
            <name> </name>
            <Point>
               <coordinates> -90.72046341660104,42.49572456932148 </coordinates>
            </Point>
         </Placemark>
         <Placemark>
            <name> </name>
            <Point>
               <coordinates> -90.72046472041104,42.49565341627519 </coordinates>
            </Point>
         </Placemark>
      </Folder>
      <Folder id="JFK_AND_WACKER-S-458841336">
         <name> JFK_AND_WACKER-S-458841336 </name>
         <Placemark>
            <name> trajectory </name>
            <LineString>
               <coordinates>
                  -90.7204647211547,42.495653373138886
                  -90.72048316067429,42.494511944165914
               </coordinates>
            </LineString>
         </Placemark>
         <Placemark>
            <name> </name>
            <Point>
               <coordinates> -90.7204647211547,42.495653373138886 </coordinates>
            </Point>
         </Placemark>
         <Placemark>
            <name> </name>
            <Point>
               <coordinates> -90.72048316067429,42.494511944165914 </coordinates>
            </Point>
         </Placemark>
      </Folder>
      <Folder id="JFK_AND_WACKER-SE-1847668543">
         <name> JFK_AND_WACKER-SE-1847668543 </name>
         <Placemark>
            <name> trajectory </name>
            <LineString>
               <coordinates>
                  -90.71544920597148,42.493299879267056
                  -90.71496063404034,42.49304506940496
                  -90.71469744218861,42.49281987560137
               </coordinates>
            </LineString>
         </Placemark>
         <Placemark>
            <name> </name>
            <Point>
               <coordinates> -90.71544920597148,42.493299879267056 </coordinates>
            </Point>
         </Placemark>
         <Placemark>
            <name> </name>
            <Point>
               <coordinates> -90.71469744218861,42.49281987560137 </coordinates>
            </Point>
         </Placemark>
      </Folder>
      <Folder id="JFK_AND_WACKER-SE-853634215">
         <name> JFK_AND_WACKER-SE-853634215 </name>
         <Placemark>
            <name> trajectory </name>
            <LineString>
               <coordinates>
                  -90.72001648269705,42.49582910531711
                  -90.71991459597704,42.49574919783842
                  -90.71844627249064,42.49494528017404
                  -90.71544722689029,42.493298701825324
               </coordinates>
            </LineString>
         </Placemark>
         <Placemark>
            <name> </name>
            <Point>
               <coordinates> -90.72001648269705,42.49582910531711 </coordinates>
            </Point>
         </Placemark>
         <Placemark>
            <name> </name>
            <Point>
               <coordinates> -90.71544722689029,42.493298701825324 </coordinates>
            </Point>
         </Placemark>
      </Folder>
      <Folder id="JFK_AND_WACKER-SSE--2051441320">
         <name> JFK_AND_WACKER-SSE--2051441320 </name>
         <Placemark>
            <name> trajectory </name>
            <LineString>
               <coordinates>
                  -90.7207263954374,42.49657129415623
                  -90.72061798941539,42.496429546857215
                  -90.72045668423841,42.49622558720881
               </coordinates>
            </LineString>
         </Placemark>
         <Placemark>
            <name> </name>
            <Point>
               <coordinates> -90.7207263954374,42.49657129415623 </coordinates>
            </Point>
         </Placemark>
         <Placemark>
            <name> </name>
            <Point>
               <coordinates> -90.72045668423841,42.49622558720881 </coordinates>
            </Point>
         </Placemark>
      </Folder>
      <Folder id="LOCUST_AND_10TH-ENE--157380797">
         <name> LOCUST_AND_10TH-ENE--157380797 </name>
         <Placemark>
            <name> trajectory </name>
            <LineString>
               <coordinates>
                  -90.67034811991364,42.502719094768956
                  -90.66959579747275,42.50294112207571
               </coordinates>
            </LineString>
         </Placemark>
         <Placemark>
            <name> </name>
            <Point>
               <coordinates> -90.67034811991364,42.502719094768956 </coordinates>
            </Point>
         </Placemark>
         <Placemark>
            <name> </name>
            <Point>
               <coordinates> -90.66959579747275,42.50294112207571 </coordinates>
            </Point>
         </Placemark>
      </Folder>
      <Folder id="LOCUST_AND_10TH-ENE--258563702">
         <name> LOCUST_AND_10TH-ENE--258563702 </name>
         <Placemark>
            <name> trajectory </name>
            <LineString>
               <coordinates>
                  -90.66959568428372,42.50294115564221
                  -90.6690337241929,42.50310860744488
               </coordinates>
            </LineString>
         </Placemark>
         <Placemark>
            <name> </name>
            <Point>
               <coordinates> -90.66959568428372,42.50294115564221 </coordinates>
            </Point>
         </Placemark>
         <Placemark>
            <name> </name>
            <Point>
               <coordinates> -90.6690337241929,42.50310860744488 </coordinates>
            </Point>
         </Placemark>
      </Folder>
      <Folder id="LOCUST_AND_10TH-ENE-334114486">
         <name> LOCUST_AND_10TH-ENE-334114486 </name>
         <Placemark>
            <name> trajectory </name>
            <LineString>
               <coordinates>
                  -90.66914732985839,42.5020945148048
                  -90.66858648735247,42.502267182014
               </coordinates>
            </LineString>
         </Placemark>
         <Placemark>
            <name> </name>
            <Point>
               <coordinates> -90.66914732985839,42.5020945148048 </coordinates>
            </Point>
         </Placemark>
         <Placemark>
            <name> </name>
            <Point>
               <coordinates> -90.66858648735247,42.502267182014 </coordinates>
            </Point>
         </Placemark>
      </Folder>
      <Folder id="LOCUST_AND_10TH-NNW--1100714241">
         <name> LOCUST_AND_10TH-NNW--1100714241 </name>
         <Placemark>
            <name> trajectory </name>
            <LineString>
               <coordinates>
                  -90.66872072969498,42.50132666903719
                  -90.66916143154714,42.502119410830424
               </coordinates>
            </LineString>
         </Placemark>
         <Placemark>
            <name> </name>
            <Point>
               <coordinates> -90.66872072969498,42.50132666903719 </coordinates>
            </Point>
         </Placemark>
         <Placemark>
            <name> </name>
            <Point>
               <coordinates> -90.66916143154714,42.502119410830424 </coordinates>
            </Point>
         </Placemark>
      </Folder>
      <Folder id="LOCUST_AND_10TH-NNW--1107623608">
         <name> LOCUST_AND_10TH-NNW--1107623608 </name>
         <Placemark>
            <name> trajectory </name>
            <LineString>
               <coordinates>
                  -90.66829995814636,42.50050654635965
                  -90.66872072969498,42.50132666903719
               </coordinates>
            </LineString>
         </Placemark>
         <Placemark>
            <name> </name>
            <Point>
               <coordinates> -90.66829995814636,42.50050654635965 </coordinates>
            </Point>
         </Placemark>
         <Placemark>
            <name> </name>
            <Point>
               <coordinates> -90.66872072969498,42.50132666903719 </coordinates>
            </Point>
         </Placemark>
      </Folder>
      <Folder id="LOCUST_AND_10TH-NNW-1289202785">
         <name> LOCUST_AND_10TH-NNW-1289202785 </name>
         <Placemark>
            <name> trajectory </name>
            <LineString>
               <coordinates>
                  -90.66960939771555,42.502966169334194
                  -90.67004786439347,42.503789272244035
               </coordinates>
            </LineString>
         </Placemark>
         <Placemark>
            <name> </name>
            <Point>
               <coordinates> -90.66960939771555,42.502966169334194 </coordinates>
            </Point>
         </Placemark>
         <Placemark>
            <name> </name>
            <Point>
               <coordinates> -90.67004786439347,42.503789272244035 </coordinates>
            </Point>
         </Placemark>
      </Folder>
      <Folder id="LOCUST_AND_10TH-NNW-1758387757">
         <name> LOCUST_AND_10TH-NNW-1758387757 </name>
         <Placemark>
            <name> trajectory </name>
            <LineString>
               <coordinates>
                  -90.67004786439347,42.503789272244035
                  -90.67048521348428,42.50460678721831
               </coordinates>
            </LineString>
         </Placemark>
         <Placemark>
            <name> </name>
            <Point>
               <coordinates> -90.67004786439347,42.503789272244035 </coordinates>
            </Point>
         </Placemark>
         <Placemark>
            <name> </name>
            <Point>
               <coordinates> -90.67048521348428,42.50460678721831 </coordinates>
            </Point>
         </Placemark>
      </Folder>
      <Folder id="LOCUST_AND_10TH-NNW-209550814">
         <name> LOCUST_AND_10TH-NNW-209550814 </name>
         <Placemark>
            <name> trajectory </name>
            <LineString>
               <coordinates>
                  -90.66783429684865,42.499657738946176
                  -90.66829995814636,42.50050654635965
               </coordinates>
            </LineString>
         </Placemark>
         <Placemark>
            <name> </name>
            <Point>
               <coordinates> -90.66783429684865,42.499657738946176 </coordinates>
            </Point>
         </Placemark>
         <Placemark>
            <name> </name>
            <Point>
               <coordinates> -90.66829995814636,42.50050654635965 </coordinates>
            </Point>
         </Placemark>
      </Folder>
      <Folder id="LOCUST_AND_10TH-NNW-457210764">
         <name> LOCUST_AND_10TH-NNW-457210764 </name>
         <Placemark>
            <name> trajectory </name>
            <LineString>
               <coordinates>
                  -90.66916143154714,42.502119410830424
                  -90.66960939771555,42.502966169334194
               </coordinates>
            </LineString>
         </Placemark>
         <Placemark>
            <name> </name>
            <Point>
               <coordinates> -90.66916143154714,42.502119410830424 </coordinates>
            </Point>
         </Placemark>
         <Placemark>
            <name> </name>
            <Point>
               <coordinates> -90.66960939771555,42.502966169334194 </coordinates>
            </Point>
         </Placemark>
      </Folder>
      <Folder id="LOCUST_AND_10TH-WSW--118218550">
         <name> LOCUST_AND_10TH-WSW--118218550 </name>
         <Placemark>
            <name> trajectory </name>
            <LineString>
               <coordinates>
                  -90.66906115091618,42.503158634894184
                  -90.66962311093353,42.50299118309154
               </coordinates>
            </LineString>
         </Placemark>
         <Placemark>
            <name> </name>
            <Point>
               <coordinates> -90.66906115091618,42.503158634894184 </coordinates>
            </Point>
         </Placemark>
         <Placemark>
            <name> </name>
            <Point>
               <coordinates> -90.66962311093353,42.50299118309154 </coordinates>
            </Point>
         </Placemark>
      </Folder>
      <Folder id="LOCUST_AND_10TH-WSW-106588287">
         <name> LOCUST_AND_10TH-WSW-106588287 </name>
         <Placemark>
            <name> trajectory </name>
            <LineString>
               <coordinates>
                  -90.66917410898579,42.502144719779814
                  -90.66957774417637,42.50203482371355
               </coordinates>
            </LineString>
         </Placemark>
         <Placemark>
            <name> </name>
            <Point>
               <coordinates> -90.66917410898579,42.502144719779814 </coordinates>
            </Point>
         </Placemark>
         <Placemark>
            <name> </name>
            <Point>
               <coordinates> -90.66957774417637,42.50203482371355 </coordinates>
            </Point>
         </Placemark>
      </Folder>
      <Folder id="LOCUST_AND_10TH-WSW-1100681162">
         <name> LOCUST_AND_10TH-WSW-1100681162 </name>
         <Placemark>
            <name> trajectory </name>
            <LineString>
               <coordinates>
                  -90.66861469059579,42.50231697413226
                  -90.66917553302379,42.50214430692306
               </coordinates>
            </LineString>
         </Placemark>
         <Placemark>
            <name> </name>
            <Point>
               <coordinates> -90.66861469059579,42.50231697413226 </coordinates>
            </Point>
         </Placemark>
         <Placemark>
            <name> </name>
            <Point>
               <coordinates> -90.66917553302379,42.50214430692306 </coordinates>
            </Point>
         </Placemark>
      </Folder>
      <Folder id="LOCUST_AND_10TH-WSW-1510641610">
         <name> LOCUST_AND_10TH-WSW-1510641610 </name>
         <Placemark>
            <name> trajectory </name>
            <LineString>
               <coordinates>
                  -90.66962299766786,42.502991216680016
                  -90.67037532001214,42.50276918937326
               </coordinates>
            </LineString>
         </Placemark>
         <Placemark>
            <name> </name>
            <Point>
               <coordinates> -90.66962299766786,42.502991216680016 </coordinates>
            </Point>
         </Placemark>
         <Placemark>
            <name> </name>
            <Point>
               <coordinates> -90.67037532001214,42.50276918937326 </coordinates>
            </Point>
         </Placemark>
      </Folder>
      <Folder id="LOCUST_AND_14TH-ENE--1139277541">
         <name> LOCUST_AND_14TH-ENE--1139277541 </name>
         <Placemark>
            <name> trajectory </name>
            <LineString>
               <coordinates>
                  -90.67037117059184,42.50554819626152
                  -90.66980064231974,42.505747871825974
               </coordinates>
            </LineString>
         </Placemark>
         <Placemark>
            <name> </name>
            <Point>
               <coordinates> -90.67037117059184,42.50554819626152 </coordinates>
            </Point>
         </Placemark>
         <Placemark>
            <name> </name>
            <Point>
               <coordinates> -90.66980064231974,42.505747871825974 </coordinates>
            </Point>
         </Placemark>
      </Folder>
      <Folder id="LOCUST_AND_14TH-ENE--1797203217">
         <name> LOCUST_AND_14TH-ENE--1797203217 </name>
         <Placemark>
            <name> trajectory </name>
            <LineString>
               <coordinates>
                  -90.67168648071613,42.50516877647799
                  -90.67091609061755,42.50539154884281
               </coordinates>
            </LineString>
         </Placemark>
         <Placemark>
            <name> </name>
            <Point>
               <coordinates> -90.67168648071613,42.50516877647799 </coordinates>
            </Point>
         </Placemark>
         <Placemark>
            <name> </name>
            <Point>
               <coordinates> -90.67091609061755,42.50539154884281 </coordinates>
            </Point>
         </Placemark>
      </Folder>
      <Folder id="LOCUST_AND_14TH-ENE-979933407">
         <name> LOCUST_AND_14TH-ENE-979933407 </name>
         <Placemark>
            <name> trajectory </name>
            <LineString>
               <coordinates>
                  -90.67091616424176,42.50539152762039
                  -90.6703735756645,42.50554743102286
               </coordinates>
            </LineString>
         </Placemark>
         <Placemark>
            <name> </name>
            <Point>
               <coordinates> -90.67091616424176,42.50539152762039 </coordinates>
            </Point>
         </Placemark>
         <Placemark>
            <name> </name>
            <Point>
               <coordinates> -90.6703735756645,42.50554743102286 </coordinates>
            </Point>
         </Placemark>
      </Folder>
      <Folder id="LOCUST_AND_14TH-NNW-1002770031">
         <name> LOCUST_AND_14TH-NNW-1002770031 </name>
         <Placemark>
            <name> trajectory </name>
            <LineString>
               <coordinates>
                  -90.67092945436231,42.50541666534729
                  -90.67138449858244,42.50623045503118
               </coordinates>
            </LineString>
         </Placemark>
         <Placemark>
            <name> </name>
            <Point>
               <coordinates> -90.67092945436231,42.50541666534729 </coordinates>
            </Point>
         </Placemark>
         <Placemark>
            <name> </name>
            <Point>
               <coordinates> -90.67138449858244,42.50623045503118 </coordinates>
            </Point>
         </Placemark>
      </Folder>
      <Folder id="LOCUST_AND_14TH-NNW-1758387757">
         <name> LOCUST_AND_14TH-NNW-1758387757 </name>
         <Placemark>
            <name> trajectory </name>
            <LineString>
               <coordinates>
                  -90.67004786439347,42.503789272244035
                  -90.67048521348428,42.50460678721831
               </coordinates>
            </LineString>
         </Placemark>
         <Placemark>
            <name> </name>
            <Point>
               <coordinates> -90.67004786439347,42.503789272244035 </coordinates>
            </Point>
         </Placemark>
         <Placemark>
            <name> </name>
            <Point>
               <coordinates> -90.67048521348428,42.50460678721831 </coordinates>
            </Point>
         </Placemark>
      </Folder>
      <Folder id="LOCUST_AND_14TH-NNW-2077948203">
         <name> LOCUST_AND_14TH-NNW-2077948203 </name>
         <Placemark>
            <name> trajectory </name>
            <LineString>
               <coordinates>
                  -90.67138449858244,42.50623045503118
                  -90.67164675902531,42.506724801064834
               </coordinates>
            </LineString>
         </Placemark>
         <Placemark>
            <name> </name>
            <Point>
               <coordinates> -90.67138449858244,42.50623045503118 </coordinates>
            </Point>
         </Placemark>
         <Placemark>
            <name> </name>
            <Point>
               <coordinates> -90.67164675902531,42.506724801064834 </coordinates>
            </Point>
         </Placemark>
      </Folder>
      <Folder id="LOCUST_AND_14TH-NNW-406048489">
         <name> LOCUST_AND_14TH-NNW-406048489 </name>
         <Placemark>
            <name> trajectory </name>
            <LineString>
               <coordinates>
                  -90.67164675902531,42.506724801064834
                  -90.6718106718021,42.507078144857545
               </coordinates>
            </LineString>
         </Placemark>
         <Placemark>
            <name> </name>
            <Point>
               <coordinates> -90.67164675902531,42.506724801064834 </coordinates>
            </Point>
         </Placemark>
         <Placemark>
            <name> </name>
            <Point>
               <coordinates> -90.6718106718021,42.507078144857545 </coordinates>
            </Point>
         </Placemark>
      </Folder>
      <Folder id="LOCUST_AND_14TH-NNW-91226126">
         <name> LOCUST_AND_14TH-NNW-91226126 </name>
         <Placemark>
            <name> trajectory </name>
            <LineString>
               <coordinates>
                  -90.67048521348428,42.50460678721831
                  -90.67092945436231,42.50541666534729
               </coordinates>
            </LineString>
         </Placemark>
         <Placemark>
            <name> </name>
            <Point>
               <coordinates> -90.67048521348428,42.50460678721831 </coordinates>
            </Point>
         </Placemark>
         <Placemark>
            <name> </name>
            <Point>
               <coordinates> -90.67092945436231,42.50541666534729 </coordinates>
            </Point>
         </Placemark>
      </Folder>
      <Folder id="LOCUST_AND_14TH-WSW--1031905467">
         <name> LOCUST_AND_14TH-WSW--1031905467 </name>
         <Placemark>
            <name> trajectory </name>
            <LineString>
               <coordinates>
                  -90.6704001557644,42.50559770653781
                  -90.67094274427537,42.50544180313534
               </coordinates>
            </LineString>
         </Placemark>
         <Placemark>
            <name> </name>
            <Point>
               <coordinates> -90.6704001557644,42.50559770653781 </coordinates>
            </Point>
         </Placemark>
         <Placemark>
            <name> </name>
            <Point>
               <coordinates> -90.67094274427537,42.50544180313534 </coordinates>
            </Point>
         </Placemark>
      </Folder>
      <Folder id="LOCUST_AND_14TH-WSW-1329623793">
         <name> LOCUST_AND_14TH-WSW-1329623793 </name>
         <Placemark>
            <name> trajectory </name>
            <LineString>
               <coordinates>
                  -90.67094281780827,42.50544178193972
                  -90.6717132078116,42.5052190095749
               </coordinates>
            </LineString>
         </Placemark>
         <Placemark>
            <name> </name>
            <Point>
               <coordinates> -90.67094281780827,42.50544178193972 </coordinates>
            </Point>
         </Placemark>
         <Placemark>
            <name> </name>
            <Point>
               <coordinates> -90.6717132078116,42.5052190095749 </coordinates>
            </Point>
         </Placemark>
      </Folder>
      <Folder id="LOCUST_AND_14TH-WSW-1645384283">
         <name> LOCUST_AND_14TH-WSW-1645384283 </name>
         <Placemark>
            <name> trajectory </name>
            <LineString>
               <coordinates>
                  -90.66983203266254,42.50579661687818
                  -90.67040256083438,42.50559694131371
               </coordinates>
            </LineString>
         </Placemark>
         <Placemark>
            <name> </name>
            <Point>
               <coordinates> -90.66983203266254,42.50579661687818 </coordinates>
            </Point>
         </Placemark>
         <Placemark>
            <name> </name>
            <Point>
               <coordinates> -90.67040256083438,42.50559694131371 </coordinates>
            </Point>
         </Placemark>
      </Folder>
      <Folder id="LOCUST_AND_4TH-ENE--1085108649">
         <name> LOCUST_AND_4TH-ENE--1085108649 </name>
         <Placemark>
            <name> trajectory </name>
            <LineString>
               <coordinates>
                  -90.66760952586715,42.4968914214727
                  -90.66704663445465,42.49705682436565
               </coordinates>
            </LineString>
         </Placemark>
         <Placemark>
            <name> </name>
            <Point>
               <coordinates> -90.66760952586715,42.4968914214727 </coordinates>
            </Point>
         </Placemark>
         <Placemark>
            <name> </name>
            <Point>
               <coordinates> -90.66704663445465,42.49705682436565 </coordinates>
            </Point>
         </Placemark>
      </Folder>
      <Folder id="LOCUST_AND_4TH-ENE--1440543435">
         <name> LOCUST_AND_4TH-ENE--1440543435 </name>
         <Placemark>
            <name> trajectory </name>
            <LineString>
               <coordinates>
                  -90.66704667614167,42.49705681213784
                  -90.66649067651703,42.49721960732752
               </coordinates>
            </LineString>
         </Placemark>
         <Placemark>
            <name> </name>
            <Point>
               <coordinates> -90.66704667614167,42.49705681213784 </coordinates>
            </Point>
         </Placemark>
         <Placemark>
            <name> </name>
            <Point>
               <coordinates> -90.66649067651703,42.49721960732752 </coordinates>
            </Point>
         </Placemark>
      </Folder>
      <Folder id="LOCUST_AND_4TH-ENE--728295881">
         <name> LOCUST_AND_4TH-ENE--728295881 </name>
         <Placemark>
            <name> trajectory </name>
            <LineString>
               <coordinates>
                  -90.66649049705175,42.49721966027997
                  -90.66592853696112,42.49738673955358
               </coordinates>
            </LineString>
         </Placemark>
         <Placemark>
            <name> </name>
            <Point>
               <coordinates> -90.66649049705175,42.49721966027997 </coordinates>
            </Point>
         </Placemark>
         <Placemark>
            <name> </name>
            <Point>
               <coordinates> -90.66592853696112,42.49738673955358 </coordinates>
            </Point>
         </Placemark>
      </Folder>
      <Folder id="LOCUST_AND_4TH-ENE-1759286615">
         <name> LOCUST_AND_4TH-ENE-1759286615 </name>
         <Placemark>
            <name> trajectory </name>
            <LineString>
               <coordinates>
                  -90.66592840828315,42.497386778021244
                  -90.66537501636019,42.49755311223679
               </coordinates>
            </LineString>
         </Placemark>
         <Placemark>
            <name> </name>
            <Point>
               <coordinates> -90.66592840828315,42.497386778021244 </coordinates>
            </Point>
         </Placemark>
         <Placemark>
            <name> </name>
            <Point>
               <coordinates> -90.66537501636019,42.49755311223679 </coordinates>
            </Point>
         </Placemark>
      </Folder>
      <Folder id="LOCUST_AND_4TH-NNW--1397227149">
         <name> LOCUST_AND_4TH-NNW--1397227149 </name>
         <Placemark>
            <name> trajectory </name>
            <LineString>
               <coordinates>
                  -90.66650418191784,42.49724468210142
                  -90.66695773602183,42.49806964765645
               </coordinates>
            </LineString>
         </Placemark>
         <Placemark>
            <name> </name>
            <Point>
               <coordinates> -90.66650418191784,42.49724468210142 </coordinates>
            </Point>
         </Placemark>
         <Placemark>
            <name> </name>
            <Point>
               <coordinates> -90.66695773602183,42.49806964765645 </coordinates>
            </Point>
         </Placemark>
      </Folder>
      <Folder id="LOCUST_AND_4TH-NNW--1605675824">
         <name> LOCUST_AND_4TH-NNW--1605675824 </name>
         <Placemark>
            <name> trajectory </name>
            <LineString>
               <coordinates>
                  -90.66606012730435,42.496425490746475
                  -90.66631028055347,42.496885377844094
               </coordinates>
            </LineString>
         </Placemark>
         <Placemark>
            <name> </name>
            <Point>
               <coordinates> -90.66606012730435,42.496425490746475 </coordinates>
            </Point>
         </Placemark>
         <Placemark>
            <name> </name>
            <Point>
               <coordinates> -90.66631028055347,42.496885377844094 </coordinates>
            </Point>
         </Placemark>
      </Folder>
      <Folder id="LOCUST_AND_4TH-NNW--1980714569">
         <name> LOCUST_AND_4TH-NNW--1980714569 </name>
         <Placemark>
            <name> trajectory </name>
            <LineString>
               <coordinates>
                  -90.66562296447805,42.495580967416934
                  -90.66582021860377,42.49596206462299
                  -90.66583567855885,42.49599168068152
               </coordinates>
            </LineString>
         </Placemark>
         <Placemark>
            <name> </name>
            <Point>
               <coordinates> -90.66562296447805,42.495580967416934 </coordinates>
            </Point>
         </Placemark>
         <Placemark>
            <name> </name>
            <Point>
               <coordinates> -90.66583567855885,42.49599168068152 </coordinates>
            </Point>
         </Placemark>
      </Folder>
      <Folder id="LOCUST_AND_4TH-NNW--2002552218">
         <name> LOCUST_AND_4TH-NNW--2002552218 </name>
         <Placemark>
            <name> trajectory </name>
            <LineString>
               <coordinates>
                  -90.66631028055347,42.496885377844094
                  -90.66650418191784,42.49724468210142
               </coordinates>
            </LineString>
         </Placemark>
         <Placemark>
            <name> </name>
            <Point>
               <coordinates> -90.66631028055347,42.496885377844094 </coordinates>
            </Point>
         </Placemark>
         <Placemark>
            <name> </name>
            <Point>
               <coordinates> -90.66650418191784,42.49724468210142 </coordinates>
            </Point>
         </Placemark>
      </Folder>
      <Folder id="LOCUST_AND_4TH-NNW--529486892">
         <name> LOCUST_AND_4TH-NNW--529486892 </name>
         <Placemark>
            <name> trajectory </name>
            <LineString>
               <coordinates>
                  -90.66695773602183,42.49806964765645
                  -90.667125374089,42.498379219287166
               </coordinates>
            </LineString>
         </Placemark>
         <Placemark>
            <name> </name>
            <Point>
               <coordinates> -90.66695773602183,42.49806964765645 </coordinates>
            </Point>
         </Placemark>
         <Placemark>
            <name> </name>
            <Point>
               <coordinates> -90.667125374089,42.498379219287166 </coordinates>
            </Point>
         </Placemark>
      </Folder>
      <Folder id="LOCUST_AND_4TH-NNW-1410284105">
         <name> LOCUST_AND_4TH-NNW-1410284105 </name>
         <Placemark>
            <name> trajectory </name>
            <LineString>
               <coordinates>
                  -90.667125374089,42.498379219287166
                  -90.66740402580956,42.49889461321148
               </coordinates>
            </LineString>
         </Placemark>
         <Placemark>
            <name> </name>
            <Point>
               <coordinates> -90.667125374089,42.498379219287166 </coordinates>
            </Point>
         </Placemark>
         <Placemark>
            <name> </name>
            <Point>
               <coordinates> -90.66740402580956,42.49889461321148 </coordinates>
            </Point>
         </Placemark>
      </Folder>
      <Folder id="LOCUST_AND_4TH-NNW-1635984826">
         <name> LOCUST_AND_4TH-NNW-1635984826 </name>
         <Placemark>
            <name> trajectory </name>
            <LineString>
               <coordinates>
                  -90.66583567855885,42.49599168068152
                  -90.66606012730435,42.496425490746475
               </coordinates>
            </LineString>
         </Placemark>
         <Placemark>
            <name> </name>
            <Point>
               <coordinates> -90.66583567855885,42.49599168068152 </coordinates>
            </Point>
         </Placemark>
         <Placemark>
            <name> </name>
            <Point>
               <coordinates> -90.66606012730435,42.496425490746475 </coordinates>
            </Point>
         </Placemark>
      </Folder>
      <Folder id="LOCUST_AND_4TH-NNW-1866941572">
         <name> LOCUST_AND_4TH-NNW-1866941572 </name>
         <Placemark>
            <name> trajectory </name>
            <LineString>
               <coordinates>
                  -90.66551344094083,42.49538166438151
                  -90.66562296447805,42.495580967416934
               </coordinates>
            </LineString>
         </Placemark>
         <Placemark>
            <name> </name>
            <Point>
               <coordinates> -90.66551344094083,42.49538166438151 </coordinates>
            </Point>
         </Placemark>
         <Placemark>
            <name> </name>
            <Point>
               <coordinates> -90.66562296447805,42.495580967416934 </coordinates>
            </Point>
         </Placemark>
      </Folder>
      <Folder id="LOCUST_AND_4TH-WSW--843968915">
         <name> LOCUST_AND_4TH-WSW--843968915 </name>
         <Placemark>
            <name> trajectory </name>
            <LineString>
               <coordinates>
                  -90.66595590655253,42.497436783261705
                  -90.66651786657003,42.49726970398809
               </coordinates>
            </LineString>
         </Placemark>
         <Placemark>
            <name> </name>
            <Point>
               <coordinates> -90.66595590655253,42.497436783261705 </coordinates>
            </Point>
         </Placemark>
         <Placemark>
            <name> </name>
            <Point>
               <coordinates> -90.66651786657003,42.49726970398809 </coordinates>
            </Point>
         </Placemark>
      </Folder>
      <Folder id="LOCUST_AND_4TH-WSW-1092060473">
         <name> LOCUST_AND_4TH-WSW-1092060473 </name>
         <Placemark>
            <name> trajectory </name>
            <LineString>
               <coordinates>
                  -90.66707372834526,42.49710694952251
                  -90.6676366196861,42.496941546629564
               </coordinates>
            </LineString>
         </Placemark>
         <Placemark>
            <name> </name>
            <Point>
               <coordinates> -90.66707372834526,42.49710694952251 </coordinates>
            </Point>
         </Placemark>
         <Placemark>
            <name> </name>
            <Point>
               <coordinates> -90.6676366196861,42.496941546629564 </coordinates>
            </Point>
         </Placemark>
      </Folder>
      <Folder id="LOCUST_AND_4TH-WSW-162821853">
         <name> LOCUST_AND_4TH-WSW-162821853 </name>
         <Placemark>
            <name> trajectory </name>
            <LineString>
               <coordinates>
                  -90.66540264338487,42.49760307900915
                  -90.66595603523433,42.49743674479361
               </coordinates>
            </LineString>
         </Placemark>
         <Placemark>
            <name> </name>
            <Point>
               <coordinates> -90.66540264338487,42.49760307900915 </coordinates>
            </Point>
         </Placemark>
         <Placemark>
            <name> </name>
            <Point>
               <coordinates> -90.66595603523433,42.49743674479361 </coordinates>
            </Point>
         </Placemark>
      </Folder>
      <Folder id="LOCUST_AND_4TH-WSW-1700458758">
         <name> LOCUST_AND_4TH-WSW-1700458758 </name>
         <Placemark>
            <name> trajectory </name>
            <LineString>
               <coordinates>
                  -90.66651768710653,42.49726975693899
                  -90.66707368666086,42.49710696174931
               </coordinates>
            </LineString>
         </Placemark>
         <Placemark>
            <name> </name>
            <Point>
               <coordinates> -90.66651768710653,42.49726975693899 </coordinates>
            </Point>
         </Placemark>
         <Placemark>
            <name> </name>
            <Point>
               <coordinates> -90.66707368666086,42.49710696174931 </coordinates>
            </Point>
         </Placemark>
      </Folder>
      <Folder id="LOCUST_AND_7TH-ENE--221798340">
         <name> LOCUST_AND_7TH-ENE--221798340 </name>
         <Placemark>
            <name> trajectory </name>
            <LineString>
               <coordinates>
                  -90.66889870161673,42.49934630053714
                  -90.66836002459823,42.49949195939108
                  -90.66832575192493,42.499500900088
               </coordinates>
            </LineString>
         </Placemark>
         <Placemark>
            <name> </name>
            <Point>
               <coordinates> -90.66889870161673,42.49934630053714 </coordinates>
            </Point>
         </Placemark>
         <Placemark>
            <name> </name>
            <Point>
               <coordinates> -90.66832575192493,42.499500900088 </coordinates>
            </Point>
         </Placemark>
      </Folder>
      <Folder id="LOCUST_AND_7TH-ENE--787132658">
         <name> LOCUST_AND_7TH-ENE--787132658 </name>
         <Placemark>
            <name> trajectory </name>
            <LineString>
               <coordinates>
                  -90.66781997348352,42.499632911977606
                  -90.66727235575806,42.49980464786421
               </coordinates>
            </LineString>
         </Placemark>
         <Placemark>
            <name> </name>
            <Point>
               <coordinates> -90.66781997348352,42.499632911977606 </coordinates>
            </Point>
         </Placemark>
         <Placemark>
            <name> </name>
            <Point>
               <coordinates> -90.66727235575806,42.49980464786421 </coordinates>
            </Point>
         </Placemark>
      </Folder>
      <Folder id="LOCUST_AND_7TH-ENE-636963555">
         <name> LOCUST_AND_7TH-ENE-636963555 </name>
         <Placemark>
            <name> trajectory </name>
            <LineString>
               <coordinates>
                  -90.6683261210808,42.49950080212868
                  -90.6678220892665,42.49963230487915
               </coordinates>
            </LineString>
         </Placemark>
         <Placemark>
            <name> </name>
            <Point>
               <coordinates> -90.6683261210808,42.49950080212868 </coordinates>
            </Point>
         </Placemark>
         <Placemark>
            <name> </name>
            <Point>
               <coordinates> -90.6678220892665,42.49963230487915 </coordinates>
            </Point>
         </Placemark>
      </Folder>
      <Folder id="LOCUST_AND_7TH-NNW-1410284105">
         <name> LOCUST_AND_7TH-NNW-1410284105 </name>
         <Placemark>
            <name> trajectory </name>
            <LineString>
               <coordinates>
                  -90.667125374089,42.498379219287166
                  -90.66740402580956,42.49889461321148
               </coordinates>
            </LineString>
         </Placemark>
         <Placemark>
            <name> </name>
            <Point>
               <coordinates> -90.667125374089,42.498379219287166 </coordinates>
            </Point>
         </Placemark>
         <Placemark>
            <name> </name>
            <Point>
               <coordinates> -90.66740402580956,42.49889461321148 </coordinates>
            </Point>
         </Placemark>
      </Folder>
      <Folder id="LOCUST_AND_7TH-NNW-1762562909">
         <name> LOCUST_AND_7TH-NNW-1762562909 </name>
         <Placemark>
            <name> trajectory </name>
            <LineString>
               <coordinates>
                  -90.66740402580956,42.49889461321148
                  -90.66756831111539,42.49918015671924
                  -90.66783429684865,42.499657738946176
               </coordinates>
            </LineString>
         </Placemark>
         <Placemark>
            <name> </name>
            <Point>
               <coordinates> -90.66740402580956,42.49889461321148 </coordinates>
            </Point>
         </Placemark>
         <Placemark>
            <name> </name>
            <Point>
               <coordinates> -90.66783429684865,42.499657738946176 </coordinates>
            </Point>
         </Placemark>
      </Folder>
      <Folder id="LOCUST_AND_7TH-NNW-209550814">
         <name> LOCUST_AND_7TH-NNW-209550814 </name>
         <Placemark>
            <name> trajectory </name>
            <LineString>
               <coordinates>
                  -90.66783429684865,42.499657738946176
                  -90.66829995814636,42.50050654635965
               </coordinates>
            </LineString>
         </Placemark>
         <Placemark>
            <name> </name>
            <Point>
               <coordinates> -90.66783429684865,42.499657738946176 </coordinates>
            </Point>
         </Placemark>
         <Placemark>
            <name> </name>
            <Point>
               <coordinates> -90.66829995814636,42.50050654635965 </coordinates>
            </Point>
         </Placemark>
      </Folder>
      <Folder id="LOCUST_AND_7TH-SSE--359208534">
         <name> LOCUST_AND_7TH-SSE--359208534 </name>
         <Placemark>
            <name> trajectory </name>
            <LineString>
               <coordinates>
                  -90.66728667916253,42.49982947483278
                  -90.6668413206974,42.499060761162504
               </coordinates>
            </LineString>
         </Placemark>
         <Placemark>
            <name> </name>
            <Point>
               <coordinates> -90.66728667916253,42.49982947483278 </coordinates>
            </Point>
         </Placemark>
         <Placemark>
            <name> </name>
            <Point>
               <coordinates> -90.6668413206974,42.499060761162504 </coordinates>
            </Point>
         </Placemark>
      </Folder>
      <Folder id="LOCUST_AND_7TH-WSW-1432971981">
         <name> LOCUST_AND_7TH-WSW-1432971981 </name>
         <Placemark>
            <name> trajectory </name>
            <LineString>
               <coordinates>
                  -90.66784650423574,42.49968317306539
                  -90.6683505359987,42.49955167031492
               </coordinates>
            </LineString>
         </Placemark>
         <Placemark>
            <name> </name>
            <Point>
               <coordinates> -90.66784650423574,42.49968317306539 </coordinates>
            </Point>
         </Placemark>
         <Placemark>
            <name> </name>
            <Point>
               <coordinates> -90.6683505359987,42.49955167031492 </coordinates>
            </Point>
         </Placemark>
      </Folder>
      <Folder id="LOCUST_AND_7TH-WSW-315456897">
         <name> LOCUST_AND_7TH-WSW-315456897 </name>
         <Placemark>
            <name> trajectory </name>
            <LineString>
               <coordinates>
                  -90.6683509051277,42.49955157236468
                  -90.66838517779742,42.499542631667765
                  -90.66892385475731,42.499396972813834
               </coordinates>
            </LineString>
         </Placemark>
         <Placemark>
            <name> </name>
            <Point>
               <coordinates> -90.6683509051277,42.49955157236468 </coordinates>
            </Point>
         </Placemark>
         <Placemark>
            <name> </name>
            <Point>
               <coordinates> -90.66892385475731,42.499396972813834 </coordinates>
            </Point>
         </Placemark>
      </Folder>
      <Folder id="LOCUST_AND_7TH-WSW-634529598">
         <name> LOCUST_AND_7TH-WSW-634529598 </name>
         <Placemark>
            <name> trajectory </name>
            <LineString>
               <coordinates>
                  -90.66730100236094,42.49985430186776
                  -90.66784862000773,42.49968256598116
               </coordinates>
            </LineString>
         </Placemark>
         <Placemark>
            <name> </name>
            <Point>
               <coordinates> -90.66730100236094,42.49985430186776 </coordinates>
            </Point>
         </Placemark>
         <Placemark>
            <name> </name>
            <Point>
               <coordinates> -90.66784862000773,42.49968256598116 </coordinates>
            </Point>
         </Placemark>
      </Folder>
      <Folder id="LOCUST_AND_CONNECTOR-ENE--1507117503">
         <name> LOCUST_AND_CONNECTOR-ENE--1507117503 </name>
         <Placemark>
            <name> trajectory </name>
            <LineString>
               <coordinates>
                  -90.66400898242017,42.493956182016944
                  -90.66324157260154,42.494238372763355
               </coordinates>
            </LineString>
         </Placemark>
         <Placemark>
            <name> </name>
            <Point>
               <coordinates> -90.66400898242017,42.493956182016944 </coordinates>
            </Point>
         </Placemark>
         <Placemark>
            <name> </name>
            <Point>
               <coordinates> -90.66324157260154,42.494238372763355 </coordinates>
            </Point>
         </Placemark>
      </Folder>
      <Folder id="LOCUST_AND_CONNECTOR-ENE--535706867">
         <name> LOCUST_AND_CONNECTOR-ENE--535706867 </name>
         <Placemark>
            <name> trajectory </name>
            <LineString>
               <coordinates>
                  -90.66472405190895,42.49375967294931
                  -90.66455697263532,42.49376768232363
                  -90.66400898242017,42.493956182016944
               </coordinates>
            </LineString>
         </Placemark>
         <Placemark>
            <name> </name>
            <Point>
               <coordinates> -90.66472405190895,42.49375967294931 </coordinates>
            </Point>
         </Placemark>
         <Placemark>
            <name> </name>
            <Point>
               <coordinates> -90.66400898242017,42.493956182016944 </coordinates>
            </Point>
         </Placemark>
      </Folder>
      <Folder id="LOCUST_AND_CONNECTOR-N-186777399">
         <name> LOCUST_AND_CONNECTOR-N-186777399 </name>
         <Placemark>
            <name> trajectory </name>
            <LineString>
               <coordinates>
                  -90.66491255160226,42.49233754334608
                  -90.66488405313083,42.49249158410337
                  -90.664802655536,42.492869887341634
                  -90.66473913933498,42.493211682734156
               </coordinates>
            </LineString>
         </Placemark>
         <Placemark>
            <name> </name>
            <Point>
               <coordinates> -90.66491255160226,42.49233754334608 </coordinates>
            </Point>
         </Placemark>
         <Placemark>
            <name> </name>
            <Point>
               <coordinates> -90.66473913933498,42.493211682734156 </coordinates>
            </Point>
         </Placemark>
      </Folder>
      <Folder id="LOCUST_AND_CONNECTOR-N-344026848">
         <name> LOCUST_AND_CONNECTOR-N-344026848 </name>
         <Placemark>
            <name> trajectory </name>
            <LineString>
               <coordinates>
                  -90.66473913933498,42.493211682734156
                  -90.66469648476011,42.49353522420381
                  -90.66472405190895,42.49375967294931
               </coordinates>
            </LineString>
         </Placemark>
         <Placemark>
            <name> </name>
            <Point>
               <coordinates> -90.66473913933498,42.493211682734156 </coordinates>
            </Point>
         </Placemark>
         <Placemark>
            <name> </name>
            <Point>
               <coordinates> -90.66472405190895,42.49375967294931 </coordinates>
            </Point>
         </Placemark>
      </Folder>
      <Folder id="LOCUST_AND_CONNECTOR-NE-1320689627">
         <name> LOCUST_AND_CONNECTOR-NE-1320689627 </name>
         <Placemark>
            <name> trajectory </name>
            <LineString>
               <coordinates>
                  -90.66473913933498,42.493211682734156
                  -90.66464712466257,42.493424024285915
                  -90.66450165207316,42.49363506198604
                  -90.66438672686488,42.49374235034903
                  -90.66425373399825,42.49383361996338
                  -90.66400898242017,42.493956182016944
               </coordinates>
            </LineString>
         </Placemark>
         <Placemark>
            <name> </name>
            <Point>
               <coordinates> -90.66473913933498,42.493211682734156 </coordinates>
            </Point>
         </Placemark>
         <Placemark>
            <name> </name>
            <Point>
               <coordinates> -90.66400898242017,42.493956182016944 </coordinates>
            </Point>
         </Placemark>
      </Folder>
      <Folder id="LOCUST_AND_CONNECTOR-NNW--1074068865">
         <name> LOCUST_AND_CONNECTOR-NNW--1074068865 </name>
         <Placemark>
            <name> trajectory </name>
            <LineString>
               <coordinates>
                  -90.66541192677792,42.49519744877213
                  -90.66551344094083,42.49538166438151
               </coordinates>
            </LineString>
         </Placemark>
         <Placemark>
            <name> </name>
            <Point>
               <coordinates> -90.66541192677792,42.49519744877213 </coordinates>
            </Point>
         </Placemark>
         <Placemark>
            <name> </name>
            <Point>
               <coordinates> -90.66551344094083,42.49538166438151 </coordinates>
            </Point>
         </Placemark>
      </Folder>
      <Folder id="LOCUST_AND_CONNECTOR-NNW--2123669019">
         <name> LOCUST_AND_CONNECTOR-NNW--2123669019 </name>
         <Placemark>
            <name> trajectory </name>
            <LineString>
               <coordinates>
                  -90.66483469303328,42.49415380867169
                  -90.66513904925746,42.494701798886844
               </coordinates>
            </LineString>
         </Placemark>
         <Placemark>
            <name> </name>
            <Point>
               <coordinates> -90.66483469303328,42.49415380867169 </coordinates>
            </Point>
         </Placemark>
         <Placemark>
            <name> </name>
            <Point>
               <coordinates> -90.66513904925746,42.494701798886844 </coordinates>
            </Point>
         </Placemark>
      </Folder>
      <Folder id="LOCUST_AND_CONNECTOR-NNW--828363900">
         <name> LOCUST_AND_CONNECTOR-NNW--828363900 </name>
         <Placemark>
            <name> trajectory </name>
            <LineString>
               <coordinates>
                  -90.66513904925746,42.494701798886844
                  -90.66532140222165,42.49503297720178
               </coordinates>
            </LineString>
         </Placemark>
         <Placemark>
            <name> </name>
            <Point>
               <coordinates> -90.66513904925746,42.494701798886844 </coordinates>
            </Point>
         </Placemark>
         <Placemark>
            <name> </name>
            <Point>
               <coordinates> -90.66532140222165,42.49503297720178 </coordinates>
            </Point>
         </Placemark>
      </Folder>
      <Folder id="LOCUST_AND_CONNECTOR-NNW-1211929267">
         <name> LOCUST_AND_CONNECTOR-NNW-1211929267 </name>
         <Placemark>
            <name> trajectory </name>
            <LineString>
               <coordinates>
                  -90.66532140222165,42.49503297720178
                  -90.66541192677792,42.49519744877213
               </coordinates>
            </LineString>
         </Placemark>
         <Placemark>
            <name> </name>
            <Point>
               <coordinates> -90.66532140222165,42.49503297720178 </coordinates>
            </Point>
         </Placemark>
         <Placemark>
            <name> </name>
            <Point>
               <coordinates> -90.66541192677792,42.49519744877213 </coordinates>
            </Point>
         </Placemark>
      </Folder>
      <Folder id="LOCUST_AND_CONNECTOR-NNW-1866941572">
         <name> LOCUST_AND_CONNECTOR-NNW-1866941572 </name>
         <Placemark>
            <name> trajectory </name>
            <LineString>
               <coordinates>
                  -90.66551344094083,42.49538166438151
                  -90.66562296447805,42.495580967416934
               </coordinates>
            </LineString>
         </Placemark>
         <Placemark>
            <name> </name>
            <Point>
               <coordinates> -90.66551344094083,42.49538166438151 </coordinates>
            </Point>
         </Placemark>
         <Placemark>
            <name> </name>
            <Point>
               <coordinates> -90.66562296447805,42.495580967416934 </coordinates>
            </Point>
         </Placemark>
      </Folder>
      <Folder id="LOCUST_AND_CONNECTOR-NNW-2105249480">
         <name> LOCUST_AND_CONNECTOR-NNW-2105249480 </name>
         <Placemark>
            <name> trajectory </name>
            <LineString>
               <coordinates>
                  -90.66472405190895,42.49375967294931
                  -90.66476093228373,42.49395934851377
                  -90.66483469303328,42.49415380867169
               </coordinates>
            </LineString>
         </Placemark>
         <Placemark>
            <name> </name>
            <Point>
               <coordinates> -90.66472405190895,42.49375967294931 </coordinates>
            </Point>
         </Placemark>
         <Placemark>
            <name> </name>
            <Point>
               <coordinates> -90.66483469303328,42.49415380867169 </coordinates>
            </Point>
         </Placemark>
      </Folder>
      <Folder id="LOCUST_AND_CONNECTOR-S--1556358892">
         <name> LOCUST_AND_CONNECTOR-S--1556358892 </name>
         <Placemark>
            <name> trajectory </name>
            <LineString>
               <coordinates>
                  -90.66513904925746,42.494701798886844
                  -90.66508596386953,42.49433392646165
               </coordinates>
            </LineString>
         </Placemark>
         <Placemark>
            <name> </name>
            <Point>
               <coordinates> -90.66513904925746,42.494701798886844 </coordinates>
            </Point>
         </Placemark>
         <Placemark>
            <name> </name>
            <Point>
               <coordinates> -90.66508596386953,42.49433392646165 </coordinates>
            </Point>
         </Placemark>
      </Folder>
      <Folder id="LOCUST_AND_CONNECTOR-S--162291236">
         <name> LOCUST_AND_CONNECTOR-S--162291236 </name>
         <Placemark>
            <name> trajectory </name>
            <LineString>
               <coordinates>
                  -90.66503641750745,42.49425308766037
                  -90.6649062186086,42.49368386329004
               </coordinates>
            </LineString>
         </Placemark>
         <Placemark>
            <name> </name>
            <Point>
               <coordinates> -90.66503641750745,42.49425308766037 </coordinates>
            </Point>
         </Placemark>
         <Placemark>
            <name> </name>
            <Point>
               <coordinates> -90.6649062186086,42.49368386329004 </coordinates>
            </Point>
         </Placemark>
      </Folder>
      <Folder id="LOCUST_AND_CONNECTOR-S-32034488">
         <name> LOCUST_AND_CONNECTOR-S-32034488 </name>
         <Placemark>
            <name> trajectory </name>
            <LineString>
               <coordinates>
                  -90.6649062186086,42.49368386329004
                  -90.66491255160226,42.49361885697288
                  -90.66501853611362,42.49293899147821
                  -90.66514966633505,42.492384482004894
               </coordinates>
            </LineString>
         </Placemark>
         <Placemark>
            <name> </name>
            <Point>
               <coordinates> -90.6649062186086,42.49368386329004 </coordinates>
            </Point>
         </Placemark>
         <Placemark>
            <name> </name>
            <Point>
               <coordinates> -90.66514966633505,42.492384482004894 </coordinates>
            </Point>
         </Placemark>
      </Folder>
      <Folder id="LOCUST_AND_CONNECTOR-SSE--1119225559">
         <name> LOCUST_AND_CONNECTOR-SSE--1119225559 </name>
         <Placemark>
            <name> trajectory </name>
            <LineString>
               <coordinates>
                  -90.66503641750745,42.49425308766037
                  -90.66497606780327,42.494228687008366
                  -90.66482463474925,42.49389378340305
                  -90.66472405190895,42.49375967294931
               </coordinates>
            </LineString>
         </Placemark>
         <Placemark>
            <name> </name>
            <Point>
               <coordinates> -90.66503641750745,42.49425308766037 </coordinates>
            </Point>
         </Placemark>
         <Placemark>
            <name> </name>
            <Point>
               <coordinates> -90.66472405190895,42.49375967294931 </coordinates>
            </Point>
         </Placemark>
      </Folder>
      <Folder id="LOCUST_AND_CONNECTOR-SSE-886709989">
         <name> LOCUST_AND_CONNECTOR-SSE-886709989 </name>
         <Placemark>
            <name> trajectory </name>
            <LineString>
               <coordinates>
                  -90.66508596386953,42.49433392646165
                  -90.66503641750745,42.49425308766037
               </coordinates>
            </LineString>
         </Placemark>
         <Placemark>
            <name> </name>
            <Point>
               <coordinates> -90.66508596386953,42.49433392646165 </coordinates>
            </Point>
         </Placemark>
         <Placemark>
            <name> </name>
            <Point>
               <coordinates> -90.66503641750745,42.49425308766037 </coordinates>
            </Point>
         </Placemark>
      </Folder>
      <Folder id="LOCUST_AND_CONNECTOR-WSW--1236849273">
         <name> LOCUST_AND_CONNECTOR-WSW--1236849273 </name>
         <Placemark>
            <name> trajectory </name>
            <LineString>
               <coordinates>
                  -90.6628537698728,42.49448070290269
                  -90.66340734802353,42.49429574223524
               </coordinates>
            </LineString>
         </Placemark>
         <Placemark>
            <name> </name>
            <Point>
               <coordinates> -90.6628537698728,42.49448070290269 </coordinates>
            </Point>
         </Placemark>
         <Placemark>
            <name> </name>
            <Point>
               <coordinates> -90.66340734802353,42.49429574223524 </coordinates>
            </Point>
         </Placemark>
      </Folder>
      <Folder id="LOCUST_AND_CONNECTOR-WSW-1256271026">
         <name> LOCUST_AND_CONNECTOR-WSW-1256271026 </name>
         <Placemark>
            <name> trajectory </name>
            <LineString>
               <coordinates>
                  -90.6637575253194,42.49416032792986
                  -90.66429080063754,42.49395133913945
                  -90.66472405190895,42.49375967294931
               </coordinates>
            </LineString>
         </Placemark>
         <Placemark>
            <name> </name>
            <Point>
               <coordinates> -90.6637575253194,42.49416032792986 </coordinates>
            </Point>
         </Placemark>
         <Placemark>
            <name> </name>
            <Point>
               <coordinates> -90.66472405190895,42.49375967294931 </coordinates>
            </Point>
         </Placemark>
      </Folder>
      <Folder id="LOCUST_AND_CONNECTOR-WSW-1674492689">
         <name> LOCUST_AND_CONNECTOR-WSW-1674492689 </name>
         <Placemark>
            <name> trajectory </name>
            <LineString>
               <coordinates>
                  -90.66340734802353,42.49429574223524
                  -90.6637575253194,42.49416032792986
               </coordinates>
            </LineString>
         </Placemark>
         <Placemark>
            <name> </name>
            <Point>
               <coordinates> -90.66340734802353,42.49429574223524 </coordinates>
            </Point>
         </Placemark>
         <Placemark>
            <name> </name>
            <Point>
               <coordinates> -90.6637575253194,42.49416032792986 </coordinates>
            </Point>
         </Placemark>
      </Folder>
      <Folder id="LORAS_AND_ALTA_VISTA-ENE--1105533083">
         <name> LORAS_AND_ALTA_VISTA-ENE--1105533083 </name>
         <Placemark>
            <name> trajectory </name>
            <LineString>
               <coordinates>
                  -90.69061471631042,42.49981419881722
                  -90.6901255856567,42.49994626036126
               </coordinates>
            </LineString>
         </Placemark>
         <Placemark>
            <name> </name>
            <Point>
               <coordinates> -90.69061471631042,42.49981419881722 </coordinates>
            </Point>
         </Placemark>
         <Placemark>
            <name> </name>
            <Point>
               <coordinates> -90.6901255856567,42.49994626036126 </coordinates>
            </Point>
         </Placemark>
      </Folder>
      <Folder id="LORAS_AND_ALTA_VISTA-ENE--1255191207">
         <name> LORAS_AND_ALTA_VISTA-ENE--1255191207 </name>
         <Placemark>
            <name> trajectory </name>
            <LineString>
               <coordinates>
                  -90.69106518636559,42.49969347723742
                  -90.6906147987343,42.49981417664577
               </coordinates>
            </LineString>
         </Placemark>
         <Placemark>
            <name> </name>
            <Point>
               <coordinates> -90.69106518636559,42.49969347723742 </coordinates>
            </Point>
         </Placemark>
         <Placemark>
            <name> </name>
            <Point>
               <coordinates> -90.6906147987343,42.49981417664577 </coordinates>
            </Point>
         </Placemark>
      </Folder>
      <Folder id="LORAS_AND_ALTA_VISTA-ENE--1675159516">
         <name> LORAS_AND_ALTA_VISTA-ENE--1675159516 </name>
         <Placemark>
            <name> trajectory </name>
            <LineString>
               <coordinates>
                  -90.68402803329765,42.50160927980139
                  -90.68276702243278,42.501955359277865
               </coordinates>
            </LineString>
         </Placemark>
         <Placemark>
            <name> </name>
            <Point>
               <coordinates> -90.68402803329765,42.50160927980139 </coordinates>
            </Point>
         </Placemark>
         <Placemark>
            <name> </name>
            <Point>
               <coordinates> -90.68276702243278,42.501955359277865 </coordinates>
            </Point>
         </Placemark>
      </Folder>
      <Folder id="LORAS_AND_ALTA_VISTA-ENE--1853578599">
         <name> LORAS_AND_ALTA_VISTA-ENE--1853578599 </name>
         <Placemark>
            <name> trajectory </name>
            <LineString>
               <coordinates>
                  -90.68276696435622,42.50195537525837
                  -90.68193175420537,42.50218578446849
               </coordinates>
            </LineString>
         </Placemark>
         <Placemark>
            <name> </name>
            <Point>
               <coordinates> -90.68276696435622,42.50195537525837 </coordinates>
            </Point>
         </Placemark>
         <Placemark>
            <name> </name>
            <Point>
               <coordinates> -90.68193175420537,42.50218578446849 </coordinates>
            </Point>
         </Placemark>
      </Folder>
      <Folder id="LORAS_AND_ALTA_VISTA-ENE--2011819106">
         <name> LORAS_AND_ALTA_VISTA-ENE--2011819106 </name>
         <Placemark>
            <name> trajectory </name>
            <LineString>
               <coordinates>
                  -90.68114604238616,42.502402433277396
                  -90.68056824980737,42.50258143348023
               </coordinates>
            </LineString>
         </Placemark>
         <Placemark>
            <name> </name>
            <Point>
               <coordinates> -90.68114604238616,42.502402433277396 </coordinates>
            </Point>
         </Placemark>
         <Placemark>
            <name> </name>
            <Point>
               <coordinates> -90.68056824980737,42.50258143348023 </coordinates>
            </Point>
         </Placemark>
      </Folder>
      <Folder id="LORAS_AND_ALTA_VISTA-ENE--310844321">
         <name> LORAS_AND_ALTA_VISTA-ENE--310844321 </name>
         <Placemark>
            <name> trajectory </name>
            <LineString>
               <coordinates>
                  -90.69328086857881,42.49908862520973
                  -90.69312608274949,42.49915586670112
                  -90.69201184833642,42.49944401791216
               </coordinates>
            </LineString>
         </Placemark>
         <Placemark>
            <name> </name>
            <Point>
               <coordinates> -90.69328086857881,42.49908862520973 </coordinates>
            </Point>
         </Placemark>
         <Placemark>
            <name> </name>
            <Point>
               <coordinates> -90.69201184833642,42.49944401791216 </coordinates>
            </Point>
         </Placemark>
      </Folder>
      <Folder id="LORAS_AND_ALTA_VISTA-ENE--726652744">
         <name> LORAS_AND_ALTA_VISTA-ENE--726652744 </name>
         <Placemark>
            <name> trajectory </name>
            <LineString>
               <coordinates>
                  -90.68193176083444,42.50218578264023
                  -90.68114740090023,42.50240203574689
               </coordinates>
            </LineString>
         </Placemark>
         <Placemark>
            <name> </name>
            <Point>
               <coordinates> -90.68193176083444,42.50218578264023 </coordinates>
            </Point>
         </Placemark>
         <Placemark>
            <name> </name>
            <Point>
               <coordinates> -90.68114740090023,42.50240203574689 </coordinates>
            </Point>
         </Placemark>
      </Folder>
      <Folder id="LORAS_AND_ALTA_VISTA-ENE--818100520">
         <name> LORAS_AND_ALTA_VISTA-ENE--818100520 </name>
         <Placemark>
            <name> trajectory </name>
            <LineString>
               <coordinates>
                  -90.68007046698537,42.50273564753977
                  -90.67947926336433,42.50290887354252
               </coordinates>
            </LineString>
         </Placemark>
         <Placemark>
            <name> </name>
            <Point>
               <coordinates> -90.68007046698537,42.50273564753977 </coordinates>
            </Point>
         </Placemark>
         <Placemark>
            <name> </name>
            <Point>
               <coordinates> -90.67947926336433,42.50290887354252 </coordinates>
            </Point>
         </Placemark>
      </Folder>
      <Folder id="LORAS_AND_ALTA_VISTA-ENE-1254290080">
         <name> LORAS_AND_ALTA_VISTA-ENE-1254290080 </name>
         <Placemark>
            <name> trajectory </name>
            <LineString>
               <coordinates>
                  -90.67947926360773,42.5029088734712
                  -90.67910673454595,42.503018024479395
               </coordinates>
            </LineString>
         </Placemark>
         <Placemark>
            <name> </name>
            <Point>
               <coordinates> -90.67947926360773,42.5029088734712 </coordinates>
            </Point>
         </Placemark>
         <Placemark>
            <name> </name>
            <Point>
               <coordinates> -90.67910673454595,42.503018024479395 </coordinates>
            </Point>
         </Placemark>
      </Folder>
      <Folder id="LORAS_AND_ALTA_VISTA-ENE-1269452172">
         <name> LORAS_AND_ALTA_VISTA-ENE-1269452172 </name>
         <Placemark>
            <name> trajectory </name>
            <LineString>
               <coordinates>
                  -90.69012558733543,42.49994625990805
                  -90.68966812165172,42.5000697532842
               </coordinates>
            </LineString>
         </Placemark>
         <Placemark>
            <name> </name>
            <Point>
               <coordinates> -90.69012558733543,42.49994625990805 </coordinates>
            </Point>
         </Placemark>
         <Placemark>
            <name> </name>
            <Point>
               <coordinates> -90.68966812165172,42.5000697532842 </coordinates>
            </Point>
         </Placemark>
      </Folder>
      <Folder id="LORAS_AND_ALTA_VISTA-ENE-1301386744">
         <name> LORAS_AND_ALTA_VISTA-ENE-1301386744 </name>
         <Placemark>
            <name> trajectory </name>
            <LineString>
               <coordinates>
                  -90.6789741375725,42.50305687133918
                  -90.67813296694801,42.50331074987868
               </coordinates>
            </LineString>
         </Placemark>
         <Placemark>
            <name> </name>
            <Point>
               <coordinates> -90.6789741375725,42.50305687133918 </coordinates>
            </Point>
         </Placemark>
         <Placemark>
            <name> </name>
            <Point>
               <coordinates> -90.67813296694801,42.50331074987868 </coordinates>
            </Point>
         </Placemark>
      </Folder>
      <Folder id="LORAS_AND_ALTA_VISTA-ENE-140428391">
         <name> LORAS_AND_ALTA_VISTA-ENE-140428391 </name>
         <Placemark>
            <name> trajectory </name>
            <LineString>
               <coordinates>
                  -90.68824926620344,42.50043415902153
                  -90.68777689935621,42.50056473044941
               </coordinates>
            </LineString>
         </Placemark>
         <Placemark>
            <name> </name>
            <Point>
               <coordinates> -90.68824926620344,42.50043415902153 </coordinates>
            </Point>
         </Placemark>
         <Placemark>
            <name> </name>
            <Point>
               <coordinates> -90.68777689935621,42.50056473044941 </coordinates>
            </Point>
         </Placemark>
      </Folder>
      <Folder id="LORAS_AND_ALTA_VISTA-ENE-1524100193">
         <name> LORAS_AND_ALTA_VISTA-ENE-1524100193 </name>
         <Placemark>
            <name> trajectory </name>
            <LineString>
               <coordinates>
                  -90.687776609439,42.50056481162348
                  -90.68755327826732,42.500628141559964
               </coordinates>
            </LineString>
         </Placemark>
         <Placemark>
            <name> </name>
            <Point>
               <coordinates> -90.687776609439,42.50056481162348 </coordinates>
            </Point>
         </Placemark>
         <Placemark>
            <name> </name>
            <Point>
               <coordinates> -90.68755327826732,42.500628141559964 </coordinates>
            </Point>
         </Placemark>
      </Folder>
      <Folder id="LORAS_AND_ALTA_VISTA-ENE-1524948081">
         <name> LORAS_AND_ALTA_VISTA-ENE-1524948081 </name>
         <Placemark>
            <name> trajectory </name>
            <LineString>
               <coordinates>
                  -90.68916910766637,42.50019338103027
                  -90.68870773043126,42.500307747444985
               </coordinates>
            </LineString>
         </Placemark>
         <Placemark>
            <name> </name>
            <Point>
               <coordinates> -90.68916910766637,42.50019338103027 </coordinates>
            </Point>
         </Placemark>
         <Placemark>
            <name> </name>
            <Point>
               <coordinates> -90.68870773043126,42.500307747444985 </coordinates>
            </Point>
         </Placemark>
      </Folder>
      <Folder id="LORAS_AND_ALTA_VISTA-ENE-1943557074">
         <name> LORAS_AND_ALTA_VISTA-ENE-1943557074 </name>
         <Placemark>
            <name> trajectory </name>
            <LineString>
               <coordinates>
                  -90.6859247406901,42.50107220378017
                  -90.68529758801681,42.501250458924936
               </coordinates>
            </LineString>
         </Placemark>
         <Placemark>
            <name> </name>
            <Point>
               <coordinates> -90.6859247406901,42.50107220378017 </coordinates>
            </Point>
         </Placemark>
         <Placemark>
            <name> </name>
            <Point>
               <coordinates> -90.68529758801681,42.501250458924936 </coordinates>
            </Point>
         </Placemark>
      </Folder>
      <Folder id="LORAS_AND_ALTA_VISTA-ENE-1948140110">
         <name> LORAS_AND_ALTA_VISTA-ENE-1948140110 </name>
         <Placemark>
            <name> trajectory </name>
            <LineString>
               <coordinates>
                  -90.69201273471089,42.49944377927112
                  -90.69153645631175,42.49956690011823
               </coordinates>
            </LineString>
         </Placemark>
         <Placemark>
            <name> </name>
            <Point>
               <coordinates> -90.69201273471089,42.49944377927112 </coordinates>
            </Point>
         </Placemark>
         <Placemark>
            <name> </name>
            <Point>
               <coordinates> -90.69153645631175,42.49956690011823 </coordinates>
            </Point>
         </Placemark>
      </Folder>
      <Folder id="LORAS_AND_ALTA_VISTA-ENE-251899466">
         <name> LORAS_AND_ALTA_VISTA-ENE-251899466 </name>
         <Placemark>
            <name> trajectory </name>
            <LineString>
               <coordinates>
                  -90.68966904657292,42.500069513907206
                  -90.68916911258061,42.5001933798124
               </coordinates>
            </LineString>
         </Placemark>
         <Placemark>
            <name> </name>
            <Point>
               <coordinates> -90.68966904657292,42.500069513907206 </coordinates>
            </Point>
         </Placemark>
         <Placemark>
            <name> </name>
            <Point>
               <coordinates> -90.68916911258061,42.5001933798124 </coordinates>
            </Point>
         </Placemark>
      </Folder>
      <Folder id="LORAS_AND_ALTA_VISTA-ENE-410206769">
         <name> LORAS_AND_ALTA_VISTA-ENE-410206769 </name>
         <Placemark>
            <name> trajectory </name>
            <LineString>
               <coordinates>
                  -90.68755402909927,42.50062793557319
                  -90.68655453363735,42.500892989983846
               </coordinates>
            </LineString>
         </Placemark>
         <Placemark>
            <name> </name>
            <Point>
               <coordinates> -90.68755402909927,42.50062793557319 </coordinates>
            </Point>
         </Placemark>
         <Placemark>
            <name> </name>
            <Point>
               <coordinates> -90.68655453363735,42.500892989983846 </coordinates>
            </Point>
         </Placemark>
      </Folder>
      <Folder id="LORAS_AND_ALTA_VISTA-ENE-522043221">
         <name> LORAS_AND_ALTA_VISTA-ENE-522043221 </name>
         <Placemark>
            <name> trajectory </name>
            <LineString>
               <coordinates>
                  -90.68870657238404,42.500308050553734
                  -90.68824929296382,42.50043415163315
               </coordinates>
            </LineString>
         </Placemark>
         <Placemark>
            <name> </name>
            <Point>
               <coordinates> -90.68870657238404,42.500308050553734 </coordinates>
            </Point>
         </Placemark>
         <Placemark>
            <name> </name>
            <Point>
               <coordinates> -90.68824929296382,42.50043415163315 </coordinates>
            </Point>
         </Placemark>
      </Folder>
      <Folder id="LORAS_AND_ALTA_VISTA-ENE-666584375">
         <name> LORAS_AND_ALTA_VISTA-ENE-666584375 </name>
         <Placemark>
            <name> trajectory </name>
            <LineString>
               <coordinates>
                  -90.69153603833078,42.49956701027306
                  -90.69106516160119,42.49969348388153
               </coordinates>
            </LineString>
         </Placemark>
         <Placemark>
            <name> </name>
            <Point>
               <coordinates> -90.69153603833078,42.49956701027306 </coordinates>
            </Point>
         </Placemark>
         <Placemark>
            <name> </name>
            <Point>
               <coordinates> -90.69106516160119,42.49969348388153 </coordinates>
            </Point>
         </Placemark>
      </Folder>
      <Folder id="LORAS_AND_ALTA_VISTA-ENE-672897100">
         <name> LORAS_AND_ALTA_VISTA-ENE-672897100 </name>
         <Placemark>
            <name> trajectory </name>
            <LineString>
               <coordinates>
                  -90.67910673626362,42.50301802397615
                  -90.6789744884467,42.50305676699613
               </coordinates>
            </LineString>
         </Placemark>
         <Placemark>
            <name> </name>
            <Point>
               <coordinates> -90.67910673626362,42.50301802397615 </coordinates>
            </Point>
         </Placemark>
         <Placemark>
            <name> </name>
            <Point>
               <coordinates> -90.6789744884467,42.50305676699613 </coordinates>
            </Point>
         </Placemark>
      </Folder>
      <Folder id="LORAS_AND_ALTA_VISTA-ENE-693058991">
         <name> LORAS_AND_ALTA_VISTA-ENE-693058991 </name>
         <Placemark>
            <name> trajectory </name>
            <LineString>
               <coordinates>
                  -90.6805682501565,42.502581433372065
                  -90.6800698062684,42.50273584665839
               </coordinates>
            </LineString>
         </Placemark>
         <Placemark>
            <name> </name>
            <Point>
               <coordinates> -90.6805682501565,42.502581433372065 </coordinates>
            </Point>
         </Placemark>
         <Placemark>
            <name> </name>
            <Point>
               <coordinates> -90.6800698062684,42.50273584665839 </coordinates>
            </Point>
         </Placemark>
      </Folder>
      <Folder id="LORAS_AND_ALTA_VISTA-ENE-705726887">
         <name> LORAS_AND_ALTA_VISTA-ENE-705726887 </name>
         <Placemark>
            <name> trajectory </name>
            <LineString>
               <coordinates>
                  -90.68529765222225,42.50125044072678
                  -90.6840277006559,42.501609372455064
               </coordinates>
            </LineString>
         </Placemark>
         <Placemark>
            <name> </name>
            <Point>
               <coordinates> -90.68529765222225,42.50125044072678 </coordinates>
            </Point>
         </Placemark>
         <Placemark>
            <name> </name>
            <Point>
               <coordinates> -90.6840277006559,42.501609372455064 </coordinates>
            </Point>
         </Placemark>
      </Folder>
      <Folder id="LORAS_AND_ALTA_VISTA-ENE-807939881">
         <name> LORAS_AND_ALTA_VISTA-ENE-807939881 </name>
         <Placemark>
            <name> trajectory </name>
            <LineString>
               <coordinates>
                  -90.68655374222183,42.500893207498386
                  -90.68592472690315,42.50107220770122
               </coordinates>
            </LineString>
         </Placemark>
         <Placemark>
            <name> </name>
            <Point>
               <coordinates> -90.68655374222183,42.500893207498386 </coordinates>
            </Point>
         </Placemark>
         <Placemark>
            <name> </name>
            <Point>
               <coordinates> -90.68592472690315,42.50107220770122 </coordinates>
            </Point>
         </Placemark>
      </Folder>
      <Folder id="LORAS_AND_ALTA_VISTA-NNW-1553528947">
         <name> LORAS_AND_ALTA_VISTA-NNW-1553528947 </name>
         <Placemark>
            <name> trajectory </name>
            <LineString>
               <coordinates>
                  -90.68112867201619,42.502440979215784
                  -90.68195717607283,42.503479962703246
               </coordinates>
            </LineString>
         </Placemark>
         <Placemark>
            <name> </name>
            <Point>
               <coordinates> -90.68112867201619,42.502440979215784 </coordinates>
            </Point>
         </Placemark>
         <Placemark>
            <name> </name>
            <Point>
               <coordinates> -90.68195717607283,42.503479962703246 </coordinates>
            </Point>
         </Placemark>
      </Folder>
      <Folder id="LORAS_AND_ALTA_VISTA-NNW-1883858169">
         <name> LORAS_AND_ALTA_VISTA-NNW-1883858169 </name>
         <Placemark>
            <name> trajectory </name>
            <LineString>
               <coordinates>
                  -90.68043163236798,42.50156269391198
                  -90.68112863375472,42.50244093111947
               </coordinates>
            </LineString>
         </Placemark>
         <Placemark>
            <name> </name>
            <Point>
               <coordinates> -90.68043163236798,42.50156269391198 </coordinates>
            </Point>
         </Placemark>
         <Placemark>
            <name> </name>
            <Point>
               <coordinates> -90.68112863375472,42.50244093111947 </coordinates>
            </Point>
         </Placemark>
      </Folder>
      <Folder id="LORAS_AND_ALTA_VISTA-SSE--1455442060">
         <name> LORAS_AND_ALTA_VISTA-SSE--1455442060 </name>
         <Placemark>
            <name> trajectory </name>
            <LineString>
               <coordinates>
                  -90.6811918047549,42.50241368084142
                  -90.68049480248082,42.50153544363393
               </coordinates>
            </LineString>
         </Placemark>
         <Placemark>
            <name> </name>
            <Point>
               <coordinates> -90.6811918047549,42.50241368084142 </coordinates>
            </Point>
         </Placemark>
         <Placemark>
            <name> </name>
            <Point>
               <coordinates> -90.68049480248082,42.50153544363393 </coordinates>
            </Point>
         </Placemark>
      </Folder>
      <Folder id="LORAS_AND_ALTA_VISTA-SSE-607674996">
         <name> LORAS_AND_ALTA_VISTA-SSE-607674996 </name>
         <Placemark>
            <name> trajectory </name>
            <LineString>
               <coordinates>
                  -90.68202027156927,42.503452616196746
                  -90.68119176646411,42.50241363270929
               </coordinates>
            </LineString>
         </Placemark>
         <Placemark>
            <name> </name>
            <Point>
               <coordinates> -90.68202027156927,42.503452616196746 </coordinates>
            </Point>
         </Placemark>
         <Placemark>
            <name> </name>
            <Point>
               <coordinates> -90.68119176646411,42.50241363270929 </coordinates>
            </Point>
         </Placemark>
      </Folder>
      <Folder id="LORAS_AND_ALTA_VISTA-WSW--1004569131">
         <name> LORAS_AND_ALTA_VISTA-WSW--1004569131 </name>
         <Placemark>
            <name> trajectory </name>
            <LineString>
               <coordinates>
                  -90.68757955153849,42.50067850406543
                  -90.68780288268357,42.50061517412894
               </coordinates>
            </LineString>
         </Placemark>
         <Placemark>
            <name> </name>
            <Point>
               <coordinates> -90.68757955153849,42.50067850406543 </coordinates>
            </Point>
         </Placemark>
         <Placemark>
            <name> </name>
            <Point>
               <coordinates> -90.68780288268357,42.50061517412894 </coordinates>
            </Point>
         </Placemark>
      </Folder>
      <Folder id="LORAS_AND_ALTA_VISTA-WSW--1071508946">
         <name> LORAS_AND_ALTA_VISTA-WSW--1071508946 </name>
         <Placemark>
            <name> trajectory </name>
            <LineString>
               <coordinates>
                  -90.68009815943732,42.50278559254057
                  -90.6805966032554,42.502631179254244
               </coordinates>
            </LineString>
         </Placemark>
         <Placemark>
            <name> </name>
            <Point>
               <coordinates> -90.68009815943732,42.50278559254057 </coordinates>
            </Point>
         </Placemark>
         <Placemark>
            <name> </name>
            <Point>
               <coordinates> -90.6805966032554,42.502631179254244 </coordinates>
            </Point>
         </Placemark>
      </Folder>
      <Folder id="LORAS_AND_ALTA_VISTA-WSW--1231721175">
         <name> LORAS_AND_ALTA_VISTA-WSW--1231721175 </name>
         <Placemark>
            <name> trajectory </name>
            <LineString>
               <coordinates>
                  -90.67816069662287,42.50336068650115
                  -90.67900186713476,42.50310680796164
               </coordinates>
            </LineString>
         </Placemark>
         <Placemark>
            <name> </name>
            <Point>
               <coordinates> -90.67816069662287,42.50336068650115 </coordinates>
            </Point>
         </Placemark>
         <Placemark>
            <name> </name>
            <Point>
               <coordinates> -90.67900186713476,42.50310680796164 </coordinates>
            </Point>
         </Placemark>
      </Folder>
      <Folder id="LORAS_AND_ALTA_VISTA-WSW--1276084033">
         <name> LORAS_AND_ALTA_VISTA-WSW--1276084033 </name>
         <Placemark>
            <name> trajectory </name>
            <LineString>
               <coordinates>
                  -90.68919242628348,42.50024452812145
                  -90.68969236022961,42.500120662216254
               </coordinates>
            </LineString>
         </Placemark>
         <Placemark>
            <name> </name>
            <Point>
               <coordinates> -90.68919242628348,42.50024452812145 </coordinates>
            </Point>
         </Placemark>
         <Placemark>
            <name> </name>
            <Point>
               <coordinates> -90.68969236022961,42.500120662216254 </coordinates>
            </Point>
         </Placemark>
      </Folder>
      <Folder id="LORAS_AND_ALTA_VISTA-WSW--158855369">
         <name> LORAS_AND_ALTA_VISTA-WSW--158855369 </name>
         <Placemark>
            <name> trajectory </name>
            <LineString>
               <coordinates>
                  -90.68117303746838,42.50245257650003
                  -90.68195739731392,42.50223632339337
               </coordinates>
            </LineString>
         </Placemark>
         <Placemark>
            <name> </name>
            <Point>
               <coordinates> -90.68117303746838,42.50245257650003 </coordinates>
            </Point>
         </Placemark>
         <Placemark>
            <name> </name>
            <Point>
               <coordinates> -90.68195739731392,42.50223632339337 </coordinates>
            </Point>
         </Placemark>
      </Folder>
      <Folder id="LORAS_AND_ALTA_VISTA-WSW--1819850738">
         <name> LORAS_AND_ALTA_VISTA-WSW--1819850738 </name>
         <Placemark>
            <name> trajectory </name>
            <LineString>
               <coordinates>
                  -90.69156067169645,42.49961782013058
                  -90.6920369500479,42.49949469928347
               </coordinates>
            </LineString>
         </Placemark>
         <Placemark>
            <name> </name>
            <Point>
               <coordinates> -90.69156067169645,42.49961782013058 </coordinates>
            </Point>
         </Placemark>
         <Placemark>
            <name> </name>
            <Point>
               <coordinates> -90.6920369500479,42.49949469928347 </coordinates>
            </Point>
         </Placemark>
      </Folder>
      <Folder id="LORAS_AND_ALTA_VISTA-WSW--1855828292">
         <name> LORAS_AND_ALTA_VISTA-WSW--1855828292 </name>
         <Placemark>
            <name> trajectory </name>
            <LineString>
               <coordinates>
                  -90.68969328517059,42.50012042283844
                  -90.69015075080462,42.499996929462284
               </coordinates>
            </LineString>
         </Placemark>
         <Placemark>
            <name> </name>
            <Point>
               <coordinates> -90.68969328517059,42.50012042283844 </coordinates>
            </Point>
         </Placemark>
         <Placemark>
            <name> </name>
            <Point>
               <coordinates> -90.69015075080462,42.499996929462284 </coordinates>
            </Point>
         </Placemark>
      </Folder>
      <Folder id="LORAS_AND_ALTA_VISTA-WSW--2115268906">
         <name> LORAS_AND_ALTA_VISTA-WSW--2115268906 </name>
         <Placemark>
            <name> trajectory </name>
            <LineString>
               <coordinates>
                  -90.68657930503322,42.500943764545134
                  -90.68757880039013,42.50067871013449
               </coordinates>
            </LineString>
         </Placemark>
         <Placemark>
            <name> </name>
            <Point>
               <coordinates> -90.68657930503322,42.500943764545134 </coordinates>
            </Point>
         </Placemark>
         <Placemark>
            <name> </name>
            <Point>
               <coordinates> -90.68757880039013,42.50067871013449 </coordinates>
            </Point>
         </Placemark>
      </Folder>
      <Folder id="LORAS_AND_ALTA_VISTA-WSW--386847058">
         <name> LORAS_AND_ALTA_VISTA-WSW--386847058 </name>
         <Placemark>
            <name> trajectory </name>
            <LineString>
               <coordinates>
                  -90.68532391497419,42.501300806263245
                  -90.68595106757242,42.50112255111848
               </coordinates>
            </LineString>
         </Placemark>
         <Placemark>
            <name> </name>
            <Point>
               <coordinates> -90.68532391497419,42.501300806263245 </coordinates>
            </Point>
         </Placemark>
         <Placemark>
            <name> </name>
            <Point>
               <coordinates> -90.68595106757242,42.50112255111848 </coordinates>
            </Point>
         </Placemark>
      </Folder>
      <Folder id="LORAS_AND_ALTA_VISTA-WSW--491834603">
         <name> LORAS_AND_ALTA_VISTA-WSW--491834603 </name>
         <Placemark>
            <name> trajectory </name>
            <LineString>
               <coordinates>
                  -90.69015075247052,42.499996929012546
                  -90.69063988307107,42.49986486746851
               </coordinates>
            </LineString>
         </Placemark>
         <Placemark>
            <name> </name>
            <Point>
               <coordinates> -90.69015075247052,42.499996929012546 </coordinates>
            </Point>
         </Placemark>
         <Placemark>
            <name> </name>
            <Point>
               <coordinates> -90.69063988307107,42.49986486746851 </coordinates>
            </Point>
         </Placemark>
      </Folder>
      <Folder id="LORAS_AND_ALTA_VISTA-WSW-1046486060">
         <name> LORAS_AND_ALTA_VISTA-WSW-1046486060 </name>
         <Placemark>
            <name> trajectory </name>
            <LineString>
               <coordinates>
                  -90.69063980066267,42.49986488963542
                  -90.69109018824568,42.49974419022707
               </coordinates>
            </LineString>
         </Placemark>
         <Placemark>
            <name> </name>
            <Point>
               <coordinates> -90.69063980066267,42.49986488963542 </coordinates>
            </Point>
         </Placemark>
         <Placemark>
            <name> </name>
            <Point>
               <coordinates> -90.69109018824568,42.49974419022707 </coordinates>
            </Point>
         </Placemark>
      </Folder>
      <Folder id="LORAS_AND_ALTA_VISTA-WSW-1142448076">
         <name> LORAS_AND_ALTA_VISTA-WSW-1142448076 </name>
         <Placemark>
            <name> trajectory </name>
            <LineString>
               <coordinates>
                  -90.68827493270449,42.50048469128902
                  -90.68873221207299,42.50035859020961
               </coordinates>
            </LineString>
         </Placemark>
         <Placemark>
            <name> </name>
            <Point>
               <coordinates> -90.68827493270449,42.50048469128902 </coordinates>
            </Point>
         </Placemark>
         <Placemark>
            <name> </name>
            <Point>
               <coordinates> -90.68873221207299,42.50035859020961 </coordinates>
            </Point>
         </Placemark>
      </Folder>
      <Folder id="LORAS_AND_ALTA_VISTA-WSW-1239690537">
         <name> LORAS_AND_ALTA_VISTA-WSW-1239690537 </name>
         <Placemark>
            <name> trajectory </name>
            <LineString>
               <coordinates>
                  -90.68195740392248,42.502236321570834
                  -90.6827926139788,42.50200591236072
               </coordinates>
            </LineString>
         </Placemark>
         <Placemark>
            <name> </name>
            <Point>
               <coordinates> -90.68195740392248,42.502236321570834 </coordinates>
            </Point>
         </Placemark>
         <Placemark>
            <name> </name>
            <Point>
               <coordinates> -90.6827926139788,42.50200591236072 </coordinates>
            </Point>
         </Placemark>
      </Folder>
      <Folder id="LORAS_AND_ALTA_VISTA-WSW-1273049264">
         <name> LORAS_AND_ALTA_VISTA-WSW-1273049264 </name>
         <Placemark>
            <name> trajectory </name>
            <LineString>
               <coordinates>
                  -90.68873105402105,42.50035889331441
                  -90.6891924312135,42.50024452689969
               </coordinates>
            </LineString>
         </Placemark>
         <Placemark>
            <name> </name>
            <Point>
               <coordinates> -90.68873105402105,42.50035889331441 </coordinates>
            </Point>
         </Placemark>
         <Placemark>
            <name> </name>
            <Point>
               <coordinates> -90.6891924312135,42.50024452689969 </coordinates>
            </Point>
         </Placemark>
      </Folder>
      <Folder id="LORAS_AND_ALTA_VISTA-WSW-1644238763">
         <name> LORAS_AND_ALTA_VISTA-WSW-1644238763 </name>
         <Placemark>
            <name> trajectory </name>
            <LineString>
               <coordinates>
                  -90.679506295135,42.50295901767013
                  -90.68009749868114,42.50278579166738
               </coordinates>
            </LineString>
         </Placemark>
         <Placemark>
            <name> </name>
            <Point>
               <coordinates> -90.679506295135,42.50295901767013 </coordinates>
            </Point>
         </Placemark>
         <Placemark>
            <name> </name>
            <Point>
               <coordinates> -90.68009749868114,42.50278579166738 </coordinates>
            </Point>
         </Placemark>
      </Folder>
      <Folder id="LORAS_AND_ALTA_VISTA-WSW-1670134860">
         <name> LORAS_AND_ALTA_VISTA-WSW-1670134860 </name>
         <Placemark>
            <name> trajectory </name>
            <LineString>
               <coordinates>
                  -90.69203783610507,42.499494460735455
                  -90.69315207039837,42.49920630952443
                  -90.69330685619977,42.499139068033024
               </coordinates>
            </LineString>
         </Placemark>
         <Placemark>
            <name> </name>
            <Point>
               <coordinates> -90.69203783610507,42.499494460735455 </coordinates>
            </Point>
         </Placemark>
         <Placemark>
            <name> </name>
            <Point>
               <coordinates> -90.69330685619977,42.499139068033024 </coordinates>
            </Point>
         </Placemark>
      </Folder>
      <Folder id="LORAS_AND_ALTA_VISTA-WSW-1695813572">
         <name> LORAS_AND_ALTA_VISTA-WSW-1695813572 </name>
         <Placemark>
            <name> trajectory </name>
            <LineString>
               <coordinates>
                  -90.67913376596472,42.50306816872394
                  -90.67950629497929,42.50295901771576
               </coordinates>
            </LineString>
         </Placemark>
         <Placemark>
            <name> </name>
            <Point>
               <coordinates> -90.67913376596472,42.50306816872394 </coordinates>
            </Point>
         </Placemark>
         <Placemark>
            <name> </name>
            <Point>
               <coordinates> -90.67950629497929,42.50295901771576 </coordinates>
            </Point>
         </Placemark>
      </Folder>
      <Folder id="LORAS_AND_ALTA_VISTA-WSW-1729715636">
         <name> LORAS_AND_ALTA_VISTA-WSW-1729715636 </name>
         <Placemark>
            <name> trajectory </name>
            <LineString>
               <coordinates>
                  -90.69109021300184,42.49974418358528
                  -90.69156108968075,42.49961770997681
               </coordinates>
            </LineString>
         </Placemark>
         <Placemark>
            <name> </name>
            <Point>
               <coordinates> -90.69109021300184,42.49974418358528 </coordinates>
            </Point>
         </Placemark>
         <Placemark>
            <name> </name>
            <Point>
               <coordinates> -90.69156108968075,42.49961770997681 </coordinates>
            </Point>
         </Placemark>
      </Folder>
      <Folder id="LORAS_AND_ALTA_VISTA-WSW-184563874">
         <name> LORAS_AND_ALTA_VISTA-WSW-184563874 </name>
         <Placemark>
            <name> trajectory </name>
            <LineString>
               <coordinates>
                  -90.67900151654324,42.503106912218925
                  -90.6791337643434,42.50306816919895
               </coordinates>
            </LineString>
         </Placemark>
         <Placemark>
            <name> </name>
            <Point>
               <coordinates> -90.67900151654324,42.503106912218925 </coordinates>
            </Point>
         </Placemark>
         <Placemark>
            <name> </name>
            <Point>
               <coordinates> -90.6791337643434,42.50306816919895 </coordinates>
            </Point>
         </Placemark>
      </Folder>
      <Folder id="LORAS_AND_ALTA_VISTA-WSW-1998533832">
         <name> LORAS_AND_ALTA_VISTA-WSW-1998533832 </name>
         <Placemark>
            <name> trajectory </name>
            <LineString>
               <coordinates>
                  -90.68595108135868,42.5011225471977
                  -90.6865800966019,42.50094354699486
               </coordinates>
            </LineString>
         </Placemark>
         <Placemark>
            <name> </name>
            <Point>
               <coordinates> -90.68595108135868,42.5011225471977 </coordinates>
            </Point>
         </Placemark>
         <Placemark>
            <name> </name>
            <Point>
               <coordinates> -90.6865800966019,42.50094354699486 </coordinates>
            </Point>
         </Placemark>
      </Folder>
      <Folder id="LORAS_AND_ALTA_VISTA-WSW-351128688">
         <name> LORAS_AND_ALTA_VISTA-WSW-351128688 </name>
         <Placemark>
            <name> trajectory </name>
            <LineString>
               <coordinates>
                  -90.68780259266526,42.50061525533032
                  -90.68827495945885,42.50048468390242
               </coordinates>
            </LineString>
         </Placemark>
         <Placemark>
            <name> </name>
            <Point>
               <coordinates> -90.68780259266526,42.50061525533032 </coordinates>
            </Point>
         </Placemark>
         <Placemark>
            <name> </name>
            <Point>
               <coordinates> -90.68827495945885,42.50048468390242 </coordinates>
            </Point>
         </Placemark>
      </Folder>
      <Folder id="LORAS_AND_ALTA_VISTA-WSW-731191400">
         <name> LORAS_AND_ALTA_VISTA-WSW-731191400 </name>
         <Placemark>
            <name> trajectory </name>
            <LineString>
               <coordinates>
                  -90.6827925557298,42.50200592838808
                  -90.68405356645334,42.50165984891162
               </coordinates>
            </LineString>
         </Placemark>
         <Placemark>
            <name> </name>
            <Point>
               <coordinates> -90.6827925557298,42.50200592838808 </coordinates>
            </Point>
         </Placemark>
         <Placemark>
            <name> </name>
            <Point>
               <coordinates> -90.68405356645334,42.50165984891162 </coordinates>
            </Point>
         </Placemark>
      </Folder>
      <Folder id="LORAS_AND_ALTA_VISTA-WSW-966560116">
         <name> LORAS_AND_ALTA_VISTA-WSW-966560116 </name>
         <Placemark>
            <name> trajectory </name>
            <LineString>
               <coordinates>
                  -90.68405389909358,42.50165975626255
                  -90.68532385050953,42.50130082453426
               </coordinates>
            </LineString>
         </Placemark>
         <Placemark>
            <name> </name>
            <Point>
               <coordinates> -90.68405389909358,42.50165975626255 </coordinates>
            </Point>
         </Placemark>
         <Placemark>
            <name> </name>
            <Point>
               <coordinates> -90.68532385050953,42.50130082453426 </coordinates>
            </Point>
         </Placemark>
      </Folder>
      <Folder id="LORAS_AND_ALTA_VISTA-WSW-974788655">
         <name> LORAS_AND_ALTA_VISTA-WSW-974788655 </name>
         <Placemark>
            <name> trajectory </name>
            <LineString>
               <coordinates>
                  -90.68059660357295,42.50263117915587
                  -90.68117439607055,42.502452178953035
               </coordinates>
            </LineString>
         </Placemark>
         <Placemark>
            <name> </name>
            <Point>
               <coordinates> -90.68059660357295,42.50263117915587 </coordinates>
            </Point>
         </Placemark>
         <Placemark>
            <name> </name>
            <Point>
               <coordinates> -90.68117439607055,42.502452178953035 </coordinates>
            </Point>
         </Placemark>
      </Folder>
      <Folder id="LORAS_AND_BLUFF-ENE--1797203217">
         <name> LORAS_AND_BLUFF-ENE--1797203217 </name>
         <Placemark>
            <name> trajectory </name>
            <LineString>
               <coordinates>
                  -90.67168648071613,42.50516877647799
                  -90.67091609061755,42.50539154884281
               </coordinates>
            </LineString>
         </Placemark>
         <Placemark>
            <name> </name>
            <Point>
               <coordinates> -90.67168648071613,42.50516877647799 </coordinates>
            </Point>
         </Placemark>
         <Placemark>
            <name> </name>
            <Point>
               <coordinates> -90.67091609061755,42.50539154884281 </coordinates>
            </Point>
         </Placemark>
      </Folder>
      <Folder id="LORAS_AND_BLUFF-ENE-1295556052">
         <name> LORAS_AND_BLUFF-ENE-1295556052 </name>
         <Placemark>
            <name> trajectory </name>
            <LineString>
               <coordinates>
                  -90.6733557588721,42.504685054633754
                  -90.67168645614848,42.505168783589816
               </coordinates>
            </LineString>
         </Placemark>
         <Placemark>
            <name> </name>
            <Point>
               <coordinates> -90.6733557588721,42.504685054633754 </coordinates>
            </Point>
         </Placemark>
         <Placemark>
            <name> </name>
            <Point>
               <coordinates> -90.67168645614848,42.505168783589816 </coordinates>
            </Point>
         </Placemark>
      </Folder>
      <Folder id="LORAS_AND_BLUFF-S--1457241969">
         <name> LORAS_AND_BLUFF-S--1457241969 </name>
         <Placemark>
            <name> trajectory </name>
            <LineString>
               <coordinates>
                  -90.67183134716372,42.50681364924044
                  -90.67179241787923,42.506111618268
               </coordinates>
            </LineString>
         </Placemark>
         <Placemark>
            <name> </name>
            <Point>
               <coordinates> -90.67183134716372,42.50681364924044 </coordinates>
            </Point>
         </Placemark>
         <Placemark>
            <name> </name>
            <Point>
               <coordinates> -90.67179241787923,42.506111618268 </coordinates>
            </Point>
         </Placemark>
      </Folder>
      <Folder id="LORAS_AND_BLUFF-S--1905110685">
         <name> LORAS_AND_BLUFF-S--1905110685 </name>
         <Placemark>
            <name> trajectory </name>
            <LineString>
               <coordinates>
                  -90.67179241787923,42.506111618268
                  -90.6717452929559,42.50529540714537
                  -90.67169984441325,42.50519389298247
               </coordinates>
            </LineString>
         </Placemark>
         <Placemark>
            <name> </name>
            <Point>
               <coordinates> -90.67179241787923,42.506111618268 </coordinates>
            </Point>
         </Placemark>
         <Placemark>
            <name> </name>
            <Point>
               <coordinates> -90.67169984441325,42.50519389298247 </coordinates>
            </Point>
         </Placemark>
      </Folder>
      <Folder id="LORAS_AND_BLUFF-S--654780394">
         <name> LORAS_AND_BLUFF-S--654780394 </name>
         <Placemark>
            <name> trajectory </name>
            <LineString>
               <coordinates>
                  -90.6718106718021,42.507078144857545
                  -90.67183134716372,42.50681364924044
               </coordinates>
            </LineString>
         </Placemark>
         <Placemark>
            <name> </name>
            <Point>
               <coordinates> -90.6718106718021,42.507078144857545 </coordinates>
            </Point>
         </Placemark>
         <Placemark>
            <name> </name>
            <Point>
               <coordinates> -90.67183134716372,42.50681364924044 </coordinates>
            </Point>
         </Placemark>
      </Folder>
      <Folder id="LORAS_AND_BLUFF-SSE-622827369">
         <name> LORAS_AND_BLUFF-SSE-622827369 </name>
         <Placemark>
            <name> trajectory </name>
            <LineString>
               <coordinates>
                  -90.67169984441325,42.50519389298247
                  -90.67081024507009,42.50357208781478
               </coordinates>
            </LineString>
         </Placemark>
         <Placemark>
            <name> </name>
            <Point>
               <coordinates> -90.67169984441325,42.50519389298247 </coordinates>
            </Point>
         </Placemark>
         <Placemark>
            <name> </name>
            <Point>
               <coordinates> -90.67081024507009,42.50357208781478 </coordinates>
            </Point>
         </Placemark>
      </Folder>
      <Folder id="LORAS_AND_BLUFF-WSW--282147270">
         <name> LORAS_AND_BLUFF-WSW--282147270 </name>
         <Placemark>
            <name> trajectory </name>
            <LineString>
               <coordinates>
                  -90.67171323201832,42.50521900256784
                  -90.67338253453478,42.50473527361177
               </coordinates>
            </LineString>
         </Placemark>
         <Placemark>
            <name> </name>
            <Point>
               <coordinates> -90.67171323201832,42.50521900256784 </coordinates>
            </Point>
         </Placemark>
         <Placemark>
            <name> </name>
            <Point>
               <coordinates> -90.67338253453478,42.50473527361177 </coordinates>
            </Point>
         </Placemark>
      </Folder>
      <Folder id="LORAS_AND_BLUFF-WSW-1329623793">
         <name> LORAS_AND_BLUFF-WSW-1329623793 </name>
         <Placemark>
            <name> trajectory </name>
            <LineString>
               <coordinates>
                  -90.67094281780827,42.50544178193972
                  -90.6717132078116,42.5052190095749
               </coordinates>
            </LineString>
         </Placemark>
         <Placemark>
            <name> </name>
            <Point>
               <coordinates> -90.67094281780827,42.50544178193972 </coordinates>
            </Point>
         </Placemark>
         <Placemark>
            <name> </name>
            <Point>
               <coordinates> -90.6717132078116,42.5052190095749 </coordinates>
            </Point>
         </Placemark>
      </Folder>
      <Folder id="LORAS_AND_GRANDVIEW-NNW--1819486168">
         <name> LORAS_AND_GRANDVIEW-NNW--1819486168 </name>
         <Placemark>
            <name> trajectory </name>
            <LineString>
               <coordinates>
                  -90.68868489856474,42.500342328530856
                  -90.68906934809068,42.50114252090486
               </coordinates>
            </LineString>
         </Placemark>
         <Placemark>
            <name> </name>
            <Point>
               <coordinates> -90.68868489856474,42.500342328530856 </coordinates>
            </Point>
         </Placemark>
         <Placemark>
            <name> </name>
            <Point>
               <coordinates> -90.68906934809068,42.50114252090486 </coordinates>
            </Point>
         </Placemark>
      </Folder>
      <Folder id="LORAS_AND_GRANDVIEW-NNW-232190108">
         <name> LORAS_AND_GRANDVIEW-NNW-232190108 </name>
         <Placemark>
            <name> trajectory </name>
            <LineString>
               <coordinates>
                  -90.68821173070134,42.49906807006515
                  -90.6882262592904,42.49914499731153
                  -90.68834975239257,42.49963040264828
                  -90.68868409680354,42.50034044299503
               </coordinates>
            </LineString>
         </Placemark>
         <Placemark>
            <name> </name>
            <Point>
               <coordinates> -90.68821173070134,42.49906807006515 </coordinates>
            </Point>
         </Placemark>
         <Placemark>
            <name> </name>
            <Point>
               <coordinates> -90.68868409680354,42.50034044299503 </coordinates>
            </Point>
         </Placemark>
      </Folder>
      <Folder id="LORAS_AND_GRANDVIEW-SSE-1501333939">
         <name> LORAS_AND_GRANDVIEW-SSE-1501333939 </name>
         <Placemark>
            <name> trajectory </name>
            <LineString>
               <coordinates>
                  -90.6887546877661,42.500326197563005
                  -90.68842034255353,42.499616157216245
                  -90.68829684890338,42.4991307518795
                  -90.68828232022747,42.49905382463312
               </coordinates>
            </LineString>
         </Placemark>
         <Placemark>
            <name> </name>
            <Point>
               <coordinates> -90.6887546877661,42.500326197563005 </coordinates>
            </Point>
         </Placemark>
         <Placemark>
            <name> </name>
            <Point>
               <coordinates> -90.68828232022747,42.49905382463312 </coordinates>
            </Point>
         </Placemark>
      </Folder>
      <Folder id="LORAS_AND_GRANDVIEW-SSE-1656432938">
         <name> LORAS_AND_GRANDVIEW-SSE-1656432938 </name>
         <Placemark>
            <name> trajectory </name>
            <LineString>
               <coordinates>
                  -90.68913833641024,42.501124504431324
                  -90.68875388600141,42.50032431205733
               </coordinates>
            </LineString>
         </Placemark>
         <Placemark>
            <name> </name>
            <Point>
               <coordinates> -90.68913833641024,42.501124504431324 </coordinates>
            </Point>
         </Placemark>
         <Placemark>
            <name> </name>
            <Point>
               <coordinates> -90.68875388600141,42.50032431205733 </coordinates>
            </Point>
         </Placemark>
      </Folder>
      <Folder id="LORAS_AND_MONTROSE_TER-ENE--779328270">
         <name> LORAS_AND_MONTROSE_TER-ENE--779328270 </name>
         <Placemark>
            <name> trajectory </name>
            <LineString>
               <coordinates>
                  -90.67369653758904,42.50459029785142
                  -90.67335623229313,42.50468492022713
               </coordinates>
            </LineString>
         </Placemark>
         <Placemark>
            <name> </name>
            <Point>
               <coordinates> -90.67369653758904,42.50459029785142 </coordinates>
            </Point>
         </Placemark>
         <Placemark>
            <name> </name>
            <Point>
               <coordinates> -90.67335623229313,42.50468492022713 </coordinates>
            </Point>
         </Placemark>
      </Folder>
      <Folder id="LORAS_AND_MONTROSE_TER-ENE-1291868618">
         <name> LORAS_AND_MONTROSE_TER-ENE-1291868618 </name>
         <Placemark>
            <name> trajectory </name>
            <LineString>
               <coordinates>
                  -90.6747751680888,42.50428469774686
                  -90.67369632393006,42.50459035782267
               </coordinates>
            </LineString>
         </Placemark>
         <Placemark>
            <name> </name>
            <Point>
               <coordinates> -90.6747751680888,42.50428469774686 </coordinates>
            </Point>
         </Placemark>
         <Placemark>
            <name> </name>
            <Point>
               <coordinates> -90.67369632393006,42.50459035782267 </coordinates>
            </Point>
         </Placemark>
      </Folder>
      <Folder id="LORAS_AND_MONTROSE_TER-ENE-1295556052">
         <name> LORAS_AND_MONTROSE_TER-ENE-1295556052 </name>
         <Placemark>
            <name> trajectory </name>
            <LineString>
               <coordinates>
                  -90.6733557588721,42.504685054633754
                  -90.67168645614848,42.505168783589816
               </coordinates>
            </LineString>
         </Placemark>
         <Placemark>
            <name> </name>
            <Point>
               <coordinates> -90.6733557588721,42.504685054633754 </coordinates>
            </Point>
         </Placemark>
         <Placemark>
            <name> </name>
            <Point>
               <coordinates> -90.67168645614848,42.505168783589816 </coordinates>
            </Point>
         </Placemark>
      </Folder>
      <Folder id="LORAS_AND_MONTROSE_TER-ENE-514653664">
         <name> LORAS_AND_MONTROSE_TER-ENE-514653664 </name>
         <Placemark>
            <name> trajectory </name>
            <LineString>
               <coordinates>
                  -90.67594392807786,42.503946695260986
                  -90.6747749318838,42.50428476536314
               </coordinates>
            </LineString>
         </Placemark>
         <Placemark>
            <name> </name>
            <Point>
               <coordinates> -90.67594392807786,42.503946695260986 </coordinates>
            </Point>
         </Placemark>
         <Placemark>
            <name> </name>
            <Point>
               <coordinates> -90.6747749318838,42.50428476536314 </coordinates>
            </Point>
         </Placemark>
      </Folder>
      <Folder id="LORAS_AND_MONTROSE_TER-NNW--814481504">
         <name> LORAS_AND_MONTROSE_TER-NNW--814481504 </name>
         <Placemark>
            <name> trajectory </name>
            <LineString>
               <coordinates>
                  -90.67333526188982,42.50472035499452
                  -90.6735969632828,42.505193280608474
               </coordinates>
            </LineString>
         </Placemark>
         <Placemark>
            <name> </name>
            <Point>
               <coordinates> -90.67333526188982,42.50472035499452 </coordinates>
            </Point>
         </Placemark>
         <Placemark>
            <name> </name>
            <Point>
               <coordinates> -90.6735969632828,42.505193280608474 </coordinates>
            </Point>
         </Placemark>
      </Folder>
      <Folder id="LORAS_AND_MONTROSE_TER-SSE-47484750">
         <name> LORAS_AND_MONTROSE_TER-SSE-47484750 </name>
         <Placemark>
            <name> trajectory </name>
            <LineString>
               <coordinates>
                  -90.67366473402873,42.505172898585165
                  -90.67340303212308,42.5046999729712
               </coordinates>
            </LineString>
         </Placemark>
         <Placemark>
            <name> </name>
            <Point>
               <coordinates> -90.67366473402873,42.505172898585165 </coordinates>
            </Point>
         </Placemark>
         <Placemark>
            <name> </name>
            <Point>
               <coordinates> -90.67340303212308,42.5046999729712 </coordinates>
            </Point>
         </Placemark>
      </Folder>
      <Folder id="LORAS_AND_MONTROSE_TER-WSW--1820499404">
         <name> LORAS_AND_MONTROSE_TER-WSW--1820499404 </name>
         <Placemark>
            <name> trajectory </name>
            <LineString>
               <coordinates>
                  -90.67338206164649,42.50473540786243
                  -90.6737223669033,42.50464078548673
               </coordinates>
            </LineString>
         </Placemark>
         <Placemark>
            <name> </name>
            <Point>
               <coordinates> -90.67338206164649,42.50473540786243 </coordinates>
            </Point>
         </Placemark>
         <Placemark>
            <name> </name>
            <Point>
               <coordinates> -90.6737223669033,42.50464078548673 </coordinates>
            </Point>
         </Placemark>
      </Folder>
      <Folder id="LORAS_AND_MONTROSE_TER-WSW--282147270">
         <name> LORAS_AND_MONTROSE_TER-WSW--282147270 </name>
         <Placemark>
            <name> trajectory </name>
            <LineString>
               <coordinates>
                  -90.67171323201832,42.50521900256784
                  -90.67338253453478,42.50473527361177
               </coordinates>
            </LineString>
         </Placemark>
         <Placemark>
            <name> </name>
            <Point>
               <coordinates> -90.67171323201832,42.50521900256784 </coordinates>
            </Point>
         </Placemark>
         <Placemark>
            <name> </name>
            <Point>
               <coordinates> -90.67338253453478,42.50473527361177 </coordinates>
            </Point>
         </Placemark>
      </Folder>
      <Folder id="LORAS_AND_MONTROSE_TER-WSW--443733470">
         <name> LORAS_AND_MONTROSE_TER-WSW--443733470 </name>
         <Placemark>
            <name> trajectory </name>
            <LineString>
               <coordinates>
                  -90.67480166046573,42.5043349979209
                  -90.67597065651526,42.50399692781875
               </coordinates>
            </LineString>
         </Placemark>
         <Placemark>
            <name> </name>
            <Point>
               <coordinates> -90.67480166046573,42.5043349979209 </coordinates>
            </Point>
         </Placemark>
         <Placemark>
            <name> </name>
            <Point>
               <coordinates> -90.67597065651526,42.50399692781875 </coordinates>
            </Point>
         </Placemark>
      </Folder>
      <Folder id="LORAS_AND_MONTROSE_TER-WSW-996723967">
         <name> LORAS_AND_MONTROSE_TER-WSW-996723967 </name>
         <Placemark>
            <name> trajectory </name>
            <LineString>
               <coordinates>
                  -90.67372258026526,42.504640725600346
                  -90.67480142429564,42.50433506552454
               </coordinates>
            </LineString>
         </Placemark>
         <Placemark>
            <name> </name>
            <Point>
               <coordinates> -90.67372258026526,42.504640725600346 </coordinates>
            </Point>
         </Placemark>
         <Placemark>
            <name> </name>
            <Point>
               <coordinates> -90.67480142429564,42.50433506552454 </coordinates>
            </Point>
         </Placemark>
      </Folder>
      <Folder id="LORAS_AND_WALNUT-ENE--1091463222">
         <name> LORAS_AND_WALNUT-ENE--1091463222 </name>
         <Placemark>
            <name> trajectory </name>
            <LineString>
               <coordinates>
                  -90.67680667767051,42.50370059429053
                  -90.67594408663064,42.50394664972025
               </coordinates>
            </LineString>
         </Placemark>
         <Placemark>
            <name> </name>
            <Point>
               <coordinates> -90.67680667767051,42.50370059429053 </coordinates>
            </Point>
         </Placemark>
         <Placemark>
            <name> </name>
            <Point>
               <coordinates> -90.67594408663064,42.50394664972025 </coordinates>
            </Point>
         </Placemark>
      </Folder>
      <Folder id="LORAS_AND_WALNUT-ENE-1301386744">
         <name> LORAS_AND_WALNUT-ENE-1301386744 </name>
         <Placemark>
            <name> trajectory </name>
            <LineString>
               <coordinates>
                  -90.6789741375725,42.50305687133918
                  -90.67813296694801,42.50331074987868
               </coordinates>
            </LineString>
         </Placemark>
         <Placemark>
            <name> </name>
            <Point>
               <coordinates> -90.6789741375725,42.50305687133918 </coordinates>
            </Point>
         </Placemark>
         <Placemark>
            <name> </name>
            <Point>
               <coordinates> -90.67813296694801,42.50331074987868 </coordinates>
            </Point>
         </Placemark>
      </Folder>
      <Folder id="LORAS_AND_WALNUT-ENE-496327487">
         <name> LORAS_AND_WALNUT-ENE-496327487 </name>
         <Placemark>
            <name> trajectory </name>
            <LineString>
               <coordinates>
                  -90.67813327855082,42.50331065706025
                  -90.6768063300323,42.50370069496321
               </coordinates>
            </LineString>
         </Placemark>
         <Placemark>
            <name> </name>
            <Point>
               <coordinates> -90.67813327855082,42.50331065706025 </coordinates>
            </Point>
         </Placemark>
         <Placemark>
            <name> </name>
            <Point>
               <coordinates> -90.6768063300323,42.50370069496321 </coordinates>
            </Point>
         </Placemark>
      </Folder>
      <Folder id="LORAS_AND_WALNUT-ENE-514653664">
         <name> LORAS_AND_WALNUT-ENE-514653664 </name>
         <Placemark>
            <name> trajectory </name>
            <LineString>
               <coordinates>
                  -90.67594392807786,42.503946695260986
                  -90.6747749318838,42.50428476536314
               </coordinates>
            </LineString>
         </Placemark>
         <Placemark>
            <name> </name>
            <Point>
               <coordinates> -90.67594392807786,42.503946695260986 </coordinates>
            </Point>
         </Placemark>
         <Placemark>
            <name> </name>
            <Point>
               <coordinates> -90.6747749318838,42.50428476536314 </coordinates>
            </Point>
         </Placemark>
      </Folder>
      <Folder id="LORAS_AND_WALNUT-NNW--1269291331">
         <name> LORAS_AND_WALNUT-NNW--1269291331 </name>
         <Placemark>
            <name> trajectory </name>
            <LineString>
               <coordinates>
                  -90.67615362882188,42.50254611341767
                  -90.67678580995141,42.50373559863655
               </coordinates>
            </LineString>
         </Placemark>
         <Placemark>
            <name> </name>
            <Point>
               <coordinates> -90.67615362882188,42.50254611341767 </coordinates>
            </Point>
         </Placemark>
         <Placemark>
            <name> </name>
            <Point>
               <coordinates> -90.67678580995141,42.50373559863655 </coordinates>
            </Point>
         </Placemark>
      </Folder>
      <Folder id="LORAS_AND_WALNUT-SSE-1671613267">
         <name> LORAS_AND_WALNUT-SSE-1671613267 </name>
         <Placemark>
            <name> trajectory </name>
            <LineString>
               <coordinates>
                  -90.67685395696614,42.50371591325213
                  -90.6762217745401,42.502526428033235
               </coordinates>
            </LineString>
         </Placemark>
         <Placemark>
            <name> </name>
            <Point>
               <coordinates> -90.67685395696614,42.50371591325213 </coordinates>
            </Point>
         </Placemark>
         <Placemark>
            <name> </name>
            <Point>
               <coordinates> -90.6762217745401,42.502526428033235 </coordinates>
            </Point>
         </Placemark>
      </Folder>
      <Folder id="LORAS_AND_WALNUT-WSW--1231721175">
         <name> LORAS_AND_WALNUT-WSW--1231721175 </name>
         <Placemark>
            <name> trajectory </name>
            <LineString>
               <coordinates>
                  -90.67816069662287,42.50336068650115
                  -90.67900186713476,42.50310680796164
               </coordinates>
            </LineString>
         </Placemark>
         <Placemark>
            <name> </name>
            <Point>
               <coordinates> -90.67816069662287,42.50336068650115 </coordinates>
            </Point>
         </Placemark>
         <Placemark>
            <name> </name>
            <Point>
               <coordinates> -90.67900186713476,42.50310680796164 </coordinates>
            </Point>
         </Placemark>
      </Folder>
      <Folder id="LORAS_AND_WALNUT-WSW--1448832717">
         <name> LORAS_AND_WALNUT-WSW--1448832717 </name>
         <Placemark>
            <name> trajectory </name>
            <LineString>
               <coordinates>
                  -90.67683343647447,42.50375081727758
                  -90.67816038482388,42.50336077937462
               </coordinates>
            </LineString>
         </Placemark>
         <Placemark>
            <name> </name>
            <Point>
               <coordinates> -90.67683343647447,42.50375081727758 </coordinates>
            </Point>
         </Placemark>
         <Placemark>
            <name> </name>
            <Point>
               <coordinates> -90.67816038482388,42.50336077937462 </coordinates>
            </Point>
         </Placemark>
      </Folder>
      <Folder id="LORAS_AND_WALNUT-WSW--443733470">
         <name> LORAS_AND_WALNUT-WSW--443733470 </name>
         <Placemark>
            <name> trajectory </name>
            <LineString>
               <coordinates>
                  -90.67480166046573,42.5043349979209
                  -90.67597065651526,42.50399692781875
               </coordinates>
            </LineString>
         </Placemark>
         <Placemark>
            <name> </name>
            <Point>
               <coordinates> -90.67480166046573,42.5043349979209 </coordinates>
            </Point>
         </Placemark>
         <Placemark>
            <name> </name>
            <Point>
               <coordinates> -90.67597065651526,42.50399692781875 </coordinates>
            </Point>
         </Placemark>
      </Folder>
      <Folder id="LORAS_AND_WALNUT-WSW-938572554">
         <name> LORAS_AND_WALNUT-WSW-938572554 </name>
         <Placemark>
            <name> trajectory </name>
            <LineString>
               <coordinates>
                  -90.67597049808485,42.503996973322735
                  -90.67683308902077,42.503750917893015
               </coordinates>
            </LineString>
         </Placemark>
         <Placemark>
            <name> </name>
            <Point>
               <coordinates> -90.67597049808485,42.503996973322735 </coordinates>
            </Point>
         </Placemark>
         <Placemark>
            <name> </name>
            <Point>
               <coordinates> -90.67683308902077,42.503750917893015 </coordinates>
            </Point>
         </Placemark>
      </Folder>
      <Folder id="MAIN_AND_14TH-ENE--1139277541">
         <name> MAIN_AND_14TH-ENE--1139277541 </name>
         <Placemark>
            <name> trajectory </name>
            <LineString>
               <coordinates>
                  -90.67037117059184,42.50554819626152
                  -90.66980064231974,42.505747871825974
               </coordinates>
            </LineString>
         </Placemark>
         <Placemark>
            <name> </name>
            <Point>
               <coordinates> -90.67037117059184,42.50554819626152 </coordinates>
            </Point>
         </Placemark>
         <Placemark>
            <name> </name>
            <Point>
               <coordinates> -90.66980064231974,42.505747871825974 </coordinates>
            </Point>
         </Placemark>
      </Folder>
      <Folder id="MAIN_AND_14TH-ENE-2133547242">
         <name> MAIN_AND_14TH-ENE-2133547242 </name>
         <Placemark>
            <name> trajectory </name>
            <LineString>
               <coordinates>
                  -90.66926269248972,42.505902451629424
                  -90.66869942854959,42.506064315496516
               </coordinates>
            </LineString>
         </Placemark>
         <Placemark>
            <name> </name>
            <Point>
               <coordinates> -90.66926269248972,42.505902451629424 </coordinates>
            </Point>
         </Placemark>
         <Placemark>
            <name> </name>
            <Point>
               <coordinates> -90.66869942854959,42.506064315496516 </coordinates>
            </Point>
         </Placemark>
      </Folder>
      <Folder id="MAIN_AND_14TH-ENE-633004546">
         <name> MAIN_AND_14TH-ENE-633004546 </name>
         <Placemark>
            <name> trajectory </name>
            <LineString>
               <coordinates>
                  -90.66980304113483,42.50574710838805
                  -90.66926268773193,42.50590245299696
               </coordinates>
            </LineString>
         </Placemark>
         <Placemark>
            <name> </name>
            <Point>
               <coordinates> -90.66980304113483,42.50574710838805 </coordinates>
            </Point>
         </Placemark>
         <Placemark>
            <name> </name>
            <Point>
               <coordinates> -90.66926268773193,42.50590245299696 </coordinates>
            </Point>
         </Placemark>
      </Folder>
      <Folder id="MAIN_AND_14TH-NNW--1331287989">
         <name> MAIN_AND_14TH-NNW--1331287989 </name>
         <Placemark>
            <name> trajectory </name>
            <LineString>
               <coordinates>
                  -90.66935287948527,42.50493022667167
                  -90.66978203247005,42.5057816417884
               </coordinates>
            </LineString>
         </Placemark>
         <Placemark>
            <name> </name>
            <Point>
               <coordinates> -90.66935287948527,42.50493022667167 </coordinates>
            </Point>
         </Placemark>
         <Placemark>
            <name> </name>
            <Point>
               <coordinates> -90.66978203247005,42.5057816417884 </coordinates>
            </Point>
         </Placemark>
      </Folder>
      <Folder id="MAIN_AND_14TH-NNW-1022570875">
         <name> MAIN_AND_14TH-NNW-1022570875 </name>
         <Placemark>
            <name> trajectory </name>
            <LineString>
               <coordinates>
                  -90.66978266270421,42.505782808258324
                  -90.67023584385622,42.506567913206275
               </coordinates>
            </LineString>
         </Placemark>
         <Placemark>
            <name> </name>
            <Point>
               <coordinates> -90.66978266270421,42.505782808258324 </coordinates>
            </Point>
         </Placemark>
         <Placemark>
            <name> </name>
            <Point>
               <coordinates> -90.67023584385622,42.506567913206275 </coordinates>
            </Point>
         </Placemark>
      </Folder>
      <Folder id="MAIN_AND_14TH-NNW-1826722772">
         <name> MAIN_AND_14TH-NNW-1826722772 </name>
         <Placemark>
            <name> trajectory </name>
            <LineString>
               <coordinates>
                  -90.66890903060123,42.50412351300962
                  -90.66935327104125,42.50493096969985
               </coordinates>
            </LineString>
         </Placemark>
         <Placemark>
            <name> </name>
            <Point>
               <coordinates> -90.66890903060123,42.50412351300962 </coordinates>
            </Point>
         </Placemark>
         <Placemark>
            <name> </name>
            <Point>
               <coordinates> -90.66935327104125,42.50493096969985 </coordinates>
            </Point>
         </Placemark>
      </Folder>
      <Folder id="MAIN_AND_14TH-SSE-1178915470">
         <name> MAIN_AND_14TH-SSE-1178915470 </name>
         <Placemark>
            <name> trajectory </name>
            <LineString>
               <coordinates>
                  -90.67030319439819,42.50654678517555
                  -90.66985001240032,42.50576168022761
               </coordinates>
            </LineString>
         </Placemark>
         <Placemark>
            <name> </name>
            <Point>
               <coordinates> -90.67030319439819,42.50654678517555 </coordinates>
            </Point>
         </Placemark>
         <Placemark>
            <name> </name>
            <Point>
               <coordinates> -90.66985001240032,42.50576168022761 </coordinates>
            </Point>
         </Placemark>
      </Folder>
      <Folder id="MAIN_AND_14TH-SSE-1272095732">
         <name> MAIN_AND_14TH-SSE-1272095732 </name>
         <Placemark>
            <name> trajectory </name>
            <LineString>
               <coordinates>
                  -90.66985064264762,42.505762846701835
                  -90.66942148872843,42.50491143158509
               </coordinates>
            </LineString>
         </Placemark>
         <Placemark>
            <name> </name>
            <Point>
               <coordinates> -90.66985064264762,42.505762846701835 </coordinates>
            </Point>
         </Placemark>
         <Placemark>
            <name> </name>
            <Point>
               <coordinates> -90.66942148872843,42.50491143158509 </coordinates>
            </Point>
         </Placemark>
      </Folder>
      <Folder id="MAIN_AND_14TH-SSE-411036738">
         <name> MAIN_AND_14TH-SSE-411036738 </name>
         <Placemark>
            <name> trajectory </name>
            <LineString>
               <coordinates>
                  -90.66942109716423,42.504910688554155
                  -90.6689768558482,42.504103231863915
               </coordinates>
            </LineString>
         </Placemark>
         <Placemark>
            <name> </name>
            <Point>
               <coordinates> -90.66942109716423,42.504910688554155 </coordinates>
            </Point>
         </Placemark>
         <Placemark>
            <name> </name>
            <Point>
               <coordinates> -90.6689768558482,42.504103231863915 </coordinates>
            </Point>
         </Placemark>
      </Folder>
      <Folder id="MAIN_AND_14TH-WSW--755556576">
         <name> MAIN_AND_14TH-WSW--755556576 </name>
         <Placemark>
            <name> trajectory </name>
            <LineString>
               <coordinates>
                  -90.66928928051426,42.50595272491026
                  -90.66982963385107,42.50579738030134
               </coordinates>
            </LineString>
         </Placemark>
         <Placemark>
            <name> </name>
            <Point>
               <coordinates> -90.66928928051426,42.50595272491026 </coordinates>
            </Point>
         </Placemark>
         <Placemark>
            <name> </name>
            <Point>
               <coordinates> -90.66982963385107,42.50579738030134 </coordinates>
            </Point>
         </Placemark>
      </Folder>
      <Folder id="MAIN_AND_14TH-WSW-1347430852">
         <name> MAIN_AND_14TH-WSW-1347430852 </name>
         <Placemark>
            <name> trajectory </name>
            <LineString>
               <coordinates>
                  -90.66872601187592,42.506114590147504
                  -90.66928927574723,42.50595272628041
               </coordinates>
            </LineString>
         </Placemark>
         <Placemark>
            <name> </name>
            <Point>
               <coordinates> -90.66872601187592,42.506114590147504 </coordinates>
            </Point>
         </Placemark>
         <Placemark>
            <name> </name>
            <Point>
               <coordinates> -90.66928927574723,42.50595272628041 </coordinates>
            </Point>
         </Placemark>
      </Folder>
      <Folder id="MAIN_AND_14TH-WSW-1645384283">
         <name> MAIN_AND_14TH-WSW-1645384283 </name>
         <Placemark>
            <name> trajectory </name>
            <LineString>
               <coordinates>
                  -90.66983203266254,42.50579661687818
                  -90.67040256083438,42.50559694131371
               </coordinates>
            </LineString>
         </Placemark>
         <Placemark>
            <name> </name>
            <Point>
               <coordinates> -90.66983203266254,42.50579661687818 </coordinates>
            </Point>
         </Placemark>
         <Placemark>
            <name> </name>
            <Point>
               <coordinates> -90.67040256083438,42.50559694131371 </coordinates>
            </Point>
         </Placemark>
      </Folder>
      <Folder id="MAIN_AND_14TH-WSW-946000331">
         <name> MAIN_AND_14TH-WSW-946000331 </name>
         <Placemark>
            <name> trajectory </name>
            <LineString>
               <coordinates>
                  -90.66825452114999,42.506245095972986
                  -90.66872558409193,42.50611471080964
               </coordinates>
            </LineString>
         </Placemark>
         <Placemark>
            <name> </name>
            <Point>
               <coordinates> -90.66825452114999,42.506245095972986 </coordinates>
            </Point>
         </Placemark>
         <Placemark>
            <name> </name>
            <Point>
               <coordinates> -90.66872558409193,42.50611471080964 </coordinates>
            </Point>
         </Placemark>
      </Folder>
      <Folder id="NW_ARTERIAL_AND_ASBURY-E--110792751">
         <name> NW_ARTERIAL_AND_ASBURY-E--110792751 </name>
         <Placemark>
            <name> trajectory </name>
            <LineString>
               <coordinates>
                  -90.74512048889846,42.51523115916148
                  -90.74497017343155,42.515230786632436
                  -90.74398483412554,42.51523935480032
               </coordinates>
            </LineString>
         </Placemark>
         <Placemark>
            <name> </name>
            <Point>
               <coordinates> -90.74512048889846,42.51523115916148 </coordinates>
            </Point>
         </Placemark>
         <Placemark>
            <name> </name>
            <Point>
               <coordinates> -90.74398483412554,42.51523935480032 </coordinates>
            </Point>
         </Placemark>
      </Folder>
      <Folder id="NW_ARTERIAL_AND_ASBURY-E--1260129465">
         <name> NW_ARTERIAL_AND_ASBURY-E--1260129465 </name>
         <Placemark>
            <name> trajectory </name>
            <LineString>
               <coordinates>
                  -90.74106669230129,42.515263009161266
                  -90.74083069515561,42.51526263663222
               </coordinates>
            </LineString>
         </Placemark>
         <Placemark>
            <name> </name>
            <Point>
               <coordinates> -90.74106669230129,42.515263009161266 </coordinates>
            </Point>
         </Placemark>
         <Placemark>
            <name> </name>
            <Point>
               <coordinates> -90.74083069515561,42.51526263663222 </coordinates>
            </Point>
         </Placemark>
      </Folder>
      <Folder id="NW_ARTERIAL_AND_ASBURY-E--703171887">
         <name> NW_ARTERIAL_AND_ASBURY-E--703171887 </name>
         <Placemark>
            <name> trajectory </name>
            <LineString>
               <coordinates>
                  -90.74398463597069,42.51523935662675
                  -90.74267165737552,42.515254071523756
               </coordinates>
            </LineString>
         </Placemark>
         <Placemark>
            <name> </name>
            <Point>
               <coordinates> -90.74398463597069,42.51523935662675 </coordinates>
            </Point>
         </Placemark>
         <Placemark>
            <name> </name>
            <Point>
               <coordinates> -90.74267165737552,42.515254071523756 </coordinates>
            </Point>
         </Placemark>
      </Folder>
      <Folder id="NW_ARTERIAL_AND_ASBURY-E-1187579689">
         <name> NW_ARTERIAL_AND_ASBURY-E-1187579689 </name>
         <Placemark>
            <name> trajectory </name>
            <LineString>
               <coordinates>
                  -90.73783730347756,42.515274743782385
                  -90.7363026701048,42.51527604763401
               </coordinates>
            </LineString>
         </Placemark>
         <Placemark>
            <name> </name>
            <Point>
               <coordinates> -90.73783730347756,42.515274743782385 </coordinates>
            </Point>
         </Placemark>
         <Placemark>
            <name> </name>
            <Point>
               <coordinates> -90.7363026701048,42.51527604763401 </coordinates>
            </Point>
         </Placemark>
      </Folder>
      <Folder id="NW_ARTERIAL_AND_ASBURY-E-1222394546">
         <name> NW_ARTERIAL_AND_ASBURY-E-1222394546 </name>
         <Placemark>
            <name> trajectory </name>
            <LineString>
               <coordinates>
                  -90.74083041532198,42.51526263697926
                  -90.74032638353331,42.51526449962445
                  -90.7382264373451,42.51527399911492
                  -90.73783714450022,42.515274744173
               </coordinates>
            </LineString>
         </Placemark>
         <Placemark>
            <name> </name>
            <Point>
               <coordinates> -90.74083041532198,42.51526263697926 </coordinates>
            </Point>
         </Placemark>
         <Placemark>
            <name> </name>
            <Point>
               <coordinates> -90.73783714450022,42.515274744173 </coordinates>
            </Point>
         </Placemark>
      </Folder>
      <Folder id="NW_ARTERIAL_AND_ASBURY-E-718415056">
         <name> NW_ARTERIAL_AND_ASBURY-E-718415056 </name>
         <Placemark>
            <name> trajectory </name>
            <LineString>
               <coordinates>
                  -90.74267193726621,42.51525406917433
                  -90.74161898393979,42.51525984337443
                  -90.74120119262346,42.515262264813174
                  -90.74106633711165,42.51526300987126
               </coordinates>
            </LineString>
         </Placemark>
         <Placemark>
            <name> </name>
            <Point>
               <coordinates> -90.74267193726621,42.51525406917433 </coordinates>
            </Point>
         </Placemark>
         <Placemark>
            <name> </name>
            <Point>
               <coordinates> -90.74106633711165,42.51526300987126 </coordinates>
            </Point>
         </Placemark>
      </Folder>
      <Folder id="NW_ARTERIAL_AND_ASBURY-N--1525767293">
         <name> NW_ARTERIAL_AND_ASBURY-N--1525767293 </name>
         <Placemark>
            <name> trajectory </name>
            <LineString>
               <coordinates>
                  -90.74076672809049,42.50954372829669
                  -90.74076132641945,42.509791460107074
                  -90.74080044196845,42.51257741851905
                  -90.74083061682055,42.51528961618147
               </coordinates>
            </LineString>
         </Placemark>
         <Placemark>
            <name> </name>
            <Point>
               <coordinates> -90.74076672809049,42.50954372829669 </coordinates>
            </Point>
         </Placemark>
         <Placemark>
            <name> </name>
            <Point>
               <coordinates> -90.74083061682055,42.51528961618147 </coordinates>
            </Point>
         </Placemark>
      </Folder>
      <Folder id="NW_ARTERIAL_AND_ASBURY-N-2068058828">
         <name> NW_ARTERIAL_AND_ASBURY-N-2068058828 </name>
         <Placemark>
            <name> trajectory </name>
            <LineString>
               <coordinates>
                  -90.74083061682055,42.51528961618147
                  -90.74084924327245,42.51657409630509
                  -90.74085445867898,42.51752404535243
                  -90.7408496158015,42.517576758211334
               </coordinates>
            </LineString>
         </Placemark>
         <Placemark>
            <name> </name>
            <Point>
               <coordinates> -90.74083061682055,42.51528961618147 </coordinates>
            </Point>
         </Placemark>
         <Placemark>
            <name> </name>
            <Point>
               <coordinates> -90.7408496158015,42.517576758211334 </coordinates>
            </Point>
         </Placemark>
      </Folder>
      <Folder id="NW_ARTERIAL_AND_ASBURY-N-659013148">
         <name> NW_ARTERIAL_AND_ASBURY-N-659013148 </name>
         <Placemark>
            <name> trajectory </name>
            <LineString>
               <coordinates>
                  -90.7408496158015,42.517576758211334
                  -90.74081999974295,42.51790737773271
                  -90.74077604131645,42.5181385320009
                  -90.74072407351562,42.51830784644875
               </coordinates>
            </LineString>
         </Placemark>
         <Placemark>
            <name> </name>
            <Point>
               <coordinates> -90.7408496158015,42.517576758211334 </coordinates>
            </Point>
         </Placemark>
         <Placemark>
            <name> </name>
            <Point>
               <coordinates> -90.74072407351562,42.51830784644875 </coordinates>
            </Point>
         </Placemark>
      </Folder>
      <Folder id="NW_ARTERIAL_AND_ASBURY-NE--1225840559">
         <name> NW_ARTERIAL_AND_ASBURY-NE--1225840559 </name>
         <Placemark>
            <name> trajectory </name>
            <LineString>
               <coordinates>
                  -90.74072407351562,42.51830784644875
                  -90.74070730970891,42.51836242195284
                  -90.74057971851333,42.518676836461054
                  -90.7404573427243,42.51891898033587
                  -90.74016323104865,42.51934887884592
                  -90.73991810694154,42.51962343274705
                  -90.73966329707943,42.519862037596006
                  -90.73933472646776,42.52012578815503
                  -90.73894748253258,42.52040034205616
                  -90.73854403358423,42.520627771033965
               </coordinates>
            </LineString>
         </Placemark>
         <Placemark>
            <name> </name>
            <Point>
               <coordinates> -90.74072407351562,42.51830784644875 </coordinates>
            </Point>
         </Placemark>
         <Placemark>
            <name> </name>
            <Point>
               <coordinates> -90.73854403358423,42.520627771033965 </coordinates>
            </Point>
         </Placemark>
      </Folder>
      <Folder id="NW_ARTERIAL_AND_ASBURY-S--1063278187">
         <name> NW_ARTERIAL_AND_ASBURY-S--1063278187 </name>
         <Placemark>
            <name> trajectory </name>
            <LineString>
               <coordinates>
                  -90.74106661396623,42.51528998871051
                  -90.74098875539725,42.51256233109301
               </coordinates>
            </LineString>
         </Placemark>
         <Placemark>
            <name> </name>
            <Point>
               <coordinates> -90.74106661396623,42.51528998871051 </coordinates>
            </Point>
         </Placemark>
         <Placemark>
            <name> </name>
            <Point>
               <coordinates> -90.74098875539725,42.51256233109301 </coordinates>
            </Point>
         </Placemark>
      </Folder>
      <Folder id="NW_ARTERIAL_AND_ASBURY-S--618305112">
         <name> NW_ARTERIAL_AND_ASBURY-S--618305112 </name>
         <Placemark>
            <name> trajectory </name>
            <LineString>
               <coordinates>
                  -90.74098875539725,42.51256233109301
                  -90.74097012894534,42.51070080348926
                  -90.7409580217516,42.50954018927083
               </coordinates>
            </LineString>
         </Placemark>
         <Placemark>
            <name> </name>
            <Point>
               <coordinates> -90.74098875539725,42.51256233109301 </coordinates>
            </Point>
         </Placemark>
         <Placemark>
            <name> </name>
            <Point>
               <coordinates> -90.7409580217516,42.50954018927083 </coordinates>
            </Point>
         </Placemark>
      </Folder>
      <Folder id="NW_ARTERIAL_AND_ASBURY-S-1076279454">
         <name> NW_ARTERIAL_AND_ASBURY-S-1076279454 </name>
         <Placemark>
            <name> trajectory </name>
            <LineString>
               <coordinates>
                  -90.74103494899798,42.51779748166645
                  -90.74106661396623,42.51710886173939
                  -90.74106661396623,42.51528998871051
               </coordinates>
            </LineString>
         </Placemark>
         <Placemark>
            <name> </name>
            <Point>
               <coordinates> -90.74103494899798,42.51779748166645 </coordinates>
            </Point>
         </Placemark>
         <Placemark>
            <name> </name>
            <Point>
               <coordinates> -90.74106661396623,42.51528998871051 </coordinates>
            </Point>
         </Placemark>
      </Folder>
      <Folder id="NW_ARTERIAL_AND_ASBURY-S-1520053609">
         <name> NW_ARTERIAL_AND_ASBURY-S-1520053609 </name>
         <Placemark>
            <name> trajectory </name>
            <LineString>
               <coordinates>
                  -90.74094684588046,42.518244516512254
                  -90.74102600830106,42.51798616762429
                  -90.74103494899798,42.51779748166645
               </coordinates>
            </LineString>
         </Placemark>
         <Placemark>
            <name> </name>
            <Point>
               <coordinates> -90.74094684588046,42.518244516512254 </coordinates>
            </Point>
         </Placemark>
         <Placemark>
            <name> </name>
            <Point>
               <coordinates> -90.74103494899798,42.51779748166645 </coordinates>
            </Point>
         </Placemark>
      </Folder>
      <Folder id="NW_ARTERIAL_AND_ASBURY-SW--1500348166">
         <name> NW_ARTERIAL_AND_ASBURY-SW--1500348166 </name>
         <Placemark>
            <name> trajectory </name>
            <LineString>
               <coordinates>
                  -90.73861313772082,42.52074195118417
                  -90.73871111285786,42.5206905421769
                  -90.73952117725136,42.52017570704614
                  -90.74022711977871,42.51954035877154
                  -90.74056127832594,42.51906929580277
                  -90.74070265309594,42.51883404371517
                  -90.74092542546076,42.51831362064884
                  -90.74094684588046,42.518244516512254
               </coordinates>
            </LineString>
         </Placemark>
         <Placemark>
            <name> </name>
            <Point>
               <coordinates> -90.73861313772082,42.52074195118417 </coordinates>
            </Point>
         </Placemark>
         <Placemark>
            <name> </name>
            <Point>
               <coordinates> -90.74094684588046,42.518244516512254 </coordinates>
            </Point>
         </Placemark>
      </Folder>
      <Folder id="NW_ARTERIAL_AND_ASBURY-W--1325918766">
         <name> NW_ARTERIAL_AND_ASBURY-W--1325918766 </name>
         <Placemark>
            <name> trajectory </name>
            <LineString>
               <coordinates>
                  -90.7378375462054,42.51532870258265
                  -90.73822683905028,42.515327957524576
                  -90.74032678523842,42.51531845803411
                  -90.74083081702707,42.51531659538891
               </coordinates>
            </LineString>
         </Placemark>
         <Placemark>
            <name> </name>
            <Point>
               <coordinates> -90.7378375462054,42.51532870258265 </coordinates>
            </Point>
         </Placemark>
         <Placemark>
            <name> </name>
            <Point>
               <coordinates> -90.74083081702707,42.51531659538891 </coordinates>
            </Point>
         </Placemark>
      </Folder>
      <Folder id="NW_ARTERIAL_AND_ASBURY-W-1075626272">
         <name> NW_ARTERIAL_AND_ASBURY-W-1075626272 </name>
         <Placemark>
            <name> trajectory </name>
            <LineString>
               <coordinates>
                  -90.73630275448485,42.51533000682023
                  -90.73783738785761,42.515328702968596
               </coordinates>
            </LineString>
         </Placemark>
         <Placemark>
            <name> </name>
            <Point>
               <coordinates> -90.73630275448485,42.51533000682023 </coordinates>
            </Point>
         </Placemark>
         <Placemark>
            <name> </name>
            <Point>
               <coordinates> -90.73783738785761,42.515328702968596 </coordinates>
            </Point>
         </Placemark>
      </Folder>
      <Folder id="NW_ARTERIAL_AND_ASBURY-W-202532145">
         <name> NW_ARTERIAL_AND_ASBURY-W-202532145 </name>
         <Placemark>
            <name> trajectory </name>
            <LineString>
               <coordinates>
                  -90.74267277029969,42.51530802450977
                  -90.74398574889462,42.515293309612765
               </coordinates>
            </LineString>
         </Placemark>
         <Placemark>
            <name> </name>
            <Point>
               <coordinates> -90.74267277029969,42.51530802450977 </coordinates>
            </Point>
         </Placemark>
         <Placemark>
            <name> </name>
            <Point>
               <coordinates> -90.74398574889462,42.515293309612765 </coordinates>
            </Point>
         </Placemark>
      </Folder>
      <Folder id="NW_ARTERIAL_AND_ASBURY-W-716140292">
         <name> NW_ARTERIAL_AND_ASBURY-W-716140292 </name>
         <Placemark>
            <name> trajectory </name>
            <LineString>
               <coordinates>
                  -90.74083053838352,42.51531659573055
                  -90.74106653552921,42.5153169682596
               </coordinates>
            </LineString>
         </Placemark>
         <Placemark>
            <name> </name>
            <Point>
               <coordinates> -90.74083053838352,42.51531659573055 </coordinates>
            </Point>
         </Placemark>
         <Placemark>
            <name> </name>
            <Point>
               <coordinates> -90.74106653552921,42.5153169682596 </coordinates>
            </Point>
         </Placemark>
      </Folder>
      <Folder id="NW_ARTERIAL_AND_ASBURY-W-977278272">
         <name> NW_ARTERIAL_AND_ASBURY-W-977278272 </name>
         <Placemark>
            <name> trajectory </name>
            <LineString>
               <coordinates>
                  -90.7439855508161,42.51529331143639
                  -90.744970890122,42.51528474326851
                  -90.74512120558892,42.515285115797546
               </coordinates>
            </LineString>
         </Placemark>
         <Placemark>
            <name> </name>
            <Point>
               <coordinates> -90.7439855508161,42.51529331143639 </coordinates>
            </Point>
         </Placemark>
         <Placemark>
            <name> </name>
            <Point>
               <coordinates> -90.74512120558892,42.515285115797546 </coordinates>
            </Point>
         </Placemark>
      </Folder>
      <Folder id="NW_ARTERIAL_AND_ASBURY-W-993821914">
         <name> NW_ARTERIAL_AND_ASBURY-W-993821914 </name>
         <Placemark>
            <name> trajectory </name>
            <LineString>
               <coordinates>
                  -90.74106689012791,42.51531696755363
                  -90.74120174563973,42.51531622249554
                  -90.74161953695604,42.5153138010568
                  -90.7426724902824,42.5153080268567
               </coordinates>
            </LineString>
         </Placemark>
         <Placemark>
            <name> </name>
            <Point>
               <coordinates> -90.74106689012791,42.51531696755363 </coordinates>
            </Point>
         </Placemark>
         <Placemark>
            <name> </name>
            <Point>
               <coordinates> -90.7426724902824,42.5153080268567 </coordinates>
            </Point>
         </Placemark>
      </Folder>
      <Folder id="NW_ARTERIAL_AND_CHAVENELLE-E--1734628464">
         <name> NW_ARTERIAL_AND_CHAVENELLE-E--1734628464 </name>
         <Placemark>
            <name> trajectory </name>
            <LineString>
               <coordinates>
                  -90.74058927701364,42.49721994018124
                  -90.7384233931855,42.49724173312996
               </coordinates>
            </LineString>
         </Placemark>
         <Placemark>
            <name> </name>
            <Point>
               <coordinates> -90.74058927701364,42.49721994018124 </coordinates>
            </Point>
         </Placemark>
         <Placemark>
            <name> </name>
            <Point>
               <coordinates> -90.7384233931855,42.49724173312996 </coordinates>
            </Point>
         </Placemark>
      </Folder>
      <Folder id="NW_ARTERIAL_AND_CHAVENELLE-E-803345816">
         <name> NW_ARTERIAL_AND_CHAVENELLE-E-803345816 </name>
         <Placemark>
            <name> trajectory </name>
            <LineString>
               <coordinates>
                  -90.74074643466528,42.49721937918617
                  -90.74066987994792,42.49721937918617
                  -90.74058959994021,42.49721993797973
               </coordinates>
            </LineString>
         </Placemark>
         <Placemark>
            <name> </name>
            <Point>
               <coordinates> -90.74074643466528,42.49721937918617 </coordinates>
            </Point>
         </Placemark>
         <Placemark>
            <name> </name>
            <Point>
               <coordinates> -90.74058959994021,42.49721993797973 </coordinates>
            </Point>
         </Placemark>
      </Folder>
      <Folder id="NW_ARTERIAL_AND_CHAVENELLE-N-1658623861">
         <name> NW_ARTERIAL_AND_CHAVENELLE-N-1658623861 </name>
         <Placemark>
            <name> trajectory </name>
            <LineString>
               <coordinates>
                  -90.74058977679736,42.497246917275646
                  -90.74062889234638,42.49959273262902
                  -90.74062889234638,42.500051874668564
                  -90.74063466654647,42.500946503153735
               </coordinates>
            </LineString>
         </Placemark>
         <Placemark>
            <name> </name>
            <Point>
               <coordinates> -90.74058977679736,42.497246917275646 </coordinates>
            </Point>
         </Placemark>
         <Placemark>
            <name> </name>
            <Point>
               <coordinates> -90.74063466654647,42.500946503153735 </coordinates>
            </Point>
         </Placemark>
      </Folder>
      <Folder id="NW_ARTERIAL_AND_CHAVENELLE-N-1876155466">
         <name> NW_ARTERIAL_AND_CHAVENELLE-N-1876155466 </name>
         <Placemark>
            <name> trajectory </name>
            <LineString>
               <coordinates>
                  -90.74037072972291,42.49369112760628
                  -90.7404524998468,42.49413928003921
                  -90.7405471222225,42.49525109295363
                  -90.74058269874564,42.496720347480185
                  -90.74058977679736,42.497246917275646
               </coordinates>
            </LineString>
         </Placemark>
         <Placemark>
            <name> </name>
            <Point>
               <coordinates> -90.74037072972291,42.49369112760628 </coordinates>
            </Point>
         </Placemark>
         <Placemark>
            <name> </name>
            <Point>
               <coordinates> -90.74058977679736,42.497246917275646 </coordinates>
            </Point>
         </Placemark>
      </Folder>
      <Folder id="NW_ARTERIAL_AND_CHAVENELLE-NE-1890103782">
         <name> NW_ARTERIAL_AND_CHAVENELLE-NE-1890103782 </name>
         <Placemark>
            <name> trajectory </name>
            <LineString>
               <coordinates>
                  -90.74542983295181,42.493301469917036
                  -90.7454154894217,42.495953131610754
                  -90.74534135598718,42.4963088968422
                  -90.74511653456804,42.49663877130552
                  -90.74492747600371,42.496815536334125
                  -90.744706379953,42.49696734191717
                  -90.74446200085546,42.49707798304151
                  -90.7441976914642,42.497166272423556
                  -90.74387731646483,42.497226808392256
                  -90.74357575420353,42.497237984263414
                  -90.740957806392,42.49722829850841
                  -90.74071920154299,42.49722848477294
               </coordinates>
            </LineString>
         </Placemark>
         <Placemark>
            <name> </name>
            <Point>
               <coordinates> -90.74542983295181,42.493301469917036 </coordinates>
            </Point>
         </Placemark>
         <Placemark>
            <name> </name>
            <Point>
               <coordinates> -90.74071920154299,42.49722848477294 </coordinates>
            </Point>
         </Placemark>
      </Folder>
      <Folder id="NW_ARTERIAL_AND_CHAVENELLE-S--1631162011">
         <name> NW_ARTERIAL_AND_CHAVENELLE-S--1631162011 </name>
         <Placemark>
            <name> trajectory </name>
            <LineString>
               <coordinates>
                  -90.74082596020756,42.50090496616598
                  -90.74079187380057,42.498457822914226
                  -90.74074661152244,42.49724635848209
               </coordinates>
            </LineString>
         </Placemark>
         <Placemark>
            <name> </name>
            <Point>
               <coordinates> -90.74082596020756,42.50090496616598 </coordinates>
            </Point>
         </Placemark>
         <Placemark>
            <name> </name>
            <Point>
               <coordinates> -90.74074661152244,42.49724635848209 </coordinates>
            </Point>
         </Placemark>
      </Folder>
      <Folder id="NW_ARTERIAL_AND_CHAVENELLE-S--336290349">
         <name> NW_ARTERIAL_AND_CHAVENELLE-S--336290349 </name>
         <Placemark>
            <name> trajectory </name>
            <LineString>
               <coordinates>
                  -90.73842389296942,42.497268710224375
                  -90.73842296164683,42.495168764036194
                  -90.73842296164683,42.49446021380559
                  -90.73842780452433,42.493878323447966
               </coordinates>
            </LineString>
         </Placemark>
         <Placemark>
            <name> </name>
            <Point>
               <coordinates> -90.73842389296942,42.497268710224375 </coordinates>
            </Point>
         </Placemark>
         <Placemark>
            <name> </name>
            <Point>
               <coordinates> -90.73842780452433,42.493878323447966 </coordinates>
            </Point>
         </Placemark>
      </Folder>
      <Folder id="NW_ARTERIAL_AND_CHAVENELLE-S--405433553">
         <name> NW_ARTERIAL_AND_CHAVENELLE-S--405433553 </name>
         <Placemark>
            <name> trajectory </name>
            <LineString>
               <coordinates>
                  -90.73831027161279,42.49838313084207
                  -90.73840340387233,42.498268391898314
                  -90.73842389296942,42.497268710224375
               </coordinates>
            </LineString>
         </Placemark>
         <Placemark>
            <name> </name>
            <Point>
               <coordinates> -90.73831027161279,42.49838313084207 </coordinates>
            </Point>
         </Placemark>
         <Placemark>
            <name> </name>
            <Point>
               <coordinates> -90.73842389296942,42.497268710224375 </coordinates>
            </Point>
         </Placemark>
      </Folder>
      <Folder id="NW_ARTERIAL_AND_CHAVENELLE-S-1645045011">
         <name> NW_ARTERIAL_AND_CHAVENELLE-S-1645045011 </name>
         <Placemark>
            <name> trajectory </name>
            <LineString>
               <coordinates>
                  -90.74074661152244,42.49724635848209
                  -90.7407510818709,42.49671103425423
                  -90.7407510818709,42.49500652764007
                  -90.74065459685,42.49395431937175
                  -90.74057394431324,42.49346407115752
                  -90.74032919273516,42.49230438826169
               </coordinates>
            </LineString>
         </Placemark>
         <Placemark>
            <name> </name>
            <Point>
               <coordinates> -90.74074661152244,42.49724635848209 </coordinates>
            </Point>
         </Placemark>
         <Placemark>
            <name> </name>
            <Point>
               <coordinates> -90.74032919273516,42.49230438826169 </coordinates>
            </Point>
         </Placemark>
      </Folder>
      <Folder id="NW_ARTERIAL_AND_CHAVENELLE-SW-625347919">
         <name> NW_ARTERIAL_AND_CHAVENELLE-SW-625347919 </name>
         <Placemark>
            <name> trajectory </name>
            <LineString>
               <coordinates>
                  -90.74077402017116,42.49726423330711
                  -90.74101262502002,42.497264047042584
                  -90.74363057284003,42.49727373279759
                  -90.74393213509153,42.49726255692644
                  -90.74425251003782,42.49720202095772
                  -90.74451681935172,42.49711373157568
                  -90.74476119835225,42.49700309045134
                  -90.74498229426987,42.49685128486829
                  -90.74517135267928,42.49667451983968
                  -90.74539617380923,42.496344645376375
                  -90.74547030693189,42.49598888014492
                  -90.74548464813778,42.49333721845121
               </coordinates>
            </LineString>
         </Placemark>
         <Placemark>
            <name> </name>
            <Point>
               <coordinates> -90.74077402017116,42.49726423330711 </coordinates>
            </Point>
         </Placemark>
         <Placemark>
            <name> </name>
            <Point>
               <coordinates> -90.74548464813778,42.49333721845121 </coordinates>
            </Point>
         </Placemark>
      </Folder>
      <Folder id="NW_ARTERIAL_AND_CHAVENELLE-W--1751935428">
         <name> NW_ARTERIAL_AND_CHAVENELLE-W--1751935428 </name>
         <Placemark>
            <name> trajectory </name>
            <LineString>
               <coordinates>
                  -90.74058995358703,42.4972738965718
                  -90.74067023359474,42.49727333777823
                  -90.7407467883121,42.49727333777823
               </coordinates>
            </LineString>
         </Placemark>
         <Placemark>
            <name> </name>
            <Point>
               <coordinates> -90.74058995358703,42.4972738965718 </coordinates>
            </Point>
         </Placemark>
         <Placemark>
            <name> </name>
            <Point>
               <coordinates> -90.7407467883121,42.49727333777823 </coordinates>
            </Point>
         </Placemark>
      </Folder>
      <Folder id="NW_ARTERIAL_AND_CHAVENELLE-W-25798415">
         <name> NW_ARTERIAL_AND_CHAVENELLE-W-25798415 </name>
         <Placemark>
            <name> trajectory </name>
            <LineString>
               <coordinates>
                  -90.7384243918194,42.49729568732817
                  -90.74059027564716,42.49727389437944
               </coordinates>
            </LineString>
         </Placemark>
         <Placemark>
            <name> </name>
            <Point>
               <coordinates> -90.7384243918194,42.49729568732817 </coordinates>
            </Point>
         </Placemark>
         <Placemark>
            <name> </name>
            <Point>
               <coordinates> -90.74059027564716,42.49727389437944 </coordinates>
            </Point>
         </Placemark>
      </Folder>
      <Folder id="NW_ARTERIAL_AND_HOLIDAY-N--1525767293">
         <name> NW_ARTERIAL_AND_HOLIDAY-N--1525767293 </name>
         <Placemark>
            <name> trajectory </name>
            <LineString>
               <coordinates>
                  -90.74076672809049,42.50954372829669
                  -90.74076132641945,42.509791460107074
                  -90.74080044196845,42.51257741851905
                  -90.74083061682055,42.51528961618147
               </coordinates>
            </LineString>
         </Placemark>
         <Placemark>
            <name> </name>
            <Point>
               <coordinates> -90.74076672809049,42.50954372829669 </coordinates>
            </Point>
         </Placemark>
         <Placemark>
            <name> </name>
            <Point>
               <coordinates> -90.74083061682055,42.51528961618147 </coordinates>
            </Point>
         </Placemark>
      </Folder>
      <Folder id="NW_ARTERIAL_AND_HOLIDAY-N--1979957725">
         <name> NW_ARTERIAL_AND_HOLIDAY-N--1979957725 </name>
         <Placemark>
            <name> trajectory </name>
            <LineString>
               <coordinates>
                  -90.74063466654647,42.500946503153735
                  -90.7406778799149,42.502943072533824
                  -90.74072705374793,42.507120985696936
                  -90.74076672809049,42.50954372829669
               </coordinates>
            </LineString>
         </Placemark>
         <Placemark>
            <name> </name>
            <Point>
               <coordinates> -90.74063466654647,42.500946503153735 </coordinates>
            </Point>
         </Placemark>
         <Placemark>
            <name> </name>
            <Point>
               <coordinates> -90.74076672809049,42.50954372829669 </coordinates>
            </Point>
         </Placemark>
      </Folder>
      <Folder id="NW_ARTERIAL_AND_HOLIDAY-NNW--1591324891">
         <name> NW_ARTERIAL_AND_HOLIDAY-NNW--1591324891 </name>
         <Placemark>
            <name> trajectory </name>
            <LineString>
               <coordinates>
                  -90.74092416799522,42.509550441471674
                  -90.74131550975032,42.50954951014907
                  -90.74206280300947,42.50953367766494
                  -90.74222522565832,42.50955547061368
                  -90.74236213005523,42.50960091915635
                  -90.74244241003834,42.50964636769899
                  -90.74250406355874,42.50971174654519
                  -90.74255491369215,42.50986001310238
                  -90.7425739122993,42.510550123145606
                  -90.74259849813005,42.51255470190001
               </coordinates>
            </LineString>
         </Placemark>
         <Placemark>
            <name> </name>
            <Point>
               <coordinates> -90.74092416799522,42.509550441471674 </coordinates>
            </Point>
         </Placemark>
         <Placemark>
            <name> </name>
            <Point>
               <coordinates> -90.74259849813005,42.51255470190001 </coordinates>
            </Point>
         </Placemark>
      </Folder>
      <Folder id="NW_ARTERIAL_AND_HOLIDAY-S--618305112">
         <name> NW_ARTERIAL_AND_HOLIDAY-S--618305112 </name>
         <Placemark>
            <name> trajectory </name>
            <LineString>
               <coordinates>
                  -90.74098875539725,42.51256233109301
                  -90.74097012894534,42.51070080348926
                  -90.7409580217516,42.50954018927083
               </coordinates>
            </LineString>
         </Placemark>
         <Placemark>
            <name> </name>
            <Point>
               <coordinates> -90.74098875539725,42.51256233109301 </coordinates>
            </Point>
         </Placemark>
         <Placemark>
            <name> </name>
            <Point>
               <coordinates> -90.7409580217516,42.50954018927083 </coordinates>
            </Point>
         </Placemark>
      </Folder>
      <Folder id="NW_ARTERIAL_AND_HOLIDAY-S-1812373454">
         <name> NW_ARTERIAL_AND_HOLIDAY-S-1812373454 </name>
         <Placemark>
            <name> trajectory </name>
            <LineString>
               <coordinates>
                  -90.7409580217516,42.50954018927083
                  -90.74094032662228,42.50834008697436
                  -90.74088835882146,42.505475152406284
                  -90.74082596020756,42.50090496616598
               </coordinates>
            </LineString>
         </Placemark>
         <Placemark>
            <name> </name>
            <Point>
               <coordinates> -90.7409580217516,42.50954018927083 </coordinates>
            </Point>
         </Placemark>
         <Placemark>
            <name> </name>
            <Point>
               <coordinates> -90.74082596020756,42.50090496616598 </coordinates>
            </Point>
         </Placemark>
      </Folder>
      <Folder id="NW_ARTERIAL_AND_HOLIDAY-SSE-1104972244">
         <name> NW_ARTERIAL_AND_HOLIDAY-SSE-1104972244 </name>
         <Placemark>
            <name> trajectory </name>
            <LineString>
               <coordinates>
                  -90.74266620861154,42.512534196995574
                  -90.74264162060922,42.51052961824117
                  -90.74262262125451,42.509839508197956
                  -90.7425717709605,42.50969124164076
                  -90.74251011736925,42.509625862794564
                  -90.74242983733694,42.509580414251914
                  -90.74229293289079,42.50953496570924
                  -90.74213051021835,42.509513172760514
                  -90.74138321697633,42.509529005244644
                  -90.74099187522225,42.50952993656724
               </coordinates>
            </LineString>
         </Placemark>
         <Placemark>
            <name> </name>
            <Point>
               <coordinates> -90.74266620861154,42.512534196995574 </coordinates>
            </Point>
         </Placemark>
         <Placemark>
            <name> </name>
            <Point>
               <coordinates> -90.74099187522225,42.50952993656724 </coordinates>
            </Point>
         </Placemark>
      </Folder>
      <Folder id="NW_ARTERIAL_AND_JFK-ENE--1139301063">
         <name> NW_ARTERIAL_AND_JFK-ENE--1139301063 </name>
         <Placemark>
            <name> trajectory </name>
            <LineString>
               <coordinates>
                  -90.72254447018827,42.5258940277821
                  -90.72199946020542,42.52607563568821
               </coordinates>
            </LineString>
         </Placemark>
         <Placemark>
            <name> </name>
            <Point>
               <coordinates> -90.72254447018827,42.5258940277821 </coordinates>
            </Point>
         </Placemark>
         <Placemark>
            <name> </name>
            <Point>
               <coordinates> -90.72199946020542,42.52607563568821 </coordinates>
            </Point>
         </Placemark>
      </Folder>
      <Folder id="NW_ARTERIAL_AND_JFK-ENE--1531439704">
         <name> NW_ARTERIAL_AND_JFK-ENE--1531439704 </name>
         <Placemark>
            <name> trajectory </name>
            <LineString>
               <coordinates>
                  -90.73854403358423,42.520627771033965
                  -90.73834715198757,42.52070358069324
               </coordinates>
            </LineString>
         </Placemark>
         <Placemark>
            <name> </name>
            <Point>
               <coordinates> -90.73854403358423,42.520627771033965 </coordinates>
            </Point>
         </Placemark>
         <Placemark>
            <name> </name>
            <Point>
               <coordinates> -90.73834715198757,42.52070358069324 </coordinates>
            </Point>
         </Placemark>
      </Folder>
      <Folder id="NW_ARTERIAL_AND_JFK-ENE--1785893243">
         <name> NW_ARTERIAL_AND_JFK-ENE--1785893243 </name>
         <Placemark>
            <name> trajectory </name>
            <LineString>
               <coordinates>
                  -90.73834715198757,42.52070358069324
                  -90.73814337860368,42.52078330190741
                  -90.73718765535625,42.52111578407398
                  -90.72546155882168,42.52494538258639
                  -90.72349106647427,42.525584828680415
               </coordinates>
            </LineString>
         </Placemark>
         <Placemark>
            <name> </name>
            <Point>
               <coordinates> -90.73834715198757,42.52070358069324 </coordinates>
            </Point>
         </Placemark>
         <Placemark>
            <name> </name>
            <Point>
               <coordinates> -90.72349106647427,42.525584828680415 </coordinates>
            </Point>
         </Placemark>
      </Folder>
      <Folder id="NW_ARTERIAL_AND_JFK-ENE--314703232">
         <name> NW_ARTERIAL_AND_JFK-ENE--314703232 </name>
         <Placemark>
            <name> trajectory </name>
            <LineString>
               <coordinates>
                  -90.72199946020542,42.52607563568821
                  -90.72152504447531,42.526267674407386
                  -90.72126017632917,42.52638334467374
                  -90.71552062143805,42.52933545103674
                  -90.7148634802147,42.5296561985386
                  -90.71435125278721,42.52985736421922
                  -90.71375371621,42.530058716164355
                  -90.71312227949028,42.53022225641211
                  -90.71259291572704,42.53034165196885
                  -90.70597829012524,42.531524245400526
                  -90.7052527898234,42.53168778564828
                  -90.70466382141404,42.53184499290239
                  -90.70422852123295,42.5319895341692
                  -90.70345198445287,42.53230413494194
                  -90.7027944707005,42.53263102917293
                  -90.70210324307017,42.53304006605685
                  -90.69941470100167,42.53466261628261
                  -90.69740900466016,42.535845023449774
                  -90.69601779496709,42.5367128298442
                  -90.69572759484636,42.536989618919556
                  -90.69549830322336,42.53727162340145
                  -90.69536158506635,42.53751693377309
                  -90.69527646218113,42.53771195272458
                  -90.69518258486352,42.53817724149325
                  -90.69518258486352,42.53847917627869
                  -90.69519115303139,42.53919610841265
               </coordinates>
            </LineString>
         </Placemark>
         <Placemark>
            <name> </name>
            <Point>
               <coordinates> -90.72199946020542,42.52607563568821 </coordinates>
            </Point>
         </Placemark>
         <Placemark>
            <name> </name>
            <Point>
               <coordinates> -90.69519115303139,42.53919610841265 </coordinates>
            </Point>
         </Placemark>
      </Folder>
      <Folder id="NW_ARTERIAL_AND_JFK-ENE-53475741">
         <name> NW_ARTERIAL_AND_JFK-ENE-53475741 </name>
         <Placemark>
            <name> trajectory </name>
            <LineString>
               <coordinates>
                  -90.72349106647427,42.525584828680415
                  -90.72335695602052,42.52562878710692
                  -90.72254447018827,42.5258940277821
               </coordinates>
            </LineString>
         </Placemark>
         <Placemark>
            <name> </name>
            <Point>
               <coordinates> -90.72349106647427,42.525584828680415 </coordinates>
            </Point>
         </Placemark>
         <Placemark>
            <name> </name>
            <Point>
               <coordinates> -90.72254447018827,42.5258940277821 </coordinates>
            </Point>
         </Placemark>
      </Folder>
      <Folder id="NW_ARTERIAL_AND_JFK-ESE-764029365">
         <name> NW_ARTERIAL_AND_JFK-ESE-764029365 </name>
         <Placemark>
            <name> trajectory </name>
            <LineString>
               <coordinates>
                  -90.72614937341929,42.526920403206184
                  -90.72448994262314,42.526316719899825
                  -90.7238331737888,42.52588458621555
                  -90.72373873764823,42.52579387539475
                  -90.72362660637297,42.525686587031764
               </coordinates>
            </LineString>
         </Placemark>
         <Placemark>
            <name> </name>
            <Point>
               <coordinates> -90.72614937341929,42.526920403206184 </coordinates>
            </Point>
         </Placemark>
         <Placemark>
            <name> </name>
            <Point>
               <coordinates> -90.72362660637297,42.525686587031764 </coordinates>
            </Point>
         </Placemark>
      </Folder>
      <Folder id="NW_ARTERIAL_AND_JFK-N--1198097922">
         <name> NW_ARTERIAL_AND_JFK-N--1198097922 </name>
         <Placemark>
            <name> trajectory </name>
            <LineString>
               <coordinates>
                  -90.72049051842214,42.519161088617366
                  -90.72054062325978,42.519705167277614
               </coordinates>
            </LineString>
         </Placemark>
         <Placemark>
            <name> </name>
            <Point>
               <coordinates> -90.72049051842214,42.519161088617366 </coordinates>
            </Point>
         </Placemark>
         <Placemark>
            <name> </name>
            <Point>
               <coordinates> -90.72054062325978,42.519705167277614 </coordinates>
            </Point>
         </Placemark>
      </Folder>
      <Folder id="NW_ARTERIAL_AND_JFK-N--1364056351">
         <name> NW_ARTERIAL_AND_JFK-N--1364056351 </name>
         <Placemark>
            <name> trajectory </name>
            <LineString>
               <coordinates>
                  -90.72047292950754,42.51821675979534
                  -90.72049043782005,42.519159630790945
               </coordinates>
            </LineString>
         </Placemark>
         <Placemark>
            <name> </name>
            <Point>
               <coordinates> -90.72047292950754,42.51821675979534 </coordinates>
            </Point>
         </Placemark>
         <Placemark>
            <name> </name>
            <Point>
               <coordinates> -90.72049043782005,42.519159630790945 </coordinates>
            </Point>
         </Placemark>
      </Folder>
      <Folder id="NW_ARTERIAL_AND_JFK-N--1391933158">
         <name> NW_ARTERIAL_AND_JFK-N--1391933158 </name>
         <Placemark>
            <name> trajectory </name>
            <LineString>
               <coordinates>
                  -90.72047609375758,42.516243817384726
                  -90.72047292610534,42.518216358641865
               </coordinates>
            </LineString>
         </Placemark>
         <Placemark>
            <name> </name>
            <Point>
               <coordinates> -90.72047609375758,42.516243817384726 </coordinates>
            </Point>
         </Placemark>
         <Placemark>
            <name> </name>
            <Point>
               <coordinates> -90.72047292610534,42.518216358641865 </coordinates>
            </Point>
         </Placemark>
      </Folder>
      <Folder id="NW_ARTERIAL_AND_JFK-N--821564064">
         <name> NW_ARTERIAL_AND_JFK-N--821564064 </name>
         <Placemark>
            <name> trajectory </name>
            <LineString>
               <coordinates>
                  -90.7204682722565,42.515538127147984
                  -90.72047609495283,42.51624406967532
               </coordinates>
            </LineString>
         </Placemark>
         <Placemark>
            <name> </name>
            <Point>
               <coordinates> -90.7204682722565,42.515538127147984 </coordinates>
            </Point>
         </Placemark>
         <Placemark>
            <name> </name>
            <Point>
               <coordinates> -90.72047609495283,42.51624406967532 </coordinates>
            </Point>
         </Placemark>
      </Folder>
      <Folder id="NW_ARTERIAL_AND_JFK-N-1012565014">
         <name> NW_ARTERIAL_AND_JFK-N-1012565014 </name>
         <Placemark>
            <name> trajectory </name>
            <LineString>
               <coordinates>
                  -90.72047404636734,42.514868114353796
                  -90.72046827177506,42.515537735299915
               </coordinates>
            </LineString>
         </Placemark>
         <Placemark>
            <name> </name>
            <Point>
               <coordinates> -90.72047404636734,42.514868114353796 </coordinates>
            </Point>
         </Placemark>
         <Placemark>
            <name> </name>
            <Point>
               <coordinates> -90.72046827177506,42.515537735299915 </coordinates>
            </Point>
         </Placemark>
      </Folder>
      <Folder id="NW_ARTERIAL_AND_JFK-N-1457074542">
         <name> NW_ARTERIAL_AND_JFK-N-1457074542 </name>
         <Placemark>
            <name> trajectory </name>
            <LineString>
               <coordinates>
                  -90.72048485068049,42.5122329338918
                  -90.72048205631523,42.512911681799345
                  -90.72047404579507,42.51486820430783
               </coordinates>
            </LineString>
         </Placemark>
         <Placemark>
            <name> </name>
            <Point>
               <coordinates> -90.72048485068049,42.5122329338918 </coordinates>
            </Point>
         </Placemark>
         <Placemark>
            <name> </name>
            <Point>
               <coordinates> -90.72047404579507,42.51486820430783 </coordinates>
            </Point>
         </Placemark>
      </Folder>
      <Folder id="NW_ARTERIAL_AND_JFK-NE--1225840559">
         <name> NW_ARTERIAL_AND_JFK-NE--1225840559 </name>
         <Placemark>
            <name> trajectory </name>
            <LineString>
               <coordinates>
                  -90.74072407351562,42.51830784644875
                  -90.74070730970891,42.51836242195284
                  -90.74057971851333,42.518676836461054
                  -90.7404573427243,42.51891898033587
                  -90.74016323104865,42.51934887884592
                  -90.73991810694154,42.51962343274705
                  -90.73966329707943,42.519862037596006
                  -90.73933472646776,42.52012578815503
                  -90.73894748253258,42.52040034205616
                  -90.73854403358423,42.520627771033965
               </coordinates>
            </LineString>
         </Placemark>
         <Placemark>
            <name> </name>
            <Point>
               <coordinates> -90.74072407351562,42.51830784644875 </coordinates>
            </Point>
         </Placemark>
         <Placemark>
            <name> </name>
            <Point>
               <coordinates> -90.73854403358423,42.520627771033965 </coordinates>
            </Point>
         </Placemark>
      </Folder>
      <Folder id="NW_ARTERIAL_AND_JFK-NNW--1124207300">
         <name> NW_ARTERIAL_AND_JFK-NNW--1124207300 </name>
         <Placemark>
            <name> trajectory </name>
            <LineString>
               <coordinates>
                  -90.72161078087913,42.52229301079013
                  -90.72302825239328,42.52501768817533
                  -90.72345721926791,42.5255951081845
               </coordinates>
            </LineString>
         </Placemark>
         <Placemark>
            <name> </name>
            <Point>
               <coordinates> -90.72161078087913,42.52229301079013 </coordinates>
            </Point>
         </Placemark>
         <Placemark>
            <name> </name>
            <Point>
               <coordinates> -90.72345721926791,42.5255951081845 </coordinates>
            </Point>
         </Placemark>
      </Folder>
      <Folder id="NW_ARTERIAL_AND_JFK-NNW--1270732394">
         <name> NW_ARTERIAL_AND_JFK-NNW--1270732394 </name>
         <Placemark>
            <name> trajectory </name>
            <LineString>
               <coordinates>
                  -90.72054197833342,42.519710830802886
                  -90.72067795118453,42.52015116012601
                  -90.72138184384448,42.52185268650786
               </coordinates>
            </LineString>
         </Placemark>
         <Placemark>
            <name> </name>
            <Point>
               <coordinates> -90.72054197833342,42.519710830802886 </coordinates>
            </Point>
         </Placemark>
         <Placemark>
            <name> </name>
            <Point>
               <coordinates> -90.72138184384448,42.52185268650786 </coordinates>
            </Point>
         </Placemark>
      </Folder>
      <Folder id="NW_ARTERIAL_AND_JFK-NNW--218552610">
         <name> NW_ARTERIAL_AND_JFK-NNW--218552610 </name>
         <Placemark>
            <name> trajectory </name>
            <LineString>
               <coordinates>
                  -90.72138283088101,42.52185485459523
                  -90.72161044588397,42.52229238995057
               </coordinates>
            </LineString>
         </Placemark>
         <Placemark>
            <name> </name>
            <Point>
               <coordinates> -90.72138283088101,42.52185485459523 </coordinates>
            </Point>
         </Placemark>
         <Placemark>
            <name> </name>
            <Point>
               <coordinates> -90.72161044588397,42.52229238995057 </coordinates>
            </Point>
         </Placemark>
      </Folder>
      <Folder id="NW_ARTERIAL_AND_JFK-NW-181650290">
         <name> NW_ARTERIAL_AND_JFK-NW-181650290 </name>
         <Placemark>
            <name> trajectory </name>
            <LineString>
               <coordinates>
                  -90.72346084932619,42.525600059497584
                  -90.72357614700339,42.52572429793182
               </coordinates>
            </LineString>
         </Placemark>
         <Placemark>
            <name> </name>
            <Point>
               <coordinates> -90.72346084932619,42.525600059497584 </coordinates>
            </Point>
         </Placemark>
         <Placemark>
            <name> </name>
            <Point>
               <coordinates> -90.72357614700339,42.52572429793182 </coordinates>
            </Point>
         </Placemark>
      </Folder>
      <Folder id="NW_ARTERIAL_AND_JFK-S--302340694">
         <name> NW_ARTERIAL_AND_JFK-S--302340694 </name>
         <Placemark>
            <name> trajectory </name>
            <LineString>
               <coordinates>
                  -90.72054147563368,42.515538078261095
                  -90.72054724944158,42.51486845731499
               </coordinates>
            </LineString>
         </Placemark>
         <Placemark>
            <name> </name>
            <Point>
               <coordinates> -90.72054147563368,42.515538078261095 </coordinates>
            </Point>
         </Placemark>
         <Placemark>
            <name> </name>
            <Point>
               <coordinates> -90.72054724944158,42.51486845731499 </coordinates>
            </Point>
         </Placemark>
      </Folder>
      <Folder id="NW_ARTERIAL_AND_JFK-S--601292793">
         <name> NW_ARTERIAL_AND_JFK-S--601292793 </name>
         <Placemark>
            <name> trajectory </name>
            <LineString>
               <coordinates>
                  -90.72054613452922,42.51821642248725
                  -90.7205492998706,42.51624388123012
               </coordinates>
            </LineString>
         </Placemark>
         <Placemark>
            <name> </name>
            <Point>
               <coordinates> -90.72054613452922,42.51821642248725 </coordinates>
            </Point>
         </Placemark>
         <Placemark>
            <name> </name>
            <Point>
               <coordinates> -90.7205492998706,42.51624388123012 </coordinates>
            </Point>
         </Placemark>
      </Folder>
      <Folder id="NW_ARTERIAL_AND_JFK-S--649101846">
         <name> NW_ARTERIAL_AND_JFK-S--649101846 </name>
         <Placemark>
            <name> trajectory </name>
            <LineString>
               <coordinates>
                  -90.72056364054352,42.519158892322814
                  -90.72054613112645,42.518216021327206
               </coordinates>
            </LineString>
         </Placemark>
         <Placemark>
            <name> </name>
            <Point>
               <coordinates> -90.72056364054352,42.519158892322814 </coordinates>
            </Point>
         </Placemark>
         <Placemark>
            <name> </name>
            <Point>
               <coordinates> -90.72054613112645,42.518216021327206 </coordinates>
            </Point>
         </Placemark>
      </Folder>
      <Folder id="NW_ARTERIAL_AND_JFK-S-1389480161">
         <name> NW_ARTERIAL_AND_JFK-S-1389480161 </name>
         <Placemark>
            <name> trajectory </name>
            <LineString>
               <coordinates>
                  -90.72054725001375,42.51486836736255
                  -90.72055525824224,42.51291184485407
                  -90.72055805181252,42.512233096946524
               </coordinates>
            </LineString>
         </Placemark>
         <Placemark>
            <name> </name>
            <Point>
               <coordinates> -90.72054725001375,42.51486836736255 </coordinates>
            </Point>
         </Placemark>
         <Placemark>
            <name> </name>
            <Point>
               <coordinates> -90.72055805181252,42.512233096946524 </coordinates>
            </Point>
         </Placemark>
      </Folder>
      <Folder id="NW_ARTERIAL_AND_JFK-S-152314758">
         <name> NW_ARTERIAL_AND_JFK-S-152314758 </name>
         <Placemark>
            <name> trajectory </name>
            <LineString>
               <coordinates>
                  -90.72061366541197,42.51970151314635
                  -90.72056355993836,42.519157434486104
               </coordinates>
            </LineString>
         </Placemark>
         <Placemark>
            <name> </name>
            <Point>
               <coordinates> -90.72061366541197,42.51970151314635 </coordinates>
            </Point>
         </Placemark>
         <Placemark>
            <name> </name>
            <Point>
               <coordinates> -90.72056355993836,42.519157434486104 </coordinates>
            </Point>
         </Placemark>
      </Folder>
      <Folder id="NW_ARTERIAL_AND_JFK-S-1830823528">
         <name> NW_ARTERIAL_AND_JFK-S-1830823528 </name>
         <Placemark>
            <name> trajectory </name>
            <LineString>
               <coordinates>
                  -90.72054929867502,42.51624362893604
                  -90.72054147515176,42.515537686408706
               </coordinates>
            </LineString>
         </Placemark>
         <Placemark>
            <name> </name>
            <Point>
               <coordinates> -90.72054929867502,42.51624362893604 </coordinates>
            </Point>
         </Placemark>
         <Placemark>
            <name> </name>
            <Point>
               <coordinates> -90.72054147515176,42.515537686408706 </coordinates>
            </Point>
         </Placemark>
      </Folder>
      <Folder id="NW_ARTERIAL_AND_JFK-SE-980144568">
         <name> NW_ARTERIAL_AND_JFK-SE-980144568 </name>
         <Placemark>
            <name> trajectory </name>
            <LineString>
               <coordinates>
                  -90.72363658137692,42.52569383625925
                  -90.72352128357952,42.52556959782502
               </coordinates>
            </LineString>
         </Placemark>
         <Placemark>
            <name> </name>
            <Point>
               <coordinates> -90.72363658137692,42.52569383625925 </coordinates>
            </Point>
         </Placemark>
         <Placemark>
            <name> </name>
            <Point>
               <coordinates> -90.72352128357952,42.52556959782502 </coordinates>
            </Point>
         </Placemark>
      </Folder>
      <Folder id="NW_ARTERIAL_AND_JFK-SSE--1812544610">
         <name> NW_ARTERIAL_AND_JFK-SSE--1812544610 </name>
         <Placemark>
            <name> trajectory </name>
            <LineString>
               <coordinates>
                  -90.72167880666339,42.52227307254373
                  -90.72145119118173,42.5218355371884
               </coordinates>
            </LineString>
         </Placemark>
         <Placemark>
            <name> </name>
            <Point>
               <coordinates> -90.72167880666339,42.52227307254373 </coordinates>
            </Point>
         </Placemark>
         <Placemark>
            <name> </name>
            <Point>
               <coordinates> -90.72145119118173,42.5218355371884 </coordinates>
            </Point>
         </Placemark>
      </Folder>
      <Folder id="NW_ARTERIAL_AND_JFK-SSE--493390052">
         <name> NW_ARTERIAL_AND_JFK-SSE--493390052 </name>
         <Placemark>
            <name> trajectory </name>
            <LineString>
               <coordinates>
                  -90.72352491336568,42.525574548623034
                  -90.72309594586537,42.524997128613876
                  -90.72167847139904,42.52227245122867
               </coordinates>
            </LineString>
         </Placemark>
         <Placemark>
            <name> </name>
            <Point>
               <coordinates> -90.72352491336568,42.525574548623034 </coordinates>
            </Point>
         </Placemark>
         <Placemark>
            <name> </name>
            <Point>
               <coordinates> -90.72167847139904,42.52227245122867 </coordinates>
            </Point>
         </Placemark>
      </Folder>
      <Folder id="NW_ARTERIAL_AND_JFK-SSE-1440110278">
         <name> NW_ARTERIAL_AND_JFK-SSE-1440110278 </name>
         <Placemark>
            <name> trajectory </name>
            <LineString>
               <coordinates>
                  -90.72145217815489,42.521837705086035
                  -90.72074828357958,42.520136178704185
                  -90.72061231023282,42.519695849381065
               </coordinates>
            </LineString>
         </Placemark>
         <Placemark>
            <name> </name>
            <Point>
               <coordinates> -90.72145217815489,42.521837705086035 </coordinates>
            </Point>
         </Placemark>
         <Placemark>
            <name> </name>
            <Point>
               <coordinates> -90.72061231023282,42.519695849381065 </coordinates>
            </Point>
         </Placemark>
      </Folder>
      <Folder id="NW_ARTERIAL_AND_JFK-WNW-1306410690">
         <name> NW_ARTERIAL_AND_JFK-WNW-1306410690 </name>
         <Placemark>
            <name> trajectory </name>
            <LineString>
               <coordinates>
                  -90.7235861211278,42.52573154674999
                  -90.72369825233352,42.52583883511297
                  -90.72379268841532,42.52592954593377
                  -90.72444945696958,42.52636167961804
                  -90.72610888737448,42.526965362924415
               </coordinates>
            </LineString>
         </Placemark>
         <Placemark>
            <name> </name>
            <Point>
               <coordinates> -90.7235861211278,42.52573154674999 </coordinates>
            </Point>
         </Placemark>
         <Placemark>
            <name> </name>
            <Point>
               <coordinates> -90.72610888737448,42.526965362924415 </coordinates>
            </Point>
         </Placemark>
      </Folder>
      <Folder id="NW_ARTERIAL_AND_JFK-WSW--1447422580">
         <name> NW_ARTERIAL_AND_JFK-WSW--1447422580 </name>
         <Placemark>
            <name> trajectory </name>
            <LineString>
               <coordinates>
                  -90.7221222085235,42.52618180646409
                  -90.72265343493194,42.52601435466143
               </coordinates>
            </LineString>
         </Placemark>
         <Placemark>
            <name> </name>
            <Point>
               <coordinates> -90.7221222085235,42.52618180646409 </coordinates>
            </Point>
         </Placemark>
         <Placemark>
            <name> </name>
            <Point>
               <coordinates> -90.72265343493194,42.52601435466143 </coordinates>
            </Point>
         </Placemark>
      </Folder>
      <Folder id="NW_ARTERIAL_AND_JFK-WSW-1482141744">
         <name> NW_ARTERIAL_AND_JFK-WSW-1482141744 </name>
         <Placemark>
            <name> trajectory </name>
            <LineString>
               <coordinates>
                  -90.72360636421158,42.52570906711465
                  -90.72577485574278,42.52498375307732
                  -90.72955714306735,42.523773592496816
                  -90.73507765088404,42.52193367157728
                  -90.73800535659504,42.52098074229764
                  -90.73841048192405,42.52083284826948
               </coordinates>
            </LineString>
         </Placemark>
         <Placemark>
            <name> </name>
            <Point>
               <coordinates> -90.72360636421158,42.52570906711465 </coordinates>
            </Point>
         </Placemark>
         <Placemark>
            <name> </name>
            <Point>
               <coordinates> -90.73841048192405,42.52083284826948 </coordinates>
            </Point>
         </Placemark>
      </Folder>
      <Folder id="NW_ARTERIAL_AND_JFK-WSW-199043087">
         <name> NW_ARTERIAL_AND_JFK-WSW-199043087 </name>
         <Placemark>
            <name> trajectory </name>
            <LineString>
               <coordinates>
                  -90.72265343493194,42.52601435466143
                  -90.72344952948652,42.5257593585348
                  -90.72360636421158,42.52570906711465
               </coordinates>
            </LineString>
         </Placemark>
         <Placemark>
            <name> </name>
            <Point>
               <coordinates> -90.72265343493194,42.52601435466143 </coordinates>
            </Point>
         </Placemark>
         <Placemark>
            <name> </name>
            <Point>
               <coordinates> -90.72360636421158,42.52570906711465 </coordinates>
            </Point>
         </Placemark>
      </Folder>
      <Folder id="NW_ARTERIAL_AND_JFK-WSW-929520473">
         <name> NW_ARTERIAL_AND_JFK-WSW-929520473 </name>
         <Placemark>
            <name> trajectory </name>
            <LineString>
               <coordinates>
                  -90.69537779007952,42.539197971057845
                  -90.69535543833723,42.53890777093711
                  -90.69537779007952,42.53804275851047
                  -90.69548172568116,42.53765942613019
                  -90.69570468431051,42.537259702472234
                  -90.69584587281598,42.53708461382429
                  -90.69621728426704,42.53674523987052
                  -90.69661849804115,42.536493223976194
                  -90.70154482204195,42.53355322480693
                  -90.70233998527392,42.533054967218376
                  -90.70311279676362,42.53263885228274
                  -90.70362539672014,42.532387022652934
                  -90.70445762659142,42.53205845204126
                  -90.70493315990865,42.53189956840648
                  -90.70549046334976,42.53176285024947
                  -90.70667175292981,42.53153821523946
                  -90.71156063776226,42.5306730165483
                  -90.71353746310332,42.530268077483804
                  -90.71417635040379,42.53007622502915
                  -90.7147707204842,42.52984097294154
                  -90.71540979404918,42.529550772820805
                  -90.72141347202837,42.52646772250088
                  -90.7221222085235,42.52618180646409
               </coordinates>
            </LineString>
         </Placemark>
         <Placemark>
            <name> </name>
            <Point>
               <coordinates> -90.69537779007952,42.539197971057845 </coordinates>
            </Point>
         </Placemark>
         <Placemark>
            <name> </name>
            <Point>
               <coordinates> -90.7221222085235,42.52618180646409 </coordinates>
            </Point>
         </Placemark>
      </Folder>
      <Folder id="NW_ARTERIAL_AND_PENN-E--1598456787">
         <name> NW_ARTERIAL_AND_PENN-E--1598456787 </name>
         <Placemark>
            <name> trajectory </name>
            <LineString>
               <coordinates>
                  -90.74773404333864,42.50054979067767
                  -90.74367608452553,42.50058797490408
               </coordinates>
            </LineString>
         </Placemark>
         <Placemark>
            <name> </name>
            <Point>
               <coordinates> -90.74773404333864,42.50054979067767 </coordinates>
            </Point>
         </Placemark>
         <Placemark>
            <name> </name>
            <Point>
               <coordinates> -90.74367608452553,42.50058797490408 </coordinates>
            </Point>
         </Placemark>
      </Folder>
      <Folder id="NW_ARTERIAL_AND_PENN-E-687318245">
         <name> NW_ARTERIAL_AND_PENN-E-687318245 </name>
         <Placemark>
            <name> trajectory </name>
            <LineString>
               <coordinates>
                  -90.74367154948546,42.50058822602425
                  -90.74237403084285,42.50062119484413
                  -90.74104521974704,42.50082943857647
                  -90.74082095726214,42.50087823988047
               </coordinates>
            </LineString>
         </Placemark>
         <Placemark>
            <name> </name>
            <Point>
               <coordinates> -90.74367154948546,42.50058822602425 </coordinates>
            </Point>
         </Placemark>
         <Placemark>
            <name> </name>
            <Point>
               <coordinates> -90.74082095726214,42.50087823988047 </coordinates>
            </Point>
         </Placemark>
      </Folder>
      <Folder id="NW_ARTERIAL_AND_PENN-ENE--1052606360">
         <name> NW_ARTERIAL_AND_PENN-ENE--1052606360 </name>
         <Placemark>
            <name> trajectory </name>
            <LineString>
               <coordinates>
                  -90.7376129335325,42.50157271912431
                  -90.73711411713677,42.50167479208077
                  -90.73685930726835,42.50172210326861
                  -90.73665832785018,42.50173756322371
               </coordinates>
            </LineString>
         </Placemark>
         <Placemark>
            <name> </name>
            <Point>
               <coordinates> -90.7376129335325,42.50157271912431 </coordinates>
            </Point>
         </Placemark>
         <Placemark>
            <name> </name>
            <Point>
               <coordinates> -90.73665832785018,42.50173756322371 </coordinates>
            </Point>
         </Placemark>
      </Folder>
      <Folder id="NW_ARTERIAL_AND_PENN-ENE--246426510">
         <name> NW_ARTERIAL_AND_PENN-ENE--246426510 </name>
         <Placemark>
            <name> trajectory </name>
            <LineString>
               <coordinates>
                  -90.74062429422139,42.50092062999654
                  -90.73853254359643,42.50137641927475
               </coordinates>
            </LineString>
         </Placemark>
         <Placemark>
            <name> </name>
            <Point>
               <coordinates> -90.74062429422139,42.50092062999654 </coordinates>
            </Point>
         </Placemark>
         <Placemark>
            <name> </name>
            <Point>
               <coordinates> -90.73853254359643,42.50137641927475 </coordinates>
            </Point>
         </Placemark>
      </Folder>
      <Folder id="NW_ARTERIAL_AND_PENN-ENE-1512468912">
         <name> NW_ARTERIAL_AND_PENN-ENE-1512468912 </name>
         <Placemark>
            <name> trajectory </name>
            <LineString>
               <coordinates>
                  -90.73853274034288,42.5013763768436
                  -90.73761110347043,42.501573072175766
               </coordinates>
            </LineString>
         </Placemark>
         <Placemark>
            <name> </name>
            <Point>
               <coordinates> -90.73853274034288,42.5013763768436 </coordinates>
            </Point>
         </Placemark>
         <Placemark>
            <name> </name>
            <Point>
               <coordinates> -90.73761110347043,42.501573072175766 </coordinates>
            </Point>
         </Placemark>
      </Folder>
      <Folder id="NW_ARTERIAL_AND_PENN-ENE-1943926422">
         <name> NW_ARTERIAL_AND_PENN-ENE-1943926422 </name>
         <Placemark>
            <name> trajectory </name>
            <LineString>
               <coordinates>
                  -90.74081562165625,42.50087908566369
                  -90.7406243279883,42.500920622651435
               </coordinates>
            </LineString>
         </Placemark>
         <Placemark>
            <name> </name>
            <Point>
               <coordinates> -90.74081562165625,42.50087908566369 </coordinates>
            </Point>
         </Placemark>
         <Placemark>
            <name> </name>
            <Point>
               <coordinates> -90.7406243279883,42.500920622651435 </coordinates>
            </Point>
         </Placemark>
      </Folder>
      <Folder id="NW_ARTERIAL_AND_PENN-N--1979957725">
         <name> NW_ARTERIAL_AND_PENN-N--1979957725 </name>
         <Placemark>
            <name> trajectory </name>
            <LineString>
               <coordinates>
                  -90.74063466654647,42.500946503153735
                  -90.7406778799149,42.502943072533824
                  -90.74072705374793,42.507120985696936
                  -90.74076672809049,42.50954372829669
               </coordinates>
            </LineString>
         </Placemark>
         <Placemark>
            <name> </name>
            <Point>
               <coordinates> -90.74063466654647,42.500946503153735 </coordinates>
            </Point>
         </Placemark>
         <Placemark>
            <name> </name>
            <Point>
               <coordinates> -90.74076672809049,42.50954372829669 </coordinates>
            </Point>
         </Placemark>
      </Folder>
      <Folder id="NW_ARTERIAL_AND_PENN-N-1658623861">
         <name> NW_ARTERIAL_AND_PENN-N-1658623861 </name>
         <Placemark>
            <name> trajectory </name>
            <LineString>
               <coordinates>
                  -90.74058977679736,42.497246917275646
                  -90.74062889234638,42.49959273262902
                  -90.74062889234638,42.500051874668564
                  -90.74063466654647,42.500946503153735
               </coordinates>
            </LineString>
         </Placemark>
         <Placemark>
            <name> </name>
            <Point>
               <coordinates> -90.74058977679736,42.497246917275646 </coordinates>
            </Point>
         </Placemark>
         <Placemark>
            <name> </name>
            <Point>
               <coordinates> -90.74063466654647,42.500946503153735 </coordinates>
            </Point>
         </Placemark>
      </Folder>
      <Folder id="NW_ARTERIAL_AND_PENN-S--1631162011">
         <name> NW_ARTERIAL_AND_PENN-S--1631162011 </name>
         <Placemark>
            <name> trajectory </name>
            <LineString>
               <coordinates>
                  -90.74082596020756,42.50090496616598
                  -90.74079187380057,42.498457822914226
                  -90.74074661152244,42.49724635848209
               </coordinates>
            </LineString>
         </Placemark>
         <Placemark>
            <name> </name>
            <Point>
               <coordinates> -90.74082596020756,42.50090496616598 </coordinates>
            </Point>
         </Placemark>
         <Placemark>
            <name> </name>
            <Point>
               <coordinates> -90.74074661152244,42.49724635848209 </coordinates>
            </Point>
         </Placemark>
      </Folder>
      <Folder id="NW_ARTERIAL_AND_PENN-S-1812373454">
         <name> NW_ARTERIAL_AND_PENN-S-1812373454 </name>
         <Placemark>
            <name> trajectory </name>
            <LineString>
               <coordinates>
                  -90.7409580217516,42.50954018927083
                  -90.74094032662228,42.50834008697436
                  -90.74088835882146,42.505475152406284
                  -90.74082596020756,42.50090496616598
               </coordinates>
            </LineString>
         </Placemark>
         <Placemark>
            <name> </name>
            <Point>
               <coordinates> -90.7409580217516,42.50954018927083 </coordinates>
            </Point>
         </Placemark>
         <Placemark>
            <name> </name>
            <Point>
               <coordinates> -90.74082596020756,42.50090496616598 </coordinates>
            </Point>
         </Placemark>
      </Folder>
      <Folder id="NW_ARTERIAL_AND_PENN-W--1302319699">
         <name> NW_ARTERIAL_AND_PENN-W--1302319699 </name>
         <Placemark>
            <name> trajectory </name>
            <LineString>
               <coordinates>
                  -90.7357080818555,42.501713537440814
                  -90.73610203130957,42.50177332835145
                  -90.73634454771235,42.50178990589364
                  -90.7366626875109,42.501790650951726
               </coordinates>
            </LineString>
         </Placemark>
         <Placemark>
            <name> </name>
            <Point>
               <coordinates> -90.7357080818555,42.501713537440814 </coordinates>
            </Point>
         </Placemark>
         <Placemark>
            <name> </name>
            <Point>
               <coordinates> -90.7366626875109,42.501790650951726 </coordinates>
            </Point>
         </Placemark>
      </Folder>
      <Folder id="NW_ARTERIAL_AND_PENN-W--1348394500">
         <name> NW_ARTERIAL_AND_PENN-W--1348394500 </name>
         <Placemark>
            <name> trajectory </name>
            <LineString>
               <coordinates>
                  -90.74083096193877,42.50093169257524
                  -90.74105522441585,42.50088289127124
                  -90.74238403547835,42.50067464753891
                  -90.74368155411568,42.50064167871902
               </coordinates>
            </LineString>
         </Placemark>
         <Placemark>
            <name> </name>
            <Point>
               <coordinates> -90.74083096193877,42.50093169257524 </coordinates>
            </Point>
         </Placemark>
         <Placemark>
            <name> </name>
            <Point>
               <coordinates> -90.74368155411568,42.50064167871902 </coordinates>
            </Point>
         </Placemark>
      </Folder>
      <Folder id="NW_ARTERIAL_AND_PENN-W-1109081541">
         <name> NW_ARTERIAL_AND_PENN-W-1109081541 </name>
         <Placemark>
            <name> trajectory </name>
            <LineString>
               <coordinates>
                  -90.74367701853937,42.50064192973191
                  -90.74773497735191,42.5006037455055
               </coordinates>
            </LineString>
         </Placemark>
         <Placemark>
            <name> </name>
            <Point>
               <coordinates> -90.74367701853937,42.50064192973191 </coordinates>
            </Point>
         </Placemark>
         <Placemark>
            <name> </name>
            <Point>
               <coordinates> -90.74773497735191,42.5006037455055 </coordinates>
            </Point>
         </Placemark>
      </Folder>
      <Folder id="NW_ARTERIAL_AND_PENN-WSW--1816386624">
         <name> NW_ARTERIAL_AND_PENN-WSW--1816386624 </name>
         <Placemark>
            <name> trajectory </name>
            <LineString>
               <coordinates>
                  -90.73763145446937,42.50162490343306
                  -90.73855309127781,42.5014282081009
               </coordinates>
            </LineString>
         </Placemark>
         <Placemark>
            <name> </name>
            <Point>
               <coordinates> -90.73763145446937,42.50162490343306 </coordinates>
            </Point>
         </Placemark>
         <Placemark>
            <name> </name>
            <Point>
               <coordinates> -90.73855309127781,42.5014282081009 </coordinates>
            </Point>
         </Placemark>
      </Folder>
      <Folder id="NW_ARTERIAL_AND_PENN-WSW-1103583746">
         <name> NW_ARTERIAL_AND_PENN-WSW-1103583746 </name>
         <Placemark>
            <name> trajectory </name>
            <LineString>
               <coordinates>
                  -90.73855328754082,42.5014281657768
                  -90.74064503801456,42.5009723764986
               </coordinates>
            </LineString>
         </Placemark>
         <Placemark>
            <name> </name>
            <Point>
               <coordinates> -90.73855328754082,42.5014281657768 </coordinates>
            </Point>
         </Placemark>
         <Placemark>
            <name> </name>
            <Point>
               <coordinates> -90.74064503801456,42.5009723764986 </coordinates>
            </Point>
         </Placemark>
      </Folder>
      <Folder id="NW_ARTERIAL_AND_PENN-WSW-114666120">
         <name> NW_ARTERIAL_AND_PENN-WSW-114666120 </name>
         <Placemark>
            <name> trajectory </name>
            <LineString>
               <coordinates>
                  -90.74064500503401,42.500972383672284
                  -90.74083629868825,42.50093084668454
               </coordinates>
            </LineString>
         </Placemark>
         <Placemark>
            <name> </name>
            <Point>
               <coordinates> -90.74064500503401,42.500972383672284 </coordinates>
            </Point>
         </Placemark>
         <Placemark>
            <name> </name>
            <Point>
               <coordinates> -90.74083629868825,42.50093084668454 </coordinates>
            </Point>
         </Placemark>
      </Folder>
      <Folder id="NW_ARTERIAL_AND_PENN-WSW-89866514">
         <name> NW_ARTERIAL_AND_PENN-WSW-89866514 </name>
         <Placemark>
            <name> trajectory </name>
            <LineString>
               <coordinates>
                  -90.73667501874849,42.501790100571924
                  -90.73687599816252,42.50177464061684
                  -90.73713080801832,42.50172732942899
                  -90.73762962438681,42.50162525647253
               </coordinates>
            </LineString>
         </Placemark>
         <Placemark>
            <name> </name>
            <Point>
               <coordinates> -90.73667501874849,42.501790100571924 </coordinates>
            </Point>
         </Placemark>
         <Placemark>
            <name> </name>
            <Point>
               <coordinates> -90.73762962438681,42.50162525647253 </coordinates>
            </Point>
         </Placemark>
      </Folder>
      <Folder id="NW_ARTERIAL_AND_PLAZA-NE--1225840559">
         <name> NW_ARTERIAL_AND_PLAZA-NE--1225840559 </name>
         <Placemark>
            <name> trajectory </name>
            <LineString>
               <coordinates>
                  -90.74072407351562,42.51830784644875
                  -90.74070730970891,42.51836242195284
                  -90.74057971851333,42.518676836461054
                  -90.7404573427243,42.51891898033587
                  -90.74016323104865,42.51934887884592
                  -90.73991810694154,42.51962343274705
                  -90.73966329707943,42.519862037596006
                  -90.73933472646776,42.52012578815503
                  -90.73894748253258,42.52040034205616
                  -90.73854403358423,42.520627771033965
               </coordinates>
            </LineString>
         </Placemark>
         <Placemark>
            <name> </name>
            <Point>
               <coordinates> -90.74072407351562,42.51830784644875 </coordinates>
            </Point>
         </Placemark>
         <Placemark>
            <name> </name>
            <Point>
               <coordinates> -90.73854403358423,42.520627771033965 </coordinates>
            </Point>
         </Placemark>
      </Folder>
      <Folder id="NW_ARTERIAL_AND_PLAZA-NNW--2143527321">
         <name> NW_ARTERIAL_AND_PLAZA-NNW--2143527321 </name>
         <Placemark>
            <name> trajectory </name>
            <LineString>
               <coordinates>
                  -90.73834715198757,42.52070358069324
                  -90.73841048192405,42.52083284826948
               </coordinates>
            </LineString>
         </Placemark>
         <Placemark>
            <name> </name>
            <Point>
               <coordinates> -90.73834715198757,42.52070358069324 </coordinates>
            </Point>
         </Placemark>
         <Placemark>
            <name> </name>
            <Point>
               <coordinates> -90.73841048192405,42.52083284826948 </coordinates>
            </Point>
         </Placemark>
      </Folder>
      <Folder id="NW_ARTERIAL_AND_PLAZA-NNW--306856791">
         <name> NW_ARTERIAL_AND_PLAZA-NNW--306856791 </name>
         <Placemark>
            <name> trajectory </name>
            <LineString>
               <coordinates>
                  -90.7381562308555,42.52018669665277
                  -90.73827804785098,42.52051377714829
                  -90.73834715198757,42.52070358069324
               </coordinates>
            </LineString>
         </Placemark>
         <Placemark>
            <name> </name>
            <Point>
               <coordinates> -90.7381562308555,42.52018669665277 </coordinates>
            </Point>
         </Placemark>
         <Placemark>
            <name> </name>
            <Point>
               <coordinates> -90.73834715198757,42.52070358069324 </coordinates>
            </Point>
         </Placemark>
      </Folder>
      <Folder id="NW_ARTERIAL_AND_PLAZA-NNW--886051474">
         <name> NW_ARTERIAL_AND_PLAZA-NNW--886051474 </name>
         <Placemark>
            <name> trajectory </name>
            <LineString>
               <coordinates>
                  -90.73841048192405,42.52083284826948
                  -90.73852447580974,42.520966772458706
                  -90.7387994022399,42.52146111849236
                  -90.73908867103805,42.52182340298198
               </coordinates>
            </LineString>
         </Placemark>
         <Placemark>
            <name> </name>
            <Point>
               <coordinates> -90.73841048192405,42.52083284826948 </coordinates>
            </Point>
         </Placemark>
         <Placemark>
            <name> </name>
            <Point>
               <coordinates> -90.73908867103805,42.52182340298198 </coordinates>
            </Point>
         </Placemark>
      </Folder>
      <Folder id="NW_ARTERIAL_AND_PLAZA-SSE--1975734738">
         <name> NW_ARTERIAL_AND_PLAZA-SSE--1975734738 </name>
         <Placemark>
            <name> trajectory </name>
            <LineString>
               <coordinates>
                  -90.73854403358423,42.520627771033965
                  -90.73844140183422,42.5204787594187
                  -90.73837062131697,42.520379666694545
                  -90.7381562308555,42.52018669665277
               </coordinates>
            </LineString>
         </Placemark>
         <Placemark>
            <name> </name>
            <Point>
               <coordinates> -90.73854403358423,42.520627771033965 </coordinates>
            </Point>
         </Placemark>
         <Placemark>
            <name> </name>
            <Point>
               <coordinates> -90.7381562308555,42.52018669665277 </coordinates>
            </Point>
         </Placemark>
      </Folder>
      <Folder id="NW_ARTERIAL_AND_PLAZA-SSE-1401634785">
         <name> NW_ARTERIAL_AND_PLAZA-SSE-1401634785 </name>
         <Placemark>
            <name> trajectory </name>
            <LineString>
               <coordinates>
                  -90.73861313772082,42.52074195118417
                  -90.73854403358423,42.520627771033965
               </coordinates>
            </LineString>
         </Placemark>
         <Placemark>
            <name> </name>
            <Point>
               <coordinates> -90.73861313772082,42.52074195118417 </coordinates>
            </Point>
         </Placemark>
         <Placemark>
            <name> </name>
            <Point>
               <coordinates> -90.73854403358423,42.520627771033965 </coordinates>
            </Point>
         </Placemark>
      </Folder>
      <Folder id="NW_ARTERIAL_AND_PLAZA-SSE-890643426">
         <name> NW_ARTERIAL_AND_PLAZA-SSE-890643426 </name>
         <Placemark>
            <name> trajectory </name>
            <LineString>
               <coordinates>
                  -90.73908867103805,42.52182340298198
                  -90.739097984264,42.521636765933856
                  -90.73869956445768,42.520883512218674
                  -90.73861313772082,42.52074195118417
               </coordinates>
            </LineString>
         </Placemark>
         <Placemark>
            <name> </name>
            <Point>
               <coordinates> -90.73908867103805,42.52182340298198 </coordinates>
            </Point>
         </Placemark>
         <Placemark>
            <name> </name>
            <Point>
               <coordinates> -90.73861313772082,42.52074195118417 </coordinates>
            </Point>
         </Placemark>
      </Folder>
      <Folder id="NW_ARTERIAL_AND_PLAZA-SW--1500348166">
         <name> NW_ARTERIAL_AND_PLAZA-SW--1500348166 </name>
         <Placemark>
            <name> trajectory </name>
            <LineString>
               <coordinates>
                  -90.73861313772082,42.52074195118417
                  -90.73871111285786,42.5206905421769
                  -90.73952117725136,42.52017570704614
                  -90.74022711977871,42.51954035877154
                  -90.74056127832594,42.51906929580277
                  -90.74070265309594,42.51883404371517
                  -90.74092542546076,42.51831362064884
                  -90.74094684588046,42.518244516512254
               </coordinates>
            </LineString>
         </Placemark>
         <Placemark>
            <name> </name>
            <Point>
               <coordinates> -90.73861313772082,42.52074195118417 </coordinates>
            </Point>
         </Placemark>
         <Placemark>
            <name> </name>
            <Point>
               <coordinates> -90.74094684588046,42.518244516512254 </coordinates>
            </Point>
         </Placemark>
      </Folder>
      <Folder id="NW_ARTERIAL_AND_PLAZA-WSW-1482141744">
         <name> NW_ARTERIAL_AND_PLAZA-WSW-1482141744 </name>
         <Placemark>
            <name> trajectory </name>
            <LineString>
               <coordinates>
                  -90.72360636421158,42.52570906711465
                  -90.72577485574278,42.52498375307732
                  -90.72955714306735,42.523773592496816
                  -90.73507765088404,42.52193367157728
                  -90.73800535659504,42.52098074229764
                  -90.73841048192405,42.52083284826948
               </coordinates>
            </LineString>
         </Placemark>
         <Placemark>
            <name> </name>
            <Point>
               <coordinates> -90.72360636421158,42.52570906711465 </coordinates>
            </Point>
         </Placemark>
         <Placemark>
            <name> </name>
            <Point>
               <coordinates> -90.73841048192405,42.52083284826948 </coordinates>
            </Point>
         </Placemark>
      </Folder>
      <Folder id="NW_ARTERIAL_AND_PLAZA-WSW-1878561418">
         <name> NW_ARTERIAL_AND_PLAZA-WSW-1878561418 </name>
         <Placemark>
            <name> trajectory </name>
            <LineString>
               <coordinates>
                  -90.73841048192405,42.52083284826948
                  -90.73850640815138,42.520797644275376
                  -90.73861313772082,42.52074195118417
               </coordinates>
            </LineString>
         </Placemark>
         <Placemark>
            <name> </name>
            <Point>
               <coordinates> -90.73841048192405,42.52083284826948 </coordinates>
            </Point>
         </Placemark>
         <Placemark>
            <name> </name>
            <Point>
               <coordinates> -90.73861313772082,42.52074195118417 </coordinates>
            </Point>
         </Placemark>
      </Folder>
      <Folder id="PENN_AND_HEMPSTEAD-E--522212699">
         <name> PENN_AND_HEMPSTEAD-E--522212699 </name>
         <Placemark>
            <name> trajectory </name>
            <LineString>
               <coordinates>
                  -90.73667065906892,42.50173701274205
                  -90.73635251927028,42.50173626768397
                  -90.73611000286537,42.50171969014176
                  -90.7357160534037,42.501659899231136
               </coordinates>
            </LineString>
         </Placemark>
         <Placemark>
            <name> </name>
            <Point>
               <coordinates> -90.73667065906892,42.50173701274205 </coordinates>
            </Point>
         </Placemark>
         <Placemark>
            <name> </name>
            <Point>
               <coordinates> -90.7357160534037,42.501659899231136 </coordinates>
            </Point>
         </Placemark>
      </Folder>
      <Folder id="PENN_AND_HEMPSTEAD-ESE--1136481096">
         <name> PENN_AND_HEMPSTEAD-ESE--1136481096 </name>
         <Placemark>
            <name> trajectory </name>
            <LineString>
               <coordinates>
                  -90.7347909825872,42.501340379617346
                  -90.73449444943782,42.501218003828306
               </coordinates>
            </LineString>
         </Placemark>
         <Placemark>
            <name> </name>
            <Point>
               <coordinates> -90.7347909825872,42.501340379617346 </coordinates>
            </Point>
         </Placemark>
         <Placemark>
            <name> </name>
            <Point>
               <coordinates> -90.73449444943782,42.501218003828306 </coordinates>
            </Point>
         </Placemark>
      </Folder>
      <Folder id="PENN_AND_HEMPSTEAD-ESE--333094378">
         <name> PENN_AND_HEMPSTEAD-ESE--333094378 </name>
         <Placemark>
            <name> trajectory </name>
            <LineString>
               <coordinates>
                  -90.73449358299868,42.501217657474285
                  -90.7339150453415,42.50099376752233
               </coordinates>
            </LineString>
         </Placemark>
         <Placemark>
            <name> </name>
            <Point>
               <coordinates> -90.73449358299868,42.501217657474285 </coordinates>
            </Point>
         </Placemark>
         <Placemark>
            <name> </name>
            <Point>
               <coordinates> -90.7339150453415,42.50099376752233 </coordinates>
            </Point>
         </Placemark>
      </Folder>
      <Folder id="PENN_AND_HEMPSTEAD-ESE--789044359">
         <name> PENN_AND_HEMPSTEAD-ESE--789044359 </name>
         <Placemark>
            <name> trajectory </name>
            <LineString>
               <coordinates>
                  -90.7333919202477,42.500795996275066
                  -90.73297561901133,42.50064549454365
                  -90.7327340339136,42.50057713546514
               </coordinates>
            </LineString>
         </Placemark>
         <Placemark>
            <name> </name>
            <Point>
               <coordinates> -90.7333919202477,42.500795996275066 </coordinates>
            </Point>
         </Placemark>
         <Placemark>
            <name> </name>
            <Point>
               <coordinates> -90.7327340339136,42.50057713546514 </coordinates>
            </Point>
         </Placemark>
      </Folder>
      <Folder id="PENN_AND_HEMPSTEAD-ESE-769902957">
         <name> PENN_AND_HEMPSTEAD-ESE-769902957 </name>
         <Placemark>
            <name> trajectory </name>
            <LineString>
               <coordinates>
                  -90.73391473756934,42.50099364978527
                  -90.73339356939228,42.50079658192407
               </coordinates>
            </LineString>
         </Placemark>
         <Placemark>
            <name> </name>
            <Point>
               <coordinates> -90.73391473756934,42.50099364978527 </coordinates>
            </Point>
         </Placemark>
         <Placemark>
            <name> </name>
            <Point>
               <coordinates> -90.73339356939228,42.50079658192407 </coordinates>
            </Point>
         </Placemark>
      </Folder>
      <Folder id="PENN_AND_HEMPSTEAD-ESE-99764181">
         <name> PENN_AND_HEMPSTEAD-ESE-99764181 </name>
         <Placemark>
            <name> trajectory </name>
            <LineString>
               <coordinates>
                  -90.73572753285428,42.50166226634652
                  -90.73541069688494,42.501571741790244
                  -90.73478857333373,42.50133946993494
               </coordinates>
            </LineString>
         </Placemark>
         <Placemark>
            <name> </name>
            <Point>
               <coordinates> -90.73572753285428,42.50166226634652 </coordinates>
            </Point>
         </Placemark>
         <Placemark>
            <name> </name>
            <Point>
               <coordinates> -90.73478857333373,42.50133946993494 </coordinates>
            </Point>
         </Placemark>
      </Folder>
      <Folder id="PENN_AND_HEMPSTEAD-W--1302319699">
         <name> PENN_AND_HEMPSTEAD-W--1302319699 </name>
         <Placemark>
            <name> trajectory </name>
            <LineString>
               <coordinates>
                  -90.7357080818555,42.501713537440814
                  -90.73610203130957,42.50177332835145
                  -90.73634454771235,42.50178990589364
                  -90.7366626875109,42.501790650951726
               </coordinates>
            </LineString>
         </Placemark>
         <Placemark>
            <name> </name>
            <Point>
               <coordinates> -90.7357080818555,42.501713537440814 </coordinates>
            </Point>
         </Placemark>
         <Placemark>
            <name> </name>
            <Point>
               <coordinates> -90.7366626875109,42.501790650951726 </coordinates>
            </Point>
         </Placemark>
      </Folder>
      <Folder id="PENN_AND_HEMPSTEAD-WNW--1760766041">
         <name> PENN_AND_HEMPSTEAD-WNW--1760766041 </name>
         <Placemark>
            <name> trajectory </name>
            <LineString>
               <coordinates>
                  -90.7338810297938,42.501041544789665
                  -90.73445956732918,42.50126543474161
               </coordinates>
            </LineString>
         </Placemark>
         <Placemark>
            <name> </name>
            <Point>
               <coordinates> -90.7338810297938,42.501041544789665 </coordinates>
            </Point>
         </Placemark>
         <Placemark>
            <name> </name>
            <Point>
               <coordinates> -90.73445956732918,42.50126543474161 </coordinates>
            </Point>
         </Placemark>
      </Folder>
      <Folder id="PENN_AND_HEMPSTEAD-WNW--2063121905">
         <name> PENN_AND_HEMPSTEAD-WNW--2063121905 </name>
         <Placemark>
            <name> trajectory </name>
            <LineString>
               <coordinates>
                  -90.73475764307763,42.501388373818756
                  -90.73537976651394,42.501620645674045
                  -90.73569660243851,42.50171117023033
               </coordinates>
            </LineString>
         </Placemark>
         <Placemark>
            <name> </name>
            <Point>
               <coordinates> -90.73475764307763,42.501388373818756 </coordinates>
            </Point>
         </Placemark>
         <Placemark>
            <name> </name>
            <Point>
               <coordinates> -90.73569660243851,42.50171117023033 </coordinates>
            </Point>
         </Placemark>
      </Folder>
      <Folder id="PENN_AND_HEMPSTEAD-WNW--477522468">
         <name> PENN_AND_HEMPSTEAD-WNW--477522468 </name>
         <Placemark>
            <name> trajectory </name>
            <LineString>
               <coordinates>
                  -90.73336016951532,42.5008445946755
                  -90.73388133758709,42.50104166253669
               </coordinates>
            </LineString>
         </Placemark>
         <Placemark>
            <name> </name>
            <Point>
               <coordinates> -90.73336016951532,42.5008445946755 </coordinates>
            </Point>
         </Placemark>
         <Placemark>
            <name> </name>
            <Point>
               <coordinates> -90.73388133758709,42.50104166253669 </coordinates>
            </Point>
         </Placemark>
      </Folder>
      <Folder id="PENN_AND_HEMPSTEAD-WNW--949534715">
         <name> PENN_AND_HEMPSTEAD-WNW--949534715 </name>
         <Placemark>
            <name> trajectory </name>
            <LineString>
               <coordinates>
                  -90.73445870099897,42.501265088426784
                  -90.73475523407836,42.50138746421582
               </coordinates>
            </LineString>
         </Placemark>
         <Placemark>
            <name> </name>
            <Point>
               <coordinates> -90.73445870099897,42.501265088426784 </coordinates>
            </Point>
         </Placemark>
         <Placemark>
            <name> </name>
            <Point>
               <coordinates> -90.73475523407836,42.50138746421582 </coordinates>
            </Point>
         </Placemark>
      </Folder>
      <Folder id="PENN_AND_HEMPSTEAD-WNW-1761264895">
         <name> PENN_AND_HEMPSTEAD-WNW-1761264895 </name>
         <Placemark>
            <name> trajectory </name>
            <LineString>
               <coordinates>
                  -90.7327039323735,42.500626319504626
                  -90.7329455174383,42.50069467858313
                  -90.73336181860222,42.50084518031454
               </coordinates>
            </LineString>
         </Placemark>
         <Placemark>
            <name> </name>
            <Point>
               <coordinates> -90.7327039323735,42.500626319504626 </coordinates>
            </Point>
         </Placemark>
         <Placemark>
            <name> </name>
            <Point>
               <coordinates> -90.73336181860222,42.50084518031454 </coordinates>
            </Point>
         </Placemark>
      </Folder>
      <Folder id="UNIVERSITY_AND_PENN-ENE--1103997807">
         <name> UNIVERSITY_AND_PENN-ENE--1103997807 </name>
         <Placemark>
            <name> trajectory </name>
            <LineString>
               <coordinates>
                  -90.70096313580545,42.49758824296924
                  -90.70072359959742,42.497702795648486
               </coordinates>
            </LineString>
         </Placemark>
         <Placemark>
            <name> </name>
            <Point>
               <coordinates> -90.70096313580545,42.49758824296924 </coordinates>
            </Point>
         </Placemark>
         <Placemark>
            <name> </name>
            <Point>
               <coordinates> -90.70072359959742,42.497702795648486 </coordinates>
            </Point>
         </Placemark>
      </Folder>
      <Folder id="UNIVERSITY_AND_PENN-ENE--2107999284">
         <name> UNIVERSITY_AND_PENN-ENE--2107999284 </name>
         <Placemark>
            <name> trajectory </name>
            <LineString>
               <coordinates>
                  -90.69778537829276,42.499110308524145
                  -90.69703026184199,42.499449868742445
                  -90.696625881519,42.49964544648747
                  -90.69652362228898,42.49967934662995
                  -90.6964219218579,42.49969313020437
                  -90.69627570421423,42.4996787878364
               </coordinates>
            </LineString>
         </Placemark>
         <Placemark>
            <name> </name>
            <Point>
               <coordinates> -90.69778537829276,42.499110308524145 </coordinates>
            </Point>
         </Placemark>
         <Placemark>
            <name> </name>
            <Point>
               <coordinates> -90.69627570421423,42.4996787878364 </coordinates>
            </Point>
         </Placemark>
      </Folder>
      <Folder id="UNIVERSITY_AND_PENN-ENE-1764543822">
         <name> UNIVERSITY_AND_PENN-ENE-1764543822 </name>
         <Placemark>
            <name> trajectory </name>
            <LineString>
               <coordinates>
                  -90.69868871047136,42.49867972867945
                  -90.69778216091977,42.499111676099226
               </coordinates>
            </LineString>
         </Placemark>
         <Placemark>
            <name> </name>
            <Point>
               <coordinates> -90.69868871047136,42.49867972867945 </coordinates>
            </Point>
         </Placemark>
         <Placemark>
            <name> </name>
            <Point>
               <coordinates> -90.69778216091977,42.499111676099226 </coordinates>
            </Point>
         </Placemark>
      </Folder>
      <Folder id="UNIVERSITY_AND_PENN-ENE-1861103370">
         <name> UNIVERSITY_AND_PENN-ENE-1861103370 </name>
         <Placemark>
            <name> trajectory </name>
            <LineString>
               <coordinates>
                  -90.70072407658269,42.4977025713838
                  -90.69992295276684,42.49808627629312
                  -90.69948038821009,42.49827738368969
               </coordinates>
            </LineString>
         </Placemark>
         <Placemark>
            <name> </name>
            <Point>
               <coordinates> -90.70072407658269,42.4977025713838 </coordinates>
            </Point>
         </Placemark>
         <Placemark>
            <name> </name>
            <Point>
               <coordinates> -90.69948038821009,42.49827738368969 </coordinates>
            </Point>
         </Placemark>
      </Folder>
      <Folder id="UNIVERSITY_AND_PENN-ESE-384048058">
         <name> UNIVERSITY_AND_PENN-ESE-384048058 </name>
         <Placemark>
            <name> trajectory </name>
            <LineString>
               <coordinates>
                  -90.7019638528838,42.49976954571701
                  -90.70095578923147,42.49946109167342
                  -90.69872378130874,42.49867784937065
               </coordinates>
            </LineString>
         </Placemark>
         <Placemark>
            <name> </name>
            <Point>
               <coordinates> -90.7019638528838,42.49976954571701 </coordinates>
            </Point>
         </Placemark>
         <Placemark>
            <name> </name>
            <Point>
               <coordinates> -90.69872378130874,42.49867784937065 </coordinates>
            </Point>
         </Placemark>
      </Folder>
      <Folder id="UNIVERSITY_AND_PENN-NE-2035981602">
         <name> UNIVERSITY_AND_PENN-NE-2035981602 </name>
         <Placemark>
            <name> trajectory </name>
            <LineString>
               <coordinates>
                  -90.69947905559248,42.498278029858966
                  -90.69868780378184,42.49868017495567
               </coordinates>
            </LineString>
         </Placemark>
         <Placemark>
            <name> </name>
            <Point>
               <coordinates> -90.69947905559248,42.498278029858966 </coordinates>
            </Point>
         </Placemark>
         <Placemark>
            <name> </name>
            <Point>
               <coordinates> -90.69868780378184,42.49868017495567 </coordinates>
            </Point>
         </Placemark>
      </Folder>
      <Folder id="UNIVERSITY_AND_PENN-SW--171105982">
         <name> UNIVERSITY_AND_PENN-SW--171105982 </name>
         <Placemark>
            <name> trajectory </name>
            <LineString>
               <coordinates>
                  -90.6987293403715,42.49872460163899
                  -90.69952059191499,42.49832245654228
               </coordinates>
            </LineString>
         </Placemark>
         <Placemark>
            <name> </name>
            <Point>
               <coordinates> -90.6987293403715,42.49872460163899 </coordinates>
            </Point>
         </Placemark>
         <Placemark>
            <name> </name>
            <Point>
               <coordinates> -90.69952059191499,42.49832245654228 </coordinates>
            </Point>
         </Placemark>
      </Folder>
      <Folder id="UNIVERSITY_AND_PENN-WNW-221568220">
         <name> UNIVERSITY_AND_PENN-WNW-221568220 </name>
         <Placemark>
            <name> trajectory </name>
            <LineString>
               <coordinates>
                  -90.69869336182745,42.498726926654484
                  -90.70092536936914,42.499510168957244
                  -90.7019334328714,42.49981862300084
               </coordinates>
            </LineString>
         </Placemark>
         <Placemark>
            <name> </name>
            <Point>
               <coordinates> -90.69869336182745,42.498726926654484 </coordinates>
            </Point>
         </Placemark>
         <Placemark>
            <name> </name>
            <Point>
               <coordinates> -90.7019334328714,42.49981862300084 </coordinates>
            </Point>
         </Placemark>
      </Folder>
      <Folder id="UNIVERSITY_AND_PENN-WSW-1822684563">
         <name> UNIVERSITY_AND_PENN-WSW-1822684563 </name>
         <Placemark>
            <name> trajectory </name>
            <LineString>
               <coordinates>
                  -90.69782188435697,42.499156995348976
                  -90.69872843363417,42.498725047929206
               </coordinates>
            </LineString>
         </Placemark>
         <Placemark>
            <name> </name>
            <Point>
               <coordinates> -90.69782188435697,42.499156995348976 </coordinates>
            </Point>
         </Placemark>
         <Placemark>
            <name> </name>
            <Point>
               <coordinates> -90.69872843363417,42.498725047929206 </coordinates>
            </Point>
         </Placemark>
      </Folder>
      <Folder id="UNIVERSITY_AND_PENN-WSW-621268385">
         <name> UNIVERSITY_AND_PENN-WSW-621268385 </name>
         <Placemark>
            <name> trajectory </name>
            <LineString>
               <coordinates>
                  -90.6963089929549,42.49972684229924
                  -90.6964552106062,42.49974118466721
                  -90.69655691102996,42.499727401092784
                  -90.69665917024192,42.499693500950315
                  -90.6970635504608,42.49949792320528
                  -90.6978186667308,42.49915836298698
               </coordinates>
            </LineString>
         </Placemark>
         <Placemark>
            <name> </name>
            <Point>
               <coordinates> -90.6963089929549,42.49972684229924 </coordinates>
            </Point>
         </Placemark>
         <Placemark>
            <name> </name>
            <Point>
               <coordinates> -90.6978186667308,42.49915836298698 </coordinates>
            </Point>
         </Placemark>
      </Folder>
      <Folder id="UNIVERSITY_AND_PENN-WSW-744289527">
         <name> UNIVERSITY_AND_PENN-WSW-744289527 </name>
         <Placemark>
            <name> trajectory </name>
            <LineString>
               <coordinates>
                  -90.70076342449197,42.49774806603988
                  -90.70100296062704,42.49763351336064
               </coordinates>
            </LineString>
         </Placemark>
         <Placemark>
            <name> </name>
            <Point>
               <coordinates> -90.70076342449197,42.49774806603988 </coordinates>
            </Point>
         </Placemark>
         <Placemark>
            <name> </name>
            <Point>
               <coordinates> -90.70100296062704,42.49763351336064 </coordinates>
            </Point>
         </Placemark>
      </Folder>
      <Folder id="UNIVERSITY_AND_PENN-WSW-752307638">
         <name> UNIVERSITY_AND_PENN-WSW-752307638 </name>
         <Placemark>
            <name> trajectory </name>
            <LineString>
               <coordinates>
                  -90.69951925912326,42.4983231027793
                  -90.69996182356121,42.49813199538272
                  -90.70076294713854,42.49774829047341
               </coordinates>
            </LineString>
         </Placemark>
         <Placemark>
            <name> </name>
            <Point>
               <coordinates> -90.69951925912326,42.4983231027793 </coordinates>
            </Point>
         </Placemark>
         <Placemark>
            <name> </name>
            <Point>
               <coordinates> -90.70076294713854,42.49774829047341 </coordinates>
            </Point>
         </Placemark>
      </Folder>
      <Folder id="UNIVERSITY_AND_WESTMINSTER-E-437689156">
         <name> UNIVERSITY_AND_WESTMINSTER-E-437689156 </name>
         <Placemark>
            <name> trajectory </name>
            <LineString>
               <coordinates>
                  -90.69528362767808,42.49953900175672
                  -90.69461270287158,42.499456114045735
                  -90.69426625086179,42.499415508380565
                  -90.69404087078898,42.49937080489599
               </coordinates>
            </LineString>
         </Placemark>
         <Placemark>
            <name> </name>
            <Point>
               <coordinates> -90.69528362767808,42.49953900175672 </coordinates>
            </Point>
         </Placemark>
         <Placemark>
            <name> </name>
            <Point>
               <coordinates> -90.69404087078898,42.49937080489599 </coordinates>
            </Point>
         </Placemark>
      </Folder>
      <Folder id="UNIVERSITY_AND_WESTMINSTER-ESE-1300977943">
         <name> UNIVERSITY_AND_WESTMINSTER-ESE-1300977943 </name>
         <Placemark>
            <name> trajectory </name>
            <LineString>
               <coordinates>
                  -90.69405112914787,42.499373397743
                  -90.69331072760802,42.49908990314494
               </coordinates>
            </LineString>
         </Placemark>
         <Placemark>
            <name> </name>
            <Point>
               <coordinates> -90.69405112914787,42.499373397743 </coordinates>
            </Point>
         </Placemark>
         <Placemark>
            <name> </name>
            <Point>
               <coordinates> -90.69331072760802,42.49908990314494 </coordinates>
            </Point>
         </Placemark>
      </Folder>
      <Folder id="UNIVERSITY_AND_WESTMINSTER-ESE-1913198285">
         <name> UNIVERSITY_AND_WESTMINSTER-ESE-1913198285 </name>
         <Placemark>
            <name> trajectory </name>
            <LineString>
               <coordinates>
                  -90.69331196615002,42.49909039993719
                  -90.6931797183254,42.499034893110505
               </coordinates>
            </LineString>
         </Placemark>
         <Placemark>
            <name> </name>
            <Point>
               <coordinates> -90.69331196615002,42.49909039993719 </coordinates>
            </Point>
         </Placemark>
         <Placemark>
            <name> </name>
            <Point>
               <coordinates> -90.6931797183254,42.499034893110505 </coordinates>
            </Point>
         </Placemark>
      </Folder>
      <Folder id="UNIVERSITY_AND_WESTMINSTER-ESE-2042253401">
         <name> UNIVERSITY_AND_WESTMINSTER-ESE-2042253401 </name>
         <Placemark>
            <name> trajectory </name>
            <LineString>
               <coordinates>
                  -90.69318046966862,42.49903521724701
                  -90.69204928509302,42.49853379316163
               </coordinates>
            </LineString>
         </Placemark>
         <Placemark>
            <name> </name>
            <Point>
               <coordinates> -90.69318046966862,42.49903521724701 </coordinates>
            </Point>
         </Placemark>
         <Placemark>
            <name> </name>
            <Point>
               <coordinates> -90.69204928509302,42.49853379316163 </coordinates>
            </Point>
         </Placemark>
      </Folder>
      <Folder id="UNIVERSITY_AND_WESTMINSTER-NNW--1032701129">
         <name> UNIVERSITY_AND_WESTMINSTER-NNW--1032701129 </name>
         <Placemark>
            <name> trajectory </name>
            <LineString>
               <coordinates>
                  -90.69400092529207,42.49940846382491
                  -90.69403948196738,42.49955877929181
                  -90.69469885783876,42.500545608713935
               </coordinates>
            </LineString>
         </Placemark>
         <Placemark>
            <name> </name>
            <Point>
               <coordinates> -90.69400092529207,42.49940846382491 </coordinates>
            </Point>
         </Placemark>
         <Placemark>
            <name> </name>
            <Point>
               <coordinates> -90.69469885783876,42.500545608713935 </coordinates>
            </Point>
         </Placemark>
      </Folder>
      <Folder id="UNIVERSITY_AND_WESTMINSTER-SSE-403255908">
         <name> UNIVERSITY_AND_WESTMINSTER-SSE-403255908 </name>
         <Placemark>
            <name> trajectory </name>
            <LineString>
               <coordinates>
                  -90.69476553653794,42.50052336314915
                  -90.69410615961421,42.499536533727024
                  -90.69406760277863,42.49938621826013
               </coordinates>
            </LineString>
         </Placemark>
         <Placemark>
            <name> </name>
            <Point>
               <coordinates> -90.69476553653794,42.50052336314915 </coordinates>
            </Point>
         </Placemark>
         <Placemark>
            <name> </name>
            <Point>
               <coordinates> -90.69406760277863,42.49938621826013 </coordinates>
            </Point>
         </Placemark>
      </Folder>
      <Folder id="UNIVERSITY_AND_WESTMINSTER-W-508616548">
         <name> UNIVERSITY_AND_WESTMINSTER-W-508616548 </name>
         <Placemark>
            <name> trajectory </name>
            <LineString>
               <coordinates>
                  -90.69402765688471,42.499423877329235
                  -90.69425303694807,42.49946858081381
                  -90.6945994889493,42.49950918647898
                  -90.69527041373827,42.49959207418997
               </coordinates>
            </LineString>
         </Placemark>
         <Placemark>
            <name> </name>
            <Point>
               <coordinates> -90.69402765688471,42.499423877329235 </coordinates>
            </Point>
         </Placemark>
         <Placemark>
            <name> </name>
            <Point>
               <coordinates> -90.69527041373827,42.49959207418997 </coordinates>
            </Point>
         </Placemark>
      </Folder>
      <Folder id="UNIVERSITY_AND_WESTMINSTER-WNW--1062524080">
         <name> UNIVERSITY_AND_WESTMINSTER-WNW--1062524080 </name>
         <Placemark>
            <name> trajectory </name>
            <LineString>
               <coordinates>
                  -90.69201157528879,42.4985800379266
                  -90.693142759562,42.499081462011986
               </coordinates>
            </LineString>
         </Placemark>
         <Placemark>
            <name> </name>
            <Point>
               <coordinates> -90.69201157528879,42.4985800379266 </coordinates>
            </Point>
         </Placemark>
         <Placemark>
            <name> </name>
            <Point>
               <coordinates> -90.693142759562,42.499081462011986 </coordinates>
            </Point>
         </Placemark>
      </Folder>
      <Folder id="UNIVERSITY_AND_WESTMINSTER-WNW--144912992">
         <name> UNIVERSITY_AND_WESTMINSTER-WNW--144912992 </name>
         <Placemark>
            <name> trajectory </name>
            <LineString>
               <coordinates>
                  -90.69314351127429,42.49908178631335
                  -90.69327575906676,42.49913729314002
               </coordinates>
            </LineString>
         </Placemark>
         <Placemark>
            <name> </name>
            <Point>
               <coordinates> -90.69314351127429,42.49908178631335 </coordinates>
            </Point>
         </Placemark>
         <Placemark>
            <name> </name>
            <Point>
               <coordinates> -90.69327575906676,42.49913729314002 </coordinates>
            </Point>
         </Placemark>
      </Folder>
      <Folder id="UNIVERSITY_AND_WESTMINSTER-WNW--1660050472">
         <name> UNIVERSITY_AND_WESTMINSTER-WNW--1660050472 </name>
         <Placemark>
            <name> trajectory </name>
            <LineString>
               <coordinates>
                  -90.6932769973755,42.4991377898449
                  -90.69401739876241,42.49942128444296
               </coordinates>
            </LineString>
         </Placemark>
         <Placemark>
            <name> </name>
            <Point>
               <coordinates> -90.6932769973755,42.4991377898449 </coordinates>
            </Point>
         </Placemark>
         <Placemark>
            <name> </name>
            <Point>
               <coordinates> -90.69401739876241,42.49942128444296 </coordinates>
            </Point>
         </Placemark>
      </Folder>
      <Folder id="US_61-151_AND_GRANDVIEW_TRUSS-N-1135296884">
         <name> US_61-151_AND_GRANDVIEW_TRUSS-N-1135296884 </name>
         <Placemark>
            <name> trajectory </name>
            <LineString>
               <coordinates>
                  -90.66797380897344,42.47648475639115
                  -90.6680114344063,42.47830884482657
                  -90.66803602132282,42.47961157887306
                  -90.66802000257418,42.479844968315476
                  -90.66798256340584,42.48005861371887
                  -90.66790749880465,42.48032366812953
                  -90.66782684626789,42.480525392603695
                  -90.66768211873655,42.4808260235375
               </coordinates>
            </LineString>
         </Placemark>
         <Placemark>
            <name> </name>
            <Point>
               <coordinates> -90.66797380897344,42.47648475639115 </coordinates>
            </Point>
         </Placemark>
         <Placemark>
            <name> </name>
            <Point>
               <coordinates> -90.66768211873655,42.4808260235375 </coordinates>
            </Point>
         </Placemark>
      </Folder>
      <Folder id="US_61-151_AND_GRANDVIEW_TRUSS-N-754501166">
         <name> US_61-151_AND_GRANDVIEW_TRUSS-N-754501166 </name>
         <Placemark>
            <name> trajectory </name>
            <LineString>
               <coordinates>
                  -90.66844598952933,42.468410003224236
                  -90.66800510141265,42.469632084733966
                  -90.66787266733958,42.47012587197406
                  -90.6678318754099,42.470411788010864
                  -90.66781995448068,42.4710815952215
                  -90.66793562474703,42.47553238590507
                  -90.66797380897344,42.47648475639115
               </coordinates>
            </LineString>
         </Placemark>
         <Placemark>
            <name> </name>
            <Point>
               <coordinates> -90.66844598952933,42.468410003224236 </coordinates>
            </Point>
         </Placemark>
         <Placemark>
            <name> </name>
            <Point>
               <coordinates> -90.66797380897344,42.47648475639115 </coordinates>
            </Point>
         </Placemark>
      </Folder>
      <Folder id="US_61-151_AND_GRANDVIEW_TRUSS-NNE-738590240">
         <name> US_61-151_AND_GRANDVIEW_TRUSS-NNE-738590240 </name>
         <Placemark>
            <name> trajectory </name>
            <LineString>
               <coordinates>
                  -90.66768211873655,42.4808260235375
                  -90.6675586253604,42.481016013346974
                  -90.66724216194247,42.48142747166963
                  -90.66672732681171,42.48190151487071
               </coordinates>
            </LineString>
         </Placemark>
         <Placemark>
            <name> </name>
            <Point>
               <coordinates> -90.66768211873655,42.4808260235375 </coordinates>
            </Point>
         </Placemark>
         <Placemark>
            <name> </name>
            <Point>
               <coordinates> -90.66672732681171,42.48190151487071 </coordinates>
            </Point>
         </Placemark>
      </Folder>
      <Folder id="US_61-151_AND_GRANDVIEW_TRUSS-S-123296183">
         <name> US_61-151_AND_GRANDVIEW_TRUSS-S-123296183 </name>
         <Placemark>
            <name> trajectory </name>
            <LineString>
               <coordinates>
                  -90.6677625850088,42.48094877185558
                  -90.66802000257418,42.48034341216855
                  -90.66811127218853,42.4800032931567
                  -90.66815951469897,42.47965106695111
                  -90.66812375191131,42.47666655056178
                  -90.6680524126005,42.47481787520985
                  -90.66806731376202,42.47396646009311
               </coordinates>
            </LineString>
         </Placemark>
         <Placemark>
            <name> </name>
            <Point>
               <coordinates> -90.6677625850088,42.48094877185558 </coordinates>
            </Point>
         </Placemark>
         <Placemark>
            <name> </name>
            <Point>
               <coordinates> -90.66806731376202,42.47396646009311 </coordinates>
            </Point>
         </Placemark>
      </Folder>
      <Folder id="US_61-151_AND_GRANDVIEW_TRUSS-S-1538284597">
         <name> US_61-151_AND_GRANDVIEW_TRUSS-S-1538284597 </name>
         <Placemark>
            <name> trajectory </name>
            <LineString>
               <coordinates>
                  -90.6677625850088,42.48094877185558
                  -90.66789129379148,42.48078653545946
                  -90.66812729093716,42.48032757968443
                  -90.66822377595805,42.48007835775789
                  -90.66831970218539,42.479686084680694
                  -90.66842699054838,42.47862568077353
                  -90.66843779389049,42.47826171990324
                  -90.66843853894856,42.47800579245401
               </coordinates>
            </LineString>
         </Placemark>
         <Placemark>
            <name> </name>
            <Point>
               <coordinates> -90.6677625850088,42.48094877185558 </coordinates>
            </Point>
         </Placemark>
         <Placemark>
            <name> </name>
            <Point>
               <coordinates> -90.66843853894856,42.47800579245401 </coordinates>
            </Point>
         </Placemark>
      </Folder>
      <Folder id="US_61-151_AND_GRANDVIEW_TRUSS-S-198017795">
         <name> US_61-151_AND_GRANDVIEW_TRUSS-S-198017795 </name>
         <Placemark>
            <name> trajectory </name>
            <LineString>
               <coordinates>
                  -90.66806731376202,42.47396646009311
                  -90.66805502030377,42.473577167248216
                  -90.66802726689042,42.47272612466051
                  -90.66801217946437,42.47053844788384
                  -90.66809991005286,42.46980698711739
                  -90.66857339446038,42.46842807088259
               </coordinates>
            </LineString>
         </Placemark>
         <Placemark>
            <name> </name>
            <Point>
               <coordinates> -90.66806731376202,42.47396646009311 </coordinates>
            </Point>
         </Placemark>
         <Placemark>
            <name> </name>
            <Point>
               <coordinates> -90.66857339446038,42.46842807088259 </coordinates>
            </Point>
         </Placemark>
      </Folder>
      <Folder id="US_61-151_AND_GRANDVIEW_TRUSS-SW--753144570">
         <name> US_61-151_AND_GRANDVIEW_TRUSS-SW--753144570 </name>
         <Placemark>
            <name> trajectory </name>
            <LineString>
               <coordinates>
                  -90.66621211915192,42.48251935428052
                  -90.666442155833,42.48230496381905
                  -90.66725836695564,42.48157778713654
                  -90.66751578452102,42.481289077131954
                  -90.66770353915625,42.481043766760315
                  -90.6677625850088,42.48094877185558
               </coordinates>
            </LineString>
         </Placemark>
         <Placemark>
            <name> </name>
            <Point>
               <coordinates> -90.66621211915192,42.48251935428052 </coordinates>
            </Point>
         </Placemark>
         <Placemark>
            <name> </name>
            <Point>
               <coordinates> -90.6677625850088,42.48094877185558 </coordinates>
            </Point>
         </Placemark>
      </Folder>
      <Folder id="US_61-151_AND_MAQUOKETA-NE--1377516211">
         <name> US_61-151_AND_MAQUOKETA-NE--1377516211 </name>
         <Placemark>
            <name> trajectory </name>
            <LineString>
               <coordinates>
                  -90.67776815618056,42.4546152529407
                  -90.67750496441509,42.454895022248365
                  -90.67714919918365,42.45517162505921
                  -90.67524538953406,42.456463183234554
                  -90.67484045046956,42.456783558207384
                  -90.67455025034883,42.457075062179754
               </coordinates>
            </LineString>
         </Placemark>
         <Placemark>
            <name> </name>
            <Point>
               <coordinates> -90.67776815618056,42.4546152529407 </coordinates>
            </Point>
         </Placemark>
         <Placemark>
            <name> </name>
            <Point>
               <coordinates> -90.67455025034883,42.457075062179754 </coordinates>
            </Point>
         </Placemark>
      </Folder>
      <Folder id="US_61-151_AND_MAQUOKETA-NNE--519217561">
         <name> US_61-151_AND_MAQUOKETA-NNE--519217561 </name>
         <Placemark>
            <name> trajectory </name>
            <LineString>
               <coordinates>
                  -90.67930744616629,42.45197402206005
                  -90.67929701535323,42.45200736340897
                  -90.6790371763491,42.45273249118177
                  -90.67877044555777,42.453329096436406
                  -90.67843628701053,42.45386274428359
                  -90.67816042925776,42.45424142005089
                  -90.67776815618056,42.4546152529407
               </coordinates>
            </LineString>
         </Placemark>
         <Placemark>
            <name> </name>
            <Point>
               <coordinates> -90.67930744616629,42.45197402206005 </coordinates>
            </Point>
         </Placemark>
         <Placemark>
            <name> </name>
            <Point>
               <coordinates> -90.67776815618056,42.4546152529407 </coordinates>
            </Point>
         </Placemark>
      </Folder>
      <Folder id="US_61-151_AND_MAQUOKETA-SSW-1281444425">
         <name> US_61-151_AND_MAQUOKETA-SSW-1281444425 </name>
         <Placemark>
            <name> trajectory </name>
            <LineString>
               <coordinates>
                  -90.67796205754493,42.45466833832864
                  -90.678396985197,42.45421366663755
                  -90.67864173677508,42.453863675606186
                  -90.67895875898657,42.45334325253986
                  -90.67922697989405,42.45268368987777
                  -90.67944602696849,42.45203344044164
               </coordinates>
            </LineString>
         </Placemark>
         <Placemark>
            <name> </name>
            <Point>
               <coordinates> -90.67796205754493,42.45466833832864 </coordinates>
            </Point>
         </Placemark>
         <Placemark>
            <name> </name>
            <Point>
               <coordinates> -90.67944602696849,42.45203344044164 </coordinates>
            </Point>
         </Placemark>
      </Folder>
      <Folder id="US_61-151_AND_MAQUOKETA-SW-928811212">
         <name> US_61-151_AND_MAQUOKETA-SW-928811212 </name>
         <Placemark>
            <name> trajectory </name>
            <LineString>
               <coordinates>
                  -90.67306218310584,42.45937263502268
                  -90.67470242846092,42.4571301964774
                  -90.67498089391695,42.45684036888571
                  -90.67547542621513,42.45644865460206
                  -90.67630337200247,42.45591184025806
                  -90.6775645690612,42.455030064024704
                  -90.67796205754493,42.45466833832864
               </coordinates>
            </LineString>
         </Placemark>
         <Placemark>
            <name> </name>
            <Point>
               <coordinates> -90.67306218310584,42.45937263502268 </coordinates>
            </Point>
         </Placemark>
         <Placemark>
            <name> </name>
            <Point>
               <coordinates> -90.67796205754493,42.45466833832864 </coordinates>
            </Point>
         </Placemark>
      </Folder>
      <Folder id="US_61-151_AND_TWIN_VALLLEY-NNE--192630284">
         <name> US_61-151_AND_TWIN_VALLLEY-NNE--192630284 </name>
         <Placemark>
            <name> trajectory </name>
            <LineString>
               <coordinates>
                  -90.67455025034883,42.457075062179754
                  -90.67396239952659,42.45784638355329
                  -90.67291205390346,42.45932178480897
               </coordinates>
            </LineString>
         </Placemark>
         <Placemark>
            <name> </name>
            <Point>
               <coordinates> -90.67455025034883,42.457075062179754 </coordinates>
            </Point>
         </Placemark>
         <Placemark>
            <name> </name>
            <Point>
               <coordinates> -90.67291205390346,42.45932178480897 </coordinates>
            </Point>
         </Placemark>
      </Folder>
      <Folder id="US_61-151_AND_TWIN_VALLLEY-NNE-680336809">
         <name> US_61-151_AND_TWIN_VALLLEY-NNE-680336809 </name>
         <Placemark>
            <name> trajectory </name>
            <LineString>
               <coordinates>
                  -90.67291205390346,42.45932178480897
                  -90.67194310587517,42.460648546978426
                  -90.67052023121387,42.46288483879458
                  -90.67019724853778,42.46360586874796
                  -90.66989978410079,42.464343662508064
                  -90.6688175872449,42.46736263783342
               </coordinates>
            </LineString>
         </Placemark>
         <Placemark>
            <name> </name>
            <Point>
               <coordinates> -90.67291205390346,42.45932178480897 </coordinates>
            </Point>
         </Placemark>
         <Placemark>
            <name> </name>
            <Point>
               <coordinates> -90.6688175872449,42.46736263783342 </coordinates>
            </Point>
         </Placemark>
      </Folder>
      <Folder id="US_61-151_AND_TWIN_VALLLEY-SSW-1035924776">
         <name> US_61-151_AND_TWIN_VALLLEY-SSW-1035924776 </name>
         <Placemark>
            <name> trajectory </name>
            <LineString>
               <coordinates>
                  -90.66894108062105,42.46736599059476
                  -90.66953135288205,42.46573915628506
                  -90.67025331415802,42.46377499693129
                  -90.67060647168621,42.462995293654394
                  -90.67207200092238,42.460800352561485
                  -90.67306218310584,42.45937263502268
               </coordinates>
            </LineString>
         </Placemark>
         <Placemark>
            <name> </name>
            <Point>
               <coordinates> -90.66894108062105,42.46736599059476 </coordinates>
            </Point>
         </Placemark>
         <Placemark>
            <name> </name>
            <Point>
               <coordinates> -90.67306218310584,42.45937263502268 </coordinates>
            </Point>
         </Placemark>
      </Folder>
      <Folder id="US_61-151_AND_TWIN_VALLLEY-SW-928811212">
         <name> US_61-151_AND_TWIN_VALLLEY-SW-928811212 </name>
         <Placemark>
            <name> trajectory </name>
            <LineString>
               <coordinates>
                  -90.67306218310584,42.45937263502268
                  -90.67470242846092,42.4571301964774
                  -90.67498089391695,42.45684036888571
                  -90.67547542621513,42.45644865460206
                  -90.67630337200247,42.45591184025806
                  -90.6775645690612,42.455030064024704
                  -90.67796205754493,42.45466833832864
               </coordinates>
            </LineString>
         </Placemark>
         <Placemark>
            <name> </name>
            <Point>
               <coordinates> -90.67306218310584,42.45937263502268 </coordinates>
            </Point>
         </Placemark>
         <Placemark>
            <name> </name>
            <Point>
               <coordinates> -90.67796205754493,42.45466833832864 </coordinates>
            </Point>
         </Placemark>
      </Folder>
      <Folder id="US_61_AND_151_@_9th-NNE--1491621663">
         <name> US_61_AND_151_@_9th-NNE--1491621663 </name>
         <Placemark>
            <name> trajectory </name>
            <LineString>
               <coordinates>
                  -90.66046362356387,42.504505645584445
                  -90.66025184080567,42.50516744342075
                  -90.66020899996629,42.505341414481585
               </coordinates>
            </LineString>
         </Placemark>
         <Placemark>
            <name> </name>
            <Point>
               <coordinates> -90.66046362356387,42.504505645584445 </coordinates>
            </Point>
         </Placemark>
         <Placemark>
            <name> </name>
            <Point>
               <coordinates> -90.66020899996629,42.505341414481585 </coordinates>
            </Point>
         </Placemark>
      </Folder>
      <Folder id="US_61_AND_151_@_9th-NNE--623796077">
         <name> US_61_AND_151_@_9th-NNE--623796077 </name>
         <Placemark>
            <name> trajectory </name>
            <LineString>
               <coordinates>
                  -90.66129250067381,42.50194823373739
                  -90.66103508310843,42.50277878722799
               </coordinates>
            </LineString>
         </Placemark>
         <Placemark>
            <name> </name>
            <Point>
               <coordinates> -90.66129250067381,42.50194823373739 </coordinates>
            </Point>
         </Placemark>
         <Placemark>
            <name> </name>
            <Point>
               <coordinates> -90.66103508310843,42.50277878722799 </coordinates>
            </Point>
         </Placemark>
      </Folder>
      <Folder id="US_61_AND_151_@_9th-NNE-1109584132">
         <name> US_61_AND_151_@_9th-NNE-1109584132 </name>
         <Placemark>
            <name> trajectory </name>
            <LineString>
               <coordinates>
                  -90.65914971364624,42.50866474603112
                  -90.65906384570295,42.50893687849351
                  -90.65880642813757,42.50967709369236
                  -90.65853168797192,42.51027816929545
                  -90.6581196708557,42.510910723602265
                  -90.65764767656432,42.511467654514334
               </coordinates>
            </LineString>
         </Placemark>
         <Placemark>
            <name> </name>
            <Point>
               <coordinates> -90.65914971364624,42.50866474603112 </coordinates>
            </Point>
         </Placemark>
         <Placemark>
            <name> </name>
            <Point>
               <coordinates> -90.65764767656432,42.511467654514334 </coordinates>
            </Point>
         </Placemark>
      </Folder>
      <Folder id="US_61_AND_151_@_9th-NNE-1547593895">
         <name> US_61_AND_151_@_9th-NNE-1547593895 </name>
         <Placemark>
            <name> trajectory </name>
            <LineString>
               <coordinates>
                  -90.6599621994785,42.50608498244178
                  -90.65914971364624,42.50866474603112
               </coordinates>
            </LineString>
         </Placemark>
         <Placemark>
            <name> </name>
            <Point>
               <coordinates> -90.6599621994785,42.50608498244178 </coordinates>
            </Point>
         </Placemark>
         <Placemark>
            <name> </name>
            <Point>
               <coordinates> -90.65914971364624,42.50866474603112 </coordinates>
            </Point>
         </Placemark>
      </Folder>
      <Folder id="US_61_AND_151_@_9th-NNE-313072401">
         <name> US_61_AND_151_@_9th-NNE-313072401 </name>
         <Placemark>
            <name> trajectory </name>
            <LineString>
               <coordinates>
                  -90.66103508310843,42.50277878722799
                  -90.66046362356387,42.504505645584445
               </coordinates>
            </LineString>
         </Placemark>
         <Placemark>
            <name> </name>
            <Point>
               <coordinates> -90.66103508310843,42.50277878722799 </coordinates>
            </Point>
         </Placemark>
         <Placemark>
            <name> </name>
            <Point>
               <coordinates> -90.66046362356387,42.504505645584445 </coordinates>
            </Point>
         </Placemark>
      </Folder>
      <Folder id="US_61_AND_151_@_9th-NNE-475521561">
         <name> US_61_AND_151_@_9th-NNE-475521561 </name>
         <Placemark>
            <name> trajectory </name>
            <LineString>
               <coordinates>
                  -90.66020899996629,42.505341414481585
                  -90.6599621994785,42.50608498244178
               </coordinates>
            </LineString>
         </Placemark>
         <Placemark>
            <name> </name>
            <Point>
               <coordinates> -90.66020899996629,42.505341414481585 </coordinates>
            </Point>
         </Placemark>
         <Placemark>
            <name> </name>
            <Point>
               <coordinates> -90.6599621994785,42.50608498244178 </coordinates>
            </Point>
         </Placemark>
      </Folder>
      <Folder id="US_61_AND_151_@_9th-SSW--1160910289">
         <name> US_61_AND_151_@_9th-SSW--1160910289 </name>
         <Placemark>
            <name> trajectory </name>
            <LineString>
               <coordinates>
                  -90.66036974624626,42.505325768261976
                  -90.66041258708564,42.505206931498805
                  -90.66058171526898,42.50465596105134
               </coordinates>
            </LineString>
         </Placemark>
         <Placemark>
            <name> </name>
            <Point>
               <coordinates> -90.66036974624626,42.505325768261976 </coordinates>
            </Point>
         </Placemark>
         <Placemark>
            <name> </name>
            <Point>
               <coordinates> -90.66058171526898,42.50465596105134 </coordinates>
            </Point>
         </Placemark>
      </Folder>
      <Folder id="US_61_AND_151_@_9th-SSW--929831000">
         <name> US_61_AND_151_@_9th-SSW--929831000 </name>
         <Placemark>
            <name> trajectory </name>
            <LineString>
               <coordinates>
                  -90.65702108272212,42.51222686869413
                  -90.65758769938918,42.511733267718554
                  -90.6581196708557,42.511151377360925
                  -90.65850598346827,42.510594446448856
                  -90.65887515974511,42.5099302271738
                  -90.65919255448563,42.50901250188826
                  -90.65930412693257,42.5087152237158
               </coordinates>
            </LineString>
         </Placemark>
         <Placemark>
            <name> </name>
            <Point>
               <coordinates> -90.65702108272212,42.51222686869413 </coordinates>
            </Point>
         </Placemark>
         <Placemark>
            <name> </name>
            <Point>
               <coordinates> -90.65930412693257,42.5087152237158 </coordinates>
            </Point>
         </Placemark>
      </Folder>
      <Folder id="US_61_AND_151_@_9th-SSW-1032033727">
         <name> US_61_AND_151_@_9th-SSW-1032033727 </name>
         <Placemark>
            <name> trajectory </name>
            <LineString>
               <coordinates>
                  -90.66058171526898,42.50465596105134
                  -90.66115298854902,42.50282628468036
               </coordinates>
            </LineString>
         </Placemark>
         <Placemark>
            <name> </name>
            <Point>
               <coordinates> -90.66058171526898,42.50465596105134 </coordinates>
            </Point>
         </Placemark>
         <Placemark>
            <name> </name>
            <Point>
               <coordinates> -90.66115298854902,42.50282628468036 </coordinates>
            </Point>
         </Placemark>
      </Folder>
      <Folder id="US_61_AND_151_@_9th-SSW-1042299633">
         <name> US_61_AND_151_@_9th-SSW-1042299633 </name>
         <Placemark>
            <name> trajectory </name>
            <LineString>
               <coordinates>
                  -90.65930412693257,42.5087152237158
                  -90.65993947520717,42.50672852635522
                  -90.6600480674218,42.50638542711106
                  -90.66012313202299,42.50607715933197
               </coordinates>
            </LineString>
         </Placemark>
         <Placemark>
            <name> </name>
            <Point>
               <coordinates> -90.65930412693257,42.5087152237158 </coordinates>
            </Point>
         </Placemark>
         <Placemark>
            <name> </name>
            <Point>
               <coordinates> -90.66012313202299,42.50607715933197 </coordinates>
            </Point>
         </Placemark>
      </Folder>
      <Folder id="US_61_AND_151_@_9th-SSW-1201529465">
         <name> US_61_AND_151_@_9th-SSW-1201529465 </name>
         <Placemark>
            <name> trajectory </name>
            <LineString>
               <coordinates>
                  -90.66012313202299,42.50607715933197
                  -90.66036974624626,42.505325768261976
               </coordinates>
            </LineString>
         </Placemark>
         <Placemark>
            <name> </name>
            <Point>
               <coordinates> -90.66012313202299,42.50607715933197 </coordinates>
            </Point>
         </Placemark>
         <Placemark>
            <name> </name>
            <Point>
               <coordinates> -90.66036974624626,42.505325768261976 </coordinates>
            </Point>
         </Placemark>
      </Folder>
      <Folder id="US_61_AND_151_@_9th-SSW-2139872901">
         <name> US_61_AND_151_@_9th-SSW-2139872901 </name>
         <Placemark>
            <name> trajectory </name>
            <LineString>
               <coordinates>
                  -90.66115298854902,42.50282628468036
                  -90.66138917195921,42.502003554299556
               </coordinates>
            </LineString>
         </Placemark>
         <Placemark>
            <name> </name>
            <Point>
               <coordinates> -90.66115298854902,42.50282628468036 </coordinates>
            </Point>
         </Placemark>
         <Placemark>
            <name> </name>
            <Point>
               <coordinates> -90.66138917195921,42.502003554299556 </coordinates>
            </Point>
         </Placemark>
      </Folder>
      <Folder id="US_61_AND_DMS_SIGN-N-754501166">
         <name> US_61_AND_DMS_SIGN-N-754501166 </name>
         <Placemark>
            <name> trajectory </name>
            <LineString>
               <coordinates>
                  -90.66844598952933,42.468410003224236
                  -90.66800510141265,42.469632084733966
                  -90.66787266733958,42.47012587197406
                  -90.6678318754099,42.470411788010864
                  -90.66781995448068,42.4710815952215
                  -90.66793562474703,42.47553238590507
                  -90.66797380897344,42.47648475639115
               </coordinates>
            </LineString>
         </Placemark>
         <Placemark>
            <name> </name>
            <Point>
               <coordinates> -90.66844598952933,42.468410003224236 </coordinates>
            </Point>
         </Placemark>
         <Placemark>
            <name> </name>
            <Point>
               <coordinates> -90.66797380897344,42.47648475639115 </coordinates>
            </Point>
         </Placemark>
      </Folder>
      <Folder id="US_61_AND_DMS_SIGN-NNE--1337346963">
         <name> US_61_AND_DMS_SIGN-NNE--1337346963 </name>
         <Placemark>
            <name> trajectory </name>
            <LineString>
               <coordinates>
                  -90.6688175872449,42.46736263783342
                  -90.66844598952933,42.468410003224236
               </coordinates>
            </LineString>
         </Placemark>
         <Placemark>
            <name> </name>
            <Point>
               <coordinates> -90.6688175872449,42.46736263783342 </coordinates>
            </Point>
         </Placemark>
         <Placemark>
            <name> </name>
            <Point>
               <coordinates> -90.66844598952933,42.468410003224236 </coordinates>
            </Point>
         </Placemark>
      </Folder>
      <Folder id="US_61_AND_DMS_SIGN-NNE-680336809">
         <name> US_61_AND_DMS_SIGN-NNE-680336809 </name>
         <Placemark>
            <name> trajectory </name>
            <LineString>
               <coordinates>
                  -90.67291205390346,42.45932178480897
                  -90.67194310587517,42.460648546978426
                  -90.67052023121387,42.46288483879458
                  -90.67019724853778,42.46360586874796
                  -90.66989978410079,42.464343662508064
                  -90.6688175872449,42.46736263783342
               </coordinates>
            </LineString>
         </Placemark>
         <Placemark>
            <name> </name>
            <Point>
               <coordinates> -90.67291205390346,42.45932178480897 </coordinates>
            </Point>
         </Placemark>
         <Placemark>
            <name> </name>
            <Point>
               <coordinates> -90.6688175872449,42.46736263783342 </coordinates>
            </Point>
         </Placemark>
      </Folder>
      <Folder id="US_61_AND_DMS_SIGN-S-198017795">
         <name> US_61_AND_DMS_SIGN-S-198017795 </name>
         <Placemark>
            <name> trajectory </name>
            <LineString>
               <coordinates>
                  -90.66806731376202,42.47396646009311
                  -90.66805502030377,42.473577167248216
                  -90.66802726689042,42.47272612466051
                  -90.66801217946437,42.47053844788384
                  -90.66809991005286,42.46980698711739
                  -90.66857339446038,42.46842807088259
               </coordinates>
            </LineString>
         </Placemark>
         <Placemark>
            <name> </name>
            <Point>
               <coordinates> -90.66806731376202,42.47396646009311 </coordinates>
            </Point>
         </Placemark>
         <Placemark>
            <name> </name>
            <Point>
               <coordinates> -90.66857339446038,42.46842807088259 </coordinates>
            </Point>
         </Placemark>
      </Folder>
      <Folder id="US_61_AND_DMS_SIGN-SSW-1035924776">
         <name> US_61_AND_DMS_SIGN-SSW-1035924776 </name>
         <Placemark>
            <name> trajectory </name>
            <LineString>
               <coordinates>
                  -90.66894108062105,42.46736599059476
                  -90.66953135288205,42.46573915628506
                  -90.67025331415802,42.46377499693129
                  -90.67060647168621,42.462995293654394
                  -90.67207200092238,42.460800352561485
                  -90.67306218310584,42.45937263502268
               </coordinates>
            </LineString>
         </Placemark>
         <Placemark>
            <name> </name>
            <Point>
               <coordinates> -90.66894108062105,42.46736599059476 </coordinates>
            </Point>
         </Placemark>
         <Placemark>
            <name> </name>
            <Point>
               <coordinates> -90.67306218310584,42.45937263502268 </coordinates>
            </Point>
         </Placemark>
      </Folder>
      <Folder id="US_61_AND_DMS_SIGN-SSW-38923535">
         <name> US_61_AND_DMS_SIGN-SSW-38923535 </name>
         <Placemark>
            <name> trajectory </name>
            <LineString>
               <coordinates>
                  -90.66857339446038,42.46842807088259
                  -90.66894108062105,42.46736599059476
               </coordinates>
            </LineString>
         </Placemark>
         <Placemark>
            <name> </name>
            <Point>
               <coordinates> -90.66857339446038,42.46842807088259 </coordinates>
            </Point>
         </Placemark>
         <Placemark>
            <name> </name>
            <Point>
               <coordinates> -90.66894108062105,42.46736599059476 </coordinates>
            </Point>
         </Placemark>
      </Folder>
      <Folder id="US_61_AND_MAQUOKETA-ESE-1702323565">
         <name> US_61_AND_MAQUOKETA-ESE-1702323565 </name>
         <Placemark>
            <name> trajectory </name>
            <LineString>
               <coordinates>
                  -90.67976778012812,42.45513108712632
                  -90.67848944665305,42.45475688170747
               </coordinates>
            </LineString>
         </Placemark>
         <Placemark>
            <name> </name>
            <Point>
               <coordinates> -90.67976778012812,42.45513108712632 </coordinates>
            </Point>
         </Placemark>
         <Placemark>
            <name> </name>
            <Point>
               <coordinates> -90.67848944665305,42.45475688170747 </coordinates>
            </Point>
         </Placemark>
      </Folder>
      <Folder id="US_61_AND_MAQUOKETA-ESE-400781544">
         <name> US_61_AND_MAQUOKETA-ESE-400781544 </name>
         <Placemark>
            <name> trajectory </name>
            <LineString>
               <coordinates>
                  -90.67848645790043,42.45475611548444
                  -90.67797255407324,42.4546424941278
               </coordinates>
            </LineString>
         </Placemark>
         <Placemark>
            <name> </name>
            <Point>
               <coordinates> -90.67848645790043,42.45475611548444 </coordinates>
            </Point>
         </Placemark>
         <Placemark>
            <name> </name>
            <Point>
               <coordinates> -90.67797255407324,42.4546424941278 </coordinates>
            </Point>
         </Placemark>
      </Folder>
      <Folder id="US_61_AND_MAQUOKETA-ESE-887649697">
         <name> US_61_AND_MAQUOKETA-ESE-887649697 </name>
         <Placemark>
            <name> trajectory </name>
            <LineString>
               <coordinates>
                  -90.67797477866917,42.45464304393678
                  -90.67778087729403,42.454589958548844
               </coordinates>
            </LineString>
         </Placemark>
         <Placemark>
            <name> </name>
            <Point>
               <coordinates> -90.67797477866917,42.45464304393678 </coordinates>
            </Point>
         </Placemark>
         <Placemark>
            <name> </name>
            <Point>
               <coordinates> -90.67778087729403,42.454589958548844 </coordinates>
            </Point>
         </Placemark>
      </Folder>
      <Folder id="US_61_AND_MAQUOKETA-NE--1377516211">
         <name> US_61_AND_MAQUOKETA-NE--1377516211 </name>
         <Placemark>
            <name> trajectory </name>
            <LineString>
               <coordinates>
                  -90.67776815618056,42.4546152529407
                  -90.67750496441509,42.454895022248365
                  -90.67714919918365,42.45517162505921
                  -90.67524538953406,42.456463183234554
                  -90.67484045046956,42.456783558207384
                  -90.67455025034883,42.457075062179754
               </coordinates>
            </LineString>
         </Placemark>
         <Placemark>
            <name> </name>
            <Point>
               <coordinates> -90.67776815618056,42.4546152529407 </coordinates>
            </Point>
         </Placemark>
         <Placemark>
            <name> </name>
            <Point>
               <coordinates> -90.67455025034883,42.457075062179754 </coordinates>
            </Point>
         </Placemark>
      </Folder>
      <Folder id="US_61_AND_MAQUOKETA-NNE--519217561">
         <name> US_61_AND_MAQUOKETA-NNE--519217561 </name>
         <Placemark>
            <name> trajectory </name>
            <LineString>
               <coordinates>
                  -90.67930744616629,42.45197402206005
                  -90.67929701535323,42.45200736340897
                  -90.6790371763491,42.45273249118177
                  -90.67877044555777,42.453329096436406
                  -90.67843628701053,42.45386274428359
                  -90.67816042925776,42.45424142005089
                  -90.67776815618056,42.4546152529407
               </coordinates>
            </LineString>
         </Placemark>
         <Placemark>
            <name> </name>
            <Point>
               <coordinates> -90.67930744616629,42.45197402206005 </coordinates>
            </Point>
         </Placemark>
         <Placemark>
            <name> </name>
            <Point>
               <coordinates> -90.67776815618056,42.4546152529407 </coordinates>
            </Point>
         </Placemark>
      </Folder>
      <Folder id="US_61_AND_MAQUOKETA-SSW-1281444425">
         <name> US_61_AND_MAQUOKETA-SSW-1281444425 </name>
         <Placemark>
            <name> trajectory </name>
            <LineString>
               <coordinates>
                  -90.67796205754493,42.45466833832864
                  -90.678396985197,42.45421366663755
                  -90.67864173677508,42.453863675606186
                  -90.67895875898657,42.45334325253986
                  -90.67922697989405,42.45268368987777
                  -90.67944602696849,42.45203344044164
               </coordinates>
            </LineString>
         </Placemark>
         <Placemark>
            <name> </name>
            <Point>
               <coordinates> -90.67796205754493,42.45466833832864 </coordinates>
            </Point>
         </Placemark>
         <Placemark>
            <name> </name>
            <Point>
               <coordinates> -90.67944602696849,42.45203344044164 </coordinates>
            </Point>
         </Placemark>
      </Folder>
      <Folder id="US_61_AND_MAQUOKETA-SW-928811212">
         <name> US_61_AND_MAQUOKETA-SW-928811212 </name>
         <Placemark>
            <name> trajectory </name>
            <LineString>
               <coordinates>
                  -90.67306218310584,42.45937263502268
                  -90.67470242846092,42.4571301964774
                  -90.67498089391695,42.45684036888571
                  -90.67547542621513,42.45644865460206
                  -90.67630337200247,42.45591184025806
                  -90.6775645690612,42.455030064024704
                  -90.67796205754493,42.45466833832864
               </coordinates>
            </LineString>
         </Placemark>
         <Placemark>
            <name> </name>
            <Point>
               <coordinates> -90.67306218310584,42.45937263502268 </coordinates>
            </Point>
         </Placemark>
         <Placemark>
            <name> </name>
            <Point>
               <coordinates> -90.67796205754493,42.45466833832864 </coordinates>
            </Point>
         </Placemark>
      </Folder>
      <Folder id="US_61_AND_MAQUOKETA-WNW--1163454936">
         <name> US_61_AND_MAQUOKETA-WNW--1163454936 </name>
         <Placemark>
            <name> trajectory </name>
            <LineString>
               <coordinates>
                  -90.6779515607959,42.45469418248163
                  -90.67846546458502,42.454807803838264
               </coordinates>
            </LineString>
         </Placemark>
         <Placemark>
            <name> </name>
            <Point>
               <coordinates> -90.6779515607959,42.45469418248163 </coordinates>
            </Point>
         </Placemark>
         <Placemark>
            <name> </name>
            <Point>
               <coordinates> -90.67846546458502,42.454807803838264 </coordinates>
            </Point>
         </Placemark>
      </Folder>
      <Folder id="US_61_AND_MAQUOKETA-WNW-1161172303">
         <name> US_61_AND_MAQUOKETA-WNW-1161172303 </name>
         <Placemark>
            <name> trajectory </name>
            <LineString>
               <coordinates>
                  -90.67846247553045,42.45480703751165
                  -90.67974080884437,42.4551812429305
               </coordinates>
            </LineString>
         </Placemark>
         <Placemark>
            <name> </name>
            <Point>
               <coordinates> -90.67846247553045,42.45480703751165 </coordinates>
            </Point>
         </Placemark>
         <Placemark>
            <name> </name>
            <Point>
               <coordinates> -90.67974080884437,42.4551812429305 </coordinates>
            </Point>
         </Placemark>
      </Folder>
      <Folder id="US_61_AND_MAQUOKETA-WNW-542653567">
         <name> US_61_AND_MAQUOKETA-WNW-542653567 </name>
         <Placemark>
            <name> trajectory </name>
            <LineString>
               <coordinates>
                  -90.67775543497852,42.4546405473097
                  -90.6779493363321,42.45469363269764
               </coordinates>
            </LineString>
         </Placemark>
         <Placemark>
            <name> </name>
            <Point>
               <coordinates> -90.67775543497852,42.4546405473097 </coordinates>
            </Point>
         </Placemark>
         <Placemark>
            <name> </name>
            <Point>
               <coordinates> -90.6779493363321,42.45469363269764 </coordinates>
            </Point>
         </Placemark>
      </Folder>
      <Folder id="US_61_AND_TWIN_VALLEY-ESE--1556248643">
         <name> US_61_AND_TWIN_VALLEY-ESE--1556248643 </name>
         <Placemark>
            <name> trajectory </name>
            <LineString>
               <coordinates>
                  -90.67361129085855,42.45953184165499
                  -90.67353790263208,42.45950781353202
                  -90.673077642966,42.459348184839165
               </coordinates>
            </LineString>
         </Placemark>
         <Placemark>
            <name> </name>
            <Point>
               <coordinates> -90.67361129085855,42.45953184165499 </coordinates>
            </Point>
         </Placemark>
         <Placemark>
            <name> </name>
            <Point>
               <coordinates> -90.673077642966,42.459348184839165 </coordinates>
            </Point>
         </Placemark>
      </Folder>
      <Folder id="US_61_AND_TWIN_VALLEY-ESE--194795771">
         <name> US_61_AND_TWIN_VALLEY-ESE--194795771 </name>
         <Placemark>
            <name> trajectory </name>
            <LineString>
               <coordinates>
                  -90.67412594639936,42.45970134270646
                  -90.67361073869918,42.45953165572957
               </coordinates>
            </LineString>
         </Placemark>
         <Placemark>
            <name> </name>
            <Point>
               <coordinates> -90.67412594639936,42.45970134270646 </coordinates>
            </Point>
         </Placemark>
         <Placemark>
            <name> </name>
            <Point>
               <coordinates> -90.67361073869918,42.45953165572957 </coordinates>
            </Point>
         </Placemark>
      </Folder>
      <Folder id="US_61_AND_TWIN_VALLEY-ESE--78099718">
         <name> US_61_AND_TWIN_VALLEY-ESE--78099718 </name>
         <Placemark>
            <name> trajectory </name>
            <LineString>
               <coordinates>
                  -90.67513750699618,42.46006201531089
                  -90.67440921265815,42.45979714716474
               </coordinates>
            </LineString>
         </Placemark>
         <Placemark>
            <name> </name>
            <Point>
               <coordinates> -90.67513750699618,42.46006201531089 </coordinates>
            </Point>
         </Placemark>
         <Placemark>
            <name> </name>
            <Point>
               <coordinates> -90.67440921265815,42.45979714716474 </coordinates>
            </Point>
         </Placemark>
      </Folder>
      <Folder id="US_61_AND_TWIN_VALLEY-ESE-1525048204">
         <name> US_61_AND_TWIN_VALLEY-ESE-1525048204 </name>
         <Placemark>
            <name> trajectory </name>
            <LineString>
               <coordinates>
                  -90.67307744132245,42.459348115992775
                  -90.67292731210767,42.459297265779064
               </coordinates>
            </LineString>
         </Placemark>
         <Placemark>
            <name> </name>
            <Point>
               <coordinates> -90.67307744132245,42.459348115992775 </coordinates>
            </Point>
         </Placemark>
         <Placemark>
            <name> </name>
            <Point>
               <coordinates> -90.67292731210767,42.459297265779064 </coordinates>
            </Point>
         </Placemark>
      </Folder>
      <Folder id="US_61_AND_TWIN_VALLEY-ESE-1659044400">
         <name> US_61_AND_TWIN_VALLEY-ESE-1659044400 </name>
         <Placemark>
            <name> trajectory </name>
            <LineString>
               <coordinates>
                  -90.67292776471108,42.45929742185031
                  -90.6721789812784,42.45903460261388
               </coordinates>
            </LineString>
         </Placemark>
         <Placemark>
            <name> </name>
            <Point>
               <coordinates> -90.67292776471108,42.45929742185031 </coordinates>
            </Point>
         </Placemark>
         <Placemark>
            <name> </name>
            <Point>
               <coordinates> -90.6721789812784,42.45903460261388 </coordinates>
            </Point>
         </Placemark>
      </Folder>
      <Folder id="US_61_AND_TWIN_VALLEY-ESE-564736951">
         <name> US_61_AND_TWIN_VALLEY-ESE-564736951 </name>
         <Placemark>
            <name> trajectory </name>
            <LineString>
               <coordinates>
                  -90.67433156168212,42.459768949894425
                  -90.67412592563699,42.459701335874
               </coordinates>
            </LineString>
         </Placemark>
         <Placemark>
            <name> </name>
            <Point>
               <coordinates> -90.67433156168212,42.459768949894425 </coordinates>
            </Point>
         </Placemark>
         <Placemark>
            <name> </name>
            <Point>
               <coordinates> -90.67412592563699,42.459701335874 </coordinates>
            </Point>
         </Placemark>
      </Folder>
      <Folder id="US_61_AND_TWIN_VALLEY-ESE-678022491">
         <name> US_61_AND_TWIN_VALLEY-ESE-678022491 </name>
         <Placemark>
            <name> trajectory </name>
            <LineString>
               <coordinates>
                  -90.6744092031574,42.45979714371078
                  -90.67433283469741,42.45976939029743
               </coordinates>
            </LineString>
         </Placemark>
         <Placemark>
            <name> </name>
            <Point>
               <coordinates> -90.6744092031574,42.45979714371078 </coordinates>
            </Point>
         </Placemark>
         <Placemark>
            <name> </name>
            <Point>
               <coordinates> -90.67433283469741,42.45976939029743 </coordinates>
            </Point>
         </Placemark>
      </Folder>
      <Folder id="US_61_AND_TWIN_VALLEY-ESE-816790577">
         <name> US_61_AND_TWIN_VALLEY-ESE-816790577 </name>
         <Placemark>
            <name> trajectory </name>
            <LineString>
               <coordinates>
                  -90.67217811563383,42.45903430892048
                  -90.66517419658376,42.45648900426717
                  -90.6637697620083,42.45606059587326
                  -90.66073588533729,42.45528387282868
               </coordinates>
            </LineString>
         </Placemark>
         <Placemark>
            <name> </name>
            <Point>
               <coordinates> -90.67217811563383,42.45903430892048 </coordinates>
            </Point>
         </Placemark>
         <Placemark>
            <name> </name>
            <Point>
               <coordinates> -90.66073588533729,42.45528387282868 </coordinates>
            </Point>
         </Placemark>
      </Folder>
      <Folder id="US_61_AND_TWIN_VALLEY-NE--1377516211">
         <name> US_61_AND_TWIN_VALLEY-NE--1377516211 </name>
         <Placemark>
            <name> trajectory </name>
            <LineString>
               <coordinates>
                  -90.67776815618056,42.4546152529407
                  -90.67750496441509,42.454895022248365
                  -90.67714919918365,42.45517162505921
                  -90.67524538953406,42.456463183234554
                  -90.67484045046956,42.456783558207384
                  -90.67455025034883,42.457075062179754
               </coordinates>
            </LineString>
         </Placemark>
         <Placemark>
            <name> </name>
            <Point>
               <coordinates> -90.67776815618056,42.4546152529407 </coordinates>
            </Point>
         </Placemark>
         <Placemark>
            <name> </name>
            <Point>
               <coordinates> -90.67455025034883,42.457075062179754 </coordinates>
            </Point>
         </Placemark>
      </Folder>
      <Folder id="US_61_AND_TWIN_VALLEY-NNE--192630284">
         <name> US_61_AND_TWIN_VALLEY-NNE--192630284 </name>
         <Placemark>
            <name> trajectory </name>
            <LineString>
               <coordinates>
                  -90.67455025034883,42.457075062179754
                  -90.67396239952659,42.45784638355329
                  -90.67291205390346,42.45932178480897
               </coordinates>
            </LineString>
         </Placemark>
         <Placemark>
            <name> </name>
            <Point>
               <coordinates> -90.67455025034883,42.457075062179754 </coordinates>
            </Point>
         </Placemark>
         <Placemark>
            <name> </name>
            <Point>
               <coordinates> -90.67291205390346,42.45932178480897 </coordinates>
            </Point>
         </Placemark>
      </Folder>
      <Folder id="US_61_AND_TWIN_VALLEY-NNE-680336809">
         <name> US_61_AND_TWIN_VALLEY-NNE-680336809 </name>
         <Placemark>
            <name> trajectory </name>
            <LineString>
               <coordinates>
                  -90.67291205390346,42.45932178480897
                  -90.67194310587517,42.460648546978426
                  -90.67052023121387,42.46288483879458
                  -90.67019724853778,42.46360586874796
                  -90.66989978410079,42.464343662508064
                  -90.6688175872449,42.46736263783342
               </coordinates>
            </LineString>
         </Placemark>
         <Placemark>
            <name> </name>
            <Point>
               <coordinates> -90.67291205390346,42.45932178480897 </coordinates>
            </Point>
         </Placemark>
         <Placemark>
            <name> </name>
            <Point>
               <coordinates> -90.6688175872449,42.46736263783342 </coordinates>
            </Point>
         </Placemark>
      </Folder>
      <Folder id="US_61_AND_TWIN_VALLEY-SSW-1035924776">
         <name> US_61_AND_TWIN_VALLEY-SSW-1035924776 </name>
         <Placemark>
            <name> trajectory </name>
            <LineString>
               <coordinates>
                  -90.66894108062105,42.46736599059476
                  -90.66953135288205,42.46573915628506
                  -90.67025331415802,42.46377499693129
                  -90.67060647168621,42.462995293654394
                  -90.67207200092238,42.460800352561485
                  -90.67306218310584,42.45937263502268
               </coordinates>
            </LineString>
         </Placemark>
         <Placemark>
            <name> </name>
            <Point>
               <coordinates> -90.66894108062105,42.46736599059476 </coordinates>
            </Point>
         </Placemark>
         <Placemark>
            <name> </name>
            <Point>
               <coordinates> -90.67306218310584,42.45937263502268 </coordinates>
            </Point>
         </Placemark>
      </Folder>
      <Folder id="US_61_AND_TWIN_VALLEY-SW-928811212">
         <name> US_61_AND_TWIN_VALLEY-SW-928811212 </name>
         <Placemark>
            <name> trajectory </name>
            <LineString>
               <coordinates>
                  -90.67306218310584,42.45937263502268
                  -90.67470242846092,42.4571301964774
                  -90.67498089391695,42.45684036888571
                  -90.67547542621513,42.45644865460206
                  -90.67630337200247,42.45591184025806
                  -90.6775645690612,42.455030064024704
                  -90.67796205754493,42.45466833832864
               </coordinates>
            </LineString>
         </Placemark>
         <Placemark>
            <name> </name>
            <Point>
               <coordinates> -90.67306218310584,42.45937263502268 </coordinates>
            </Point>
         </Placemark>
         <Placemark>
            <name> </name>
            <Point>
               <coordinates> -90.67796205754493,42.45466833832864 </coordinates>
            </Point>
         </Placemark>
      </Folder>
      <Folder id="US_61_AND_TWIN_VALLEY-WNW--1450230769">
         <name> US_61_AND_TWIN_VALLEY-WNW--1450230769 </name>
         <Placemark>
            <name> trajectory </name>
            <LineString>
               <coordinates>
                  -90.67289679562852,42.45934630381694
                  -90.67304692481852,42.45939715403065
               </coordinates>
            </LineString>
         </Placemark>
         <Placemark>
            <name> </name>
            <Point>
               <coordinates> -90.67289679562852,42.45934630381694 </coordinates>
            </Point>
         </Placemark>
         <Placemark>
            <name> </name>
            <Point>
               <coordinates> -90.67304692481852,42.45939715403065 </coordinates>
            </Point>
         </Placemark>
      </Folder>
      <Folder id="US_61_AND_TWIN_VALLEY-WNW--763333983">
         <name> US_61_AND_TWIN_VALLEY-WNW--763333983 </name>
         <Placemark>
            <name> trajectory </name>
            <LineString>
               <coordinates>
                  -90.67358092299247,42.45958092787875
                  -90.67409613061186,42.45975061485563
               </coordinates>
            </LineString>
         </Placemark>
         <Placemark>
            <name> </name>
            <Point>
               <coordinates> -90.67358092299247,42.45958092787875 </coordinates>
            </Point>
         </Placemark>
         <Placemark>
            <name> </name>
            <Point>
               <coordinates> -90.67409613061186,42.45975061485563 </coordinates>
            </Point>
         </Placemark>
      </Folder>
      <Folder id="US_61_AND_TWIN_VALLEY-WNW--902743306">
         <name> US_61_AND_TWIN_VALLEY-WNW--902743306 </name>
         <Placemark>
            <name> trajectory </name>
            <LineString>
               <coordinates>
                  -90.67304672302524,42.45939708513241
                  -90.67350698261248,42.45955671382527
                  -90.67358037082708,42.45958074194824
               </coordinates>
            </LineString>
         </Placemark>
         <Placemark>
            <name> </name>
            <Point>
               <coordinates> -90.67304672302524,42.45939708513241 </coordinates>
            </Point>
         </Placemark>
         <Placemark>
            <name> </name>
            <Point>
               <coordinates> -90.67358037082708,42.45958074194824 </coordinates>
            </Point>
         </Placemark>
      </Folder>
      <Folder id="US_61_AND_TWIN_VALLEY-WNW-105691387">
         <name> US_61_AND_TWIN_VALLEY-WNW-105691387 </name>
         <Placemark>
            <name> trajectory </name>
            <LineString>
               <coordinates>
                  -90.67409615149603,42.45975062172824
                  -90.67430178750901,42.45981823574866
               </coordinates>
            </LineString>
         </Placemark>
         <Placemark>
            <name> </name>
            <Point>
               <coordinates> -90.67409615149603,42.45975062172824 </coordinates>
            </Point>
         </Placemark>
         <Placemark>
            <name> </name>
            <Point>
               <coordinates> -90.67430178750901,42.45981823574866 </coordinates>
            </Point>
         </Placemark>
      </Folder>
      <Folder id="US_61_AND_TWIN_VALLEY-WNW-1093075768">
         <name> US_61_AND_TWIN_VALLEY-WNW-1093075768 </name>
         <Placemark>
            <name> trajectory </name>
            <LineString>
               <coordinates>
                  -90.67437687323732,42.45984554522895
                  -90.67510516743856,42.46011041337509
               </coordinates>
            </LineString>
         </Placemark>
         <Placemark>
            <name> </name>
            <Point>
               <coordinates> -90.67437687323732,42.45984554522895 </coordinates>
            </Point>
         </Placemark>
         <Placemark>
            <name> </name>
            <Point>
               <coordinates> -90.67510516743856,42.46011041337509 </coordinates>
            </Point>
         </Placemark>
      </Folder>
      <Folder id="US_61_AND_TWIN_VALLEY-WNW-165377845">
         <name> US_61_AND_TWIN_VALLEY-WNW-165377845 </name>
         <Placemark>
            <name> trajectory </name>
            <LineString>
               <coordinates>
                  -90.6607061924045,42.45533318465423
                  -90.66374006870721,42.45610990769881
                  -90.66514450307955,42.456538316092725
                  -90.67214842092265,42.45908362074603
               </coordinates>
            </LineString>
         </Placemark>
         <Placemark>
            <name> </name>
            <Point>
               <coordinates> -90.6607061924045,42.45533318465423 </coordinates>
            </Point>
         </Placemark>
         <Placemark>
            <name> </name>
            <Point>
               <coordinates> -90.67214842092265,42.45908362074603 </coordinates>
            </Point>
         </Placemark>
      </Folder>
      <Folder id="US_61_AND_TWIN_VALLEY-WNW-716276997">
         <name> US_61_AND_TWIN_VALLEY-WNW-716276997 </name>
         <Placemark>
            <name> trajectory </name>
            <LineString>
               <coordinates>
                  -90.67214755949152,42.4590833284268
                  -90.6728963427923,42.45934614766323
               </coordinates>
            </LineString>
         </Placemark>
         <Placemark>
            <name> </name>
            <Point>
               <coordinates> -90.67214755949152,42.4590833284268 </coordinates>
            </Point>
         </Placemark>
         <Placemark>
            <name> </name>
            <Point>
               <coordinates> -90.6728963427923,42.45934614766323 </coordinates>
            </Point>
         </Placemark>
      </Folder>
      <Folder id="US_61_AND_TWIN_VALLEY-WNW-986296077">
         <name> US_61_AND_TWIN_VALLEY-WNW-986296077 </name>
         <Placemark>
            <name> trajectory </name>
            <LineString>
               <coordinates>
                  -90.67430051454437,42.45981779536121
                  -90.67437688299005,42.45984554877456
               </coordinates>
            </LineString>
         </Placemark>
         <Placemark>
            <name> </name>
            <Point>
               <coordinates> -90.67430051454437,42.45981779536121 </coordinates>
            </Point>
         </Placemark>
         <Placemark>
            <name> </name>
            <Point>
               <coordinates> -90.67437688299005,42.45984554877456 </coordinates>
            </Point>
         </Placemark>
      </Folder>
      <Folder id="WHITE_AND_11TH-ENE--1564762466">
         <name> WHITE_AND_11TH-ENE--1564762466 </name>
         <Placemark>
            <name> trajectory </name>
            <LineString>
               <coordinates>
                  -90.66541652837617,42.504148131486126
                  -90.66492702518832,42.504293231546484
               </coordinates>
            </LineString>
         </Placemark>
         <Placemark>
            <name> </name>
            <Point>
               <coordinates> -90.66541652837617,42.504148131486126 </coordinates>
            </Point>
         </Placemark>
         <Placemark>
            <name> </name>
            <Point>
               <coordinates> -90.66492702518832,42.504293231546484 </coordinates>
            </Point>
         </Placemark>
      </Folder>
      <Folder id="WHITE_AND_11TH-ENE--1790257785">
         <name> WHITE_AND_11TH-ENE--1790257785 </name>
         <Placemark>
            <name> trajectory </name>
            <LineString>
               <coordinates>
                  -90.66639226394922,42.50387171640638
                  -90.66563044202171,42.50408536180977
               </coordinates>
            </LineString>
         </Placemark>
         <Placemark>
            <name> </name>
            <Point>
               <coordinates> -90.66639226394922,42.50387171640638 </coordinates>
            </Point>
         </Placemark>
         <Placemark>
            <name> </name>
            <Point>
               <coordinates> -90.66563044202171,42.50408536180977 </coordinates>
            </Point>
         </Placemark>
      </Folder>
      <Folder id="WHITE_AND_11TH-ENE-2079293176">
         <name> WHITE_AND_11TH-ENE-2079293176 </name>
         <Placemark>
            <name> trajectory </name>
            <LineString>
               <coordinates>
                  -90.66562991946971,42.50408551174446
                  -90.6654166465818,42.50414809662287
               </coordinates>
            </LineString>
         </Placemark>
         <Placemark>
            <name> </name>
            <Point>
               <coordinates> -90.66562991946971,42.50408551174446 </coordinates>
            </Point>
         </Placemark>
         <Placemark>
            <name> </name>
            <Point>
               <coordinates> -90.6654166465818,42.50414809662287 </coordinates>
            </Point>
         </Placemark>
      </Folder>
      <Folder id="WHITE_AND_11TH-ENE-2094535192">
         <name> WHITE_AND_11TH-ENE-2094535192 </name>
         <Placemark>
            <name> trajectory </name>
            <LineString>
               <coordinates>
                  -90.66492695952519,42.504293251065114
                  -90.66443205466562,42.50444077256422
               </coordinates>
            </LineString>
         </Placemark>
         <Placemark>
            <name> </name>
            <Point>
               <coordinates> -90.66492695952519,42.504293251065114 </coordinates>
            </Point>
         </Placemark>
         <Placemark>
            <name> </name>
            <Point>
               <coordinates> -90.66443205466562,42.50444077256422 </coordinates>
            </Point>
         </Placemark>
      </Folder>
      <Folder id="WHITE_AND_11TH-NNW--1130673296">
         <name> WHITE_AND_11TH-NNW--1130673296 </name>
         <Placemark>
            <name> trajectory </name>
            <LineString>
               <coordinates>
                  -90.66553728279928,42.504354398794945
                  -90.66588336227574,42.50499067839214
               </coordinates>
            </LineString>
         </Placemark>
         <Placemark>
            <name> </name>
            <Point>
               <coordinates> -90.66553728279928,42.504354398794945 </coordinates>
            </Point>
         </Placemark>
         <Placemark>
            <name> </name>
            <Point>
               <coordinates> -90.66588336227574,42.50499067839214 </coordinates>
            </Point>
         </Placemark>
      </Folder>
      <Folder id="WHITE_AND_11TH-NNW--1756869053">
         <name> WHITE_AND_11TH-NNW--1756869053 </name>
         <Placemark>
            <name> trajectory </name>
            <LineString>
               <coordinates>
                  -90.6641009970926,42.5017405487986
                  -90.66455026711263,42.50255769124384
               </coordinates>
            </LineString>
         </Placemark>
         <Placemark>
            <name> </name>
            <Point>
               <coordinates> -90.6641009970926,42.5017405487986 </coordinates>
            </Point>
         </Placemark>
         <Placemark>
            <name> </name>
            <Point>
               <coordinates> -90.66455026711263,42.50255769124384 </coordinates>
            </Point>
         </Placemark>
      </Folder>
      <Folder id="WHITE_AND_11TH-NNW--19007695">
         <name> WHITE_AND_11TH-NNW--19007695 </name>
         <Placemark>
            <name> trajectory </name>
            <LineString>
               <coordinates>
                  -90.6654301807008,42.504173163417875
                  -90.66553728279928,42.504354398794945
               </coordinates>
            </LineString>
         </Placemark>
         <Placemark>
            <name> </name>
            <Point>
               <coordinates> -90.6654301807008,42.504173163417875 </coordinates>
            </Point>
         </Placemark>
         <Placemark>
            <name> </name>
            <Point>
               <coordinates> -90.66553728279928,42.504354398794945 </coordinates>
            </Point>
         </Placemark>
      </Folder>
      <Folder id="WHITE_AND_11TH-NNW--2009324232">
         <name> WHITE_AND_11TH-NNW--2009324232 </name>
         <Placemark>
            <name> trajectory </name>
            <LineString>
               <coordinates>
                  -90.66498556729374,42.503365147934076
                  -90.6654301807008,42.504173163417875
               </coordinates>
            </LineString>
         </Placemark>
         <Placemark>
            <name> </name>
            <Point>
               <coordinates> -90.66498556729374,42.503365147934076 </coordinates>
            </Point>
         </Placemark>
         <Placemark>
            <name> </name>
            <Point>
               <coordinates> -90.6654301807008,42.504173163417875 </coordinates>
            </Point>
         </Placemark>
      </Folder>
      <Folder id="WHITE_AND_11TH-NNW-386403630">
         <name> WHITE_AND_11TH-NNW-386403630 </name>
         <Placemark>
            <name> trajectory </name>
            <LineString>
               <coordinates>
                  -90.66455026711263,42.50255769124384
                  -90.66498556729374,42.503365147934076
               </coordinates>
            </LineString>
         </Placemark>
         <Placemark>
            <name> </name>
            <Point>
               <coordinates> -90.66455026711263,42.50255769124384 </coordinates>
            </Point>
         </Placemark>
         <Placemark>
            <name> </name>
            <Point>
               <coordinates> -90.66498556729374,42.503365147934076 </coordinates>
            </Point>
         </Placemark>
      </Folder>
      <Folder id="WHITE_AND_11TH-WSW--1721259424">
         <name> WHITE_AND_11TH-WSW--1721259424 </name>
         <Placemark>
            <name> trajectory </name>
            <LineString>
               <coordinates>
                  -90.6649543297159,42.504343295466455
                  -90.66544383284037,42.504198195406104
               </coordinates>
            </LineString>
         </Placemark>
         <Placemark>
            <name> </name>
            <Point>
               <coordinates> -90.6649543297159,42.504343295466455 </coordinates>
            </Point>
         </Placemark>
         <Placemark>
            <name> </name>
            <Point>
               <coordinates> -90.66544383284037,42.504198195406104 </coordinates>
            </Point>
         </Placemark>
      </Folder>
      <Folder id="WHITE_AND_11TH-WSW--226185297">
         <name> WHITE_AND_11TH-WSW--226185297 </name>
         <Placemark>
            <name> trajectory </name>
            <LineString>
               <coordinates>
                  -90.66565646483183,42.504135795353854
                  -90.66641828667042,42.503922149950455
               </coordinates>
            </LineString>
         </Placemark>
         <Placemark>
            <name> </name>
            <Point>
               <coordinates> -90.66565646483183,42.504135795353854 </coordinates>
            </Point>
         </Placemark>
         <Placemark>
            <name> </name>
            <Point>
               <coordinates> -90.66641828667042,42.503922149950455 </coordinates>
            </Point>
         </Placemark>
      </Folder>
      <Folder id="WHITE_AND_11TH-WSW-1003099526">
         <name> WHITE_AND_11TH-WSW-1003099526 </name>
         <Placemark>
            <name> trajectory </name>
            <LineString>
               <coordinates>
                  -90.66544371474514,42.50419823023637
                  -90.66565698760594,42.504135645357955
               </coordinates>
            </LineString>
         </Placemark>
         <Placemark>
            <name> </name>
            <Point>
               <coordinates> -90.66544371474514,42.50419823023637 </coordinates>
            </Point>
         </Placemark>
         <Placemark>
            <name> </name>
            <Point>
               <coordinates> -90.66565698760594,42.504135645357955 </coordinates>
            </Point>
         </Placemark>
      </Folder>
      <Folder id="WHITE_AND_11TH-WSW-665862471">
         <name> WHITE_AND_11TH-WSW-665862471 </name>
         <Placemark>
            <name> trajectory </name>
            <LineString>
               <coordinates>
                  -90.6644594905822,42.504490797447865
                  -90.66495439537705,42.50434327594874
               </coordinates>
            </LineString>
         </Placemark>
         <Placemark>
            <name> </name>
            <Point>
               <coordinates> -90.6644594905822,42.504490797447865 </coordinates>
            </Point>
         </Placemark>
         <Placemark>
            <name> </name>
            <Point>
               <coordinates> -90.66495439537705,42.50434327594874 </coordinates>
            </Point>
         </Placemark>
      </Folder>
      <Folder id="WHITE_AND_13TH-ENE--1061625618">
         <name> WHITE_AND_13TH-ENE--1061625618 </name>
         <Placemark>
            <name> trajectory </name>
            <LineString>
               <coordinates>
                  -90.66825972033732,42.50521418642301
                  -90.6672769886752,42.505495073317796
               </coordinates>
            </LineString>
         </Placemark>
         <Placemark>
            <name> </name>
            <Point>
               <coordinates> -90.66825972033732,42.50521418642301 </coordinates>
            </Point>
         </Placemark>
         <Placemark>
            <name> </name>
            <Point>
               <coordinates> -90.6672769886752,42.505495073317796 </coordinates>
            </Point>
         </Placemark>
      </Folder>
      <Folder id="WHITE_AND_13TH-ENE--136541522">
         <name> WHITE_AND_13TH-ENE--136541522 </name>
         <Placemark>
            <name> trajectory </name>
            <LineString>
               <coordinates>
                  -90.66668587221125,42.505671044609066
                  -90.66629099140503,42.50578857752061
               </coordinates>
            </LineString>
         </Placemark>
         <Placemark>
            <name> </name>
            <Point>
               <coordinates> -90.66668587221125,42.505671044609066 </coordinates>
            </Point>
         </Placemark>
         <Placemark>
            <name> </name>
            <Point>
               <coordinates> -90.66629099140503,42.50578857752061 </coordinates>
            </Point>
         </Placemark>
      </Folder>
      <Folder id="WHITE_AND_13TH-ENE-11416449">
         <name> WHITE_AND_13TH-ENE-11416449 </name>
         <Placemark>
            <name> trajectory </name>
            <LineString>
               <coordinates>
                  -90.66533135158957,42.506074308766664
                  -90.66481036969567,42.50622946711106
                  -90.6643329737021,42.50637158693913
               </coordinates>
            </LineString>
         </Placemark>
         <Placemark>
            <name> </name>
            <Point>
               <coordinates> -90.66533135158957,42.506074308766664 </coordinates>
            </Point>
         </Placemark>
         <Placemark>
            <name> </name>
            <Point>
               <coordinates> -90.6643329737021,42.50637158693913 </coordinates>
            </Point>
         </Placemark>
      </Folder>
      <Folder id="WHITE_AND_13TH-ENE-1647778293">
         <name> WHITE_AND_13TH-ENE-1647778293 </name>
         <Placemark>
            <name> trajectory </name>
            <LineString>
               <coordinates>
                  -90.66727651479694,42.50549521157069
                  -90.66668586996836,42.5056710452767
               </coordinates>
            </LineString>
         </Placemark>
         <Placemark>
            <name> </name>
            <Point>
               <coordinates> -90.66727651479694,42.50549521157069 </coordinates>
            </Point>
         </Placemark>
         <Placemark>
            <name> </name>
            <Point>
               <coordinates> -90.66668586996836,42.5056710452767 </coordinates>
            </Point>
         </Placemark>
      </Folder>
      <Folder id="WHITE_AND_13TH-ENE-294094897">
         <name> WHITE_AND_13TH-ENE-294094897 </name>
         <Placemark>
            <name> trajectory </name>
            <LineString>
               <coordinates>
                  -90.66629099047384,42.50578857779779
                  -90.66579664440792,42.50593572676785
               </coordinates>
            </LineString>
         </Placemark>
         <Placemark>
            <name> </name>
            <Point>
               <coordinates> -90.66629099047384,42.50578857779779 </coordinates>
            </Point>
         </Placemark>
         <Placemark>
            <name> </name>
            <Point>
               <coordinates> -90.66579664440792,42.50593572676785 </coordinates>
            </Point>
         </Placemark>
      </Folder>
      <Folder id="WHITE_AND_13TH-ENE-61088187">
         <name> WHITE_AND_13TH-ENE-61088187 </name>
         <Placemark>
            <name> trajectory </name>
            <LineString>
               <coordinates>
                  -90.66579663748632,42.50593572882878
                  -90.66533134868726,42.50607430963099
               </coordinates>
            </LineString>
         </Placemark>
         <Placemark>
            <name> </name>
            <Point>
               <coordinates> -90.66579663748632,42.50593572882878 </coordinates>
            </Point>
         </Placemark>
         <Placemark>
            <name> </name>
            <Point>
               <coordinates> -90.66533134868726,42.50607430963099 </coordinates>
            </Point>
         </Placemark>
      </Folder>
      <Folder id="WHITE_AND_13TH-N--424557684">
         <name> WHITE_AND_13TH-N--424557684 </name>
         <Placemark>
            <name> trajectory </name>
            <LineString>
               <coordinates>
                  -90.66627451776581,42.50568693516449
                  -90.66630469261791,42.505813595037466
               </coordinates>
            </LineString>
         </Placemark>
         <Placemark>
            <name> </name>
            <Point>
               <coordinates> -90.66627451776581,42.50568693516449 </coordinates>
            </Point>
         </Placemark>
         <Placemark>
            <name> </name>
            <Point>
               <coordinates> -90.66630469261791,42.505813595037466 </coordinates>
            </Point>
         </Placemark>
      </Folder>
      <Folder id="WHITE_AND_13TH-NNW--1130673296">
         <name> WHITE_AND_13TH-NNW--1130673296 </name>
         <Placemark>
            <name> trajectory </name>
            <LineString>
               <coordinates>
                  -90.66553728279928,42.504354398794945
                  -90.66588336227574,42.50499067839214
               </coordinates>
            </LineString>
         </Placemark>
         <Placemark>
            <name> </name>
            <Point>
               <coordinates> -90.66553728279928,42.504354398794945 </coordinates>
            </Point>
         </Placemark>
         <Placemark>
            <name> </name>
            <Point>
               <coordinates> -90.66588336227574,42.50499067839214 </coordinates>
            </Point>
         </Placemark>
      </Folder>
      <Folder id="WHITE_AND_13TH-NNW--521062764">
         <name> WHITE_AND_13TH-NNW--521062764 </name>
         <Placemark>
            <name> trajectory </name>
            <LineString>
               <coordinates>
                  -90.66630469261791,42.505813595037466
                  -90.6667846962836,42.506643589734516
               </coordinates>
            </LineString>
         </Placemark>
         <Placemark>
            <name> </name>
            <Point>
               <coordinates> -90.66630469261791,42.505813595037466 </coordinates>
            </Point>
         </Placemark>
         <Placemark>
            <name> </name>
            <Point>
               <coordinates> -90.6667846962836,42.506643589734516 </coordinates>
            </Point>
         </Placemark>
      </Folder>
      <Folder id="WHITE_AND_13TH-NNW-411358260">
         <name> WHITE_AND_13TH-NNW-411358260 </name>
         <Placemark>
            <name> trajectory </name>
            <LineString>
               <coordinates>
                  -90.66588336227574,42.50499067839214
                  -90.66627451776581,42.50568693516449
               </coordinates>
            </LineString>
         </Placemark>
         <Placemark>
            <name> </name>
            <Point>
               <coordinates> -90.66588336227574,42.50499067839214 </coordinates>
            </Point>
         </Placemark>
         <Placemark>
            <name> </name>
            <Point>
               <coordinates> -90.66627451776581,42.50568693516449 </coordinates>
            </Point>
         </Placemark>
      </Folder>
      <Folder id="WHITE_AND_13TH-WSW--1058176560">
         <name> WHITE_AND_13TH-WSW--1058176560 </name>
         <Placemark>
            <name> trajectory </name>
            <LineString>
               <coordinates>
                  -90.66582404857373,42.50598576130447
                  -90.66631839457513,42.50583861233441
               </coordinates>
            </LineString>
         </Placemark>
         <Placemark>
            <name> </name>
            <Point>
               <coordinates> -90.66582404857373,42.50598576130447 </coordinates>
            </Point>
         </Placemark>
         <Placemark>
            <name> </name>
            <Point>
               <coordinates> -90.66631839457513,42.50583861233441 </coordinates>
            </Point>
         </Placemark>
      </Folder>
      <Folder id="WHITE_AND_13TH-WSW--1125152516">
         <name> WHITE_AND_13TH-WSW--1125152516 </name>
         <Placemark>
            <name> trajectory </name>
            <LineString>
               <coordinates>
                  -90.66436038589589,42.506421619142614
                  -90.66483778182716,42.50627949931455
                  -90.66535876365302,42.506124340970146
               </coordinates>
            </LineString>
         </Placemark>
         <Placemark>
            <name> </name>
            <Point>
               <coordinates> -90.66436038589589,42.506421619142614 </coordinates>
            </Point>
         </Placemark>
         <Placemark>
            <name> </name>
            <Point>
               <coordinates> -90.66535876365302,42.506124340970146 </coordinates>
            </Point>
         </Placemark>
      </Folder>
      <Folder id="WHITE_AND_13TH-WSW--1803410864">
         <name> WHITE_AND_13TH-WSW--1803410864 </name>
         <Placemark>
            <name> trajectory </name>
            <LineString>
               <coordinates>
                  -90.66730344731681,42.5055453836335
                  -90.66828617886007,42.505264496738725
               </coordinates>
            </LineString>
         </Placemark>
         <Placemark>
            <name> </name>
            <Point>
               <coordinates> -90.66730344731681,42.5055453836335 </coordinates>
            </Point>
         </Placemark>
         <Placemark>
            <name> </name>
            <Point>
               <coordinates> -90.66828617886007,42.505264496738725 </coordinates>
            </Point>
         </Placemark>
      </Folder>
      <Folder id="WHITE_AND_13TH-WSW--1996053799">
         <name> WHITE_AND_13TH-WSW--1996053799 </name>
         <Placemark>
            <name> trajectory </name>
            <LineString>
               <coordinates>
                  -90.66631839368374,42.50583861259973
                  -90.66671327443844,42.505721079688186
               </coordinates>
            </LineString>
         </Placemark>
         <Placemark>
            <name> </name>
            <Point>
               <coordinates> -90.66631839368374,42.50583861259973 </coordinates>
            </Point>
         </Placemark>
         <Placemark>
            <name> </name>
            <Point>
               <coordinates> -90.66671327443844,42.505721079688186 </coordinates>
            </Point>
         </Placemark>
      </Folder>
      <Folder id="WHITE_AND_13TH-WSW--2059942265">
         <name> WHITE_AND_13TH-WSW--2059942265 </name>
         <Placemark>
            <name> trajectory </name>
            <LineString>
               <coordinates>
                  -90.66535876676868,42.50612434004232
                  -90.66582405550696,42.50598575924011
               </coordinates>
            </LineString>
         </Placemark>
         <Placemark>
            <name> </name>
            <Point>
               <coordinates> -90.66535876676868,42.50612434004232 </coordinates>
            </Point>
         </Placemark>
         <Placemark>
            <name> </name>
            <Point>
               <coordinates> -90.66582405550696,42.50598575924011 </coordinates>
            </Point>
         </Placemark>
      </Folder>
      <Folder id="WHITE_AND_13TH-WSW--49085018">
         <name> WHITE_AND_13TH-WSW--49085018 </name>
         <Placemark>
            <name> trajectory </name>
            <LineString>
               <coordinates>
                  -90.66828618425109,42.505264495197515
                  -90.66883789972323,42.505106729149844
               </coordinates>
            </LineString>
         </Placemark>
         <Placemark>
            <name> </name>
            <Point>
               <coordinates> -90.66828618425109,42.505264495197515 </coordinates>
            </Point>
         </Placemark>
         <Placemark>
            <name> </name>
            <Point>
               <coordinates> -90.66883789972323,42.505106729149844 </coordinates>
            </Point>
         </Placemark>
      </Folder>
      <Folder id="WHITE_AND_13TH-WSW-579254272">
         <name> WHITE_AND_13TH-WSW-579254272 </name>
         <Placemark>
            <name> trajectory </name>
            <LineString>
               <coordinates>
                  -90.66671327660298,42.505721079043866
                  -90.66730392135447,42.50554524533784
               </coordinates>
            </LineString>
         </Placemark>
         <Placemark>
            <name> </name>
            <Point>
               <coordinates> -90.66671327660298,42.505721079043866 </coordinates>
            </Point>
         </Placemark>
         <Placemark>
            <name> </name>
            <Point>
               <coordinates> -90.66730392135447,42.50554524533784 </coordinates>
            </Point>
         </Placemark>
      </Folder>
      <Folder id="WHITE_AND_14TH-ENE--1354973260">
         <name> WHITE_AND_14TH-ENE--1354973260 </name>
         <Placemark>
            <name> trajectory </name>
            <LineString>
               <coordinates>
                  -90.66626924849645,42.50676437480149
                  -90.66575702103957,42.50690668089408
               </coordinates>
            </LineString>
         </Placemark>
         <Placemark>
            <name> </name>
            <Point>
               <coordinates> -90.66626924849645,42.50676437480149 </coordinates>
            </Point>
         </Placemark>
         <Placemark>
            <name> </name>
            <Point>
               <coordinates> -90.66575702103957,42.50690668089408 </coordinates>
            </Point>
         </Placemark>
      </Folder>
      <Folder id="WHITE_AND_14TH-ENE--262065018">
         <name> WHITE_AND_14TH-ENE--262065018 </name>
         <Placemark>
            <name> trajectory </name>
            <LineString>
               <coordinates>
                  -90.66677127535586,42.50661848973003
                  -90.666268733652,42.506764521113006
               </coordinates>
            </LineString>
         </Placemark>
         <Placemark>
            <name> </name>
            <Point>
               <coordinates> -90.66677127535586,42.50661848973003 </coordinates>
            </Point>
         </Placemark>
         <Placemark>
            <name> </name>
            <Point>
               <coordinates> -90.666268733652,42.506764521113006 </coordinates>
            </Point>
         </Placemark>
      </Folder>
      <Folder id="WHITE_AND_14TH-ENE--76116379">
         <name> WHITE_AND_14TH-ENE--76116379 </name>
         <Placemark>
            <name> trajectory </name>
            <LineString>
               <coordinates>
                  -90.66723482999201,42.506485273468996
                  -90.6667714038402,42.50661845260014
               </coordinates>
            </LineString>
         </Placemark>
         <Placemark>
            <name> </name>
            <Point>
               <coordinates> -90.66723482999201,42.506485273468996 </coordinates>
            </Point>
         </Placemark>
         <Placemark>
            <name> </name>
            <Point>
               <coordinates> -90.6667714038402,42.50661845260014 </coordinates>
            </Point>
         </Placemark>
      </Folder>
      <Folder id="WHITE_AND_14TH-ENE-1840285361">
         <name> WHITE_AND_14TH-ENE-1840285361 </name>
         <Placemark>
            <name> trajectory </name>
            <LineString>
               <coordinates>
                  -90.66854472843885,42.50891143420591
                  -90.66806807750122,42.50905858317599
               </coordinates>
            </LineString>
         </Placemark>
         <Placemark>
            <name> </name>
            <Point>
               <coordinates> -90.66854472843885,42.50891143420591 </coordinates>
            </Point>
         </Placemark>
         <Placemark>
            <name> </name>
            <Point>
               <coordinates> -90.66806807750122,42.50905858317599 </coordinates>
            </Point>
         </Placemark>
      </Folder>
      <Folder id="WHITE_AND_14TH-ENE-417052055">
         <name> WHITE_AND_14TH-ENE-417052055 </name>
         <Placemark>
            <name> trajectory </name>
            <LineString>
               <coordinates>
                  -90.66806781016818,42.50905866662631
                  -90.66757737565376,42.509213452441664
               </coordinates>
            </LineString>
         </Placemark>
         <Placemark>
            <name> </name>
            <Point>
               <coordinates> -90.66806781016818,42.50905866662631 </coordinates>
            </Point>
         </Placemark>
         <Placemark>
            <name> </name>
            <Point>
               <coordinates> -90.66757737565376,42.509213452441664 </coordinates>
            </Point>
         </Placemark>
      </Folder>
      <Folder id="WHITE_AND_14TH-NNW--1517947073">
         <name> WHITE_AND_14TH-NNW--1517947073 </name>
         <Placemark>
            <name> trajectory </name>
            <LineString>
               <coordinates>
                  -90.66764952244571,42.508262600934415
                  -90.66808221492354,42.50908346867003
               </coordinates>
            </LineString>
         </Placemark>
         <Placemark>
            <name> </name>
            <Point>
               <coordinates> -90.66764952244571,42.508262600934415 </coordinates>
            </Point>
         </Placemark>
         <Placemark>
            <name> </name>
            <Point>
               <coordinates> -90.66808221492354,42.50908346867003 </coordinates>
            </Point>
         </Placemark>
      </Folder>
      <Folder id="WHITE_AND_14TH-NNW--2087905136">
         <name> WHITE_AND_14TH-NNW--2087905136 </name>
         <Placemark>
            <name> trajectory </name>
            <LineString>
               <coordinates>
                  -90.66722893716161,42.50744247825688
                  -90.66764952244571,42.508262600934415
               </coordinates>
            </LineString>
         </Placemark>
         <Placemark>
            <name> </name>
            <Point>
               <coordinates> -90.66722893716161,42.50744247825688 </coordinates>
            </Point>
         </Placemark>
         <Placemark>
            <name> </name>
            <Point>
               <coordinates> -90.66764952244571,42.508262600934415 </coordinates>
            </Point>
         </Placemark>
      </Folder>
      <Folder id="WHITE_AND_14TH-NNW--521062764">
         <name> WHITE_AND_14TH-NNW--521062764 </name>
         <Placemark>
            <name> trajectory </name>
            <LineString>
               <coordinates>
                  -90.66630469261791,42.505813595037466
                  -90.6667846962836,42.506643589734516
               </coordinates>
            </LineString>
         </Placemark>
         <Placemark>
            <name> </name>
            <Point>
               <coordinates> -90.66630469261791,42.505813595037466 </coordinates>
            </Point>
         </Placemark>
         <Placemark>
            <name> </name>
            <Point>
               <coordinates> -90.6667846962836,42.506643589734516 </coordinates>
            </Point>
         </Placemark>
      </Folder>
      <Folder id="WHITE_AND_14TH-NNW-1300558405">
         <name> WHITE_AND_14TH-NNW-1300558405 </name>
         <Placemark>
            <name> trajectory </name>
            <LineString>
               <coordinates>
                  -90.6667846962836,42.506643589734516
                  -90.66722893716161,42.50744247825688
               </coordinates>
            </LineString>
         </Placemark>
         <Placemark>
            <name> </name>
            <Point>
               <coordinates> -90.6667846962836,42.506643589734516 </coordinates>
            </Point>
         </Placemark>
         <Placemark>
            <name> </name>
            <Point>
               <coordinates> -90.66722893716161,42.50744247825688 </coordinates>
            </Point>
         </Placemark>
      </Folder>
      <Folder id="WHITE_AND_14TH-NNW-1418486920">
         <name> WHITE_AND_14TH-NNW-1418486920 </name>
         <Placemark>
            <name> trajectory </name>
            <LineString>
               <coordinates>
                  -90.66808221492354,42.50908346867003
                  -90.66853483770493,42.50991066939929
               </coordinates>
            </LineString>
         </Placemark>
         <Placemark>
            <name> </name>
            <Point>
               <coordinates> -90.66808221492354,42.50908346867003 </coordinates>
            </Point>
         </Placemark>
         <Placemark>
            <name> </name>
            <Point>
               <coordinates> -90.66853483770493,42.50991066939929 </coordinates>
            </Point>
         </Placemark>
      </Folder>
      <Folder id="WHITE_AND_14TH-WSW--1525492818">
         <name> WHITE_AND_14TH-WSW--1525492818 </name>
         <Placemark>
            <name> trajectory </name>
            <LineString>
               <coordinates>
                  -90.66760618505266,42.509263056588715
                  -90.66809661949576,42.50910827077335
               </coordinates>
            </LineString>
         </Placemark>
         <Placemark>
            <name> </name>
            <Point>
               <coordinates> -90.66760618505266,42.509263056588715 </coordinates>
            </Point>
         </Placemark>
         <Placemark>
            <name> </name>
            <Point>
               <coordinates> -90.66809661949576,42.50910827077335 </coordinates>
            </Point>
         </Placemark>
      </Folder>
      <Folder id="WHITE_AND_14TH-WSW-1169870051">
         <name> WHITE_AND_14TH-WSW-1169870051 </name>
         <Placemark>
            <name> trajectory </name>
            <LineString>
               <coordinates>
                  -90.66578283313122,42.50695717358207
                  -90.66629506052932,42.50681486748948
               </coordinates>
            </LineString>
         </Placemark>
         <Placemark>
            <name> </name>
            <Point>
               <coordinates> -90.66578283313122,42.50695717358207 </coordinates>
            </Point>
         </Placemark>
         <Placemark>
            <name> </name>
            <Point>
               <coordinates> -90.66629506052932,42.50681486748948 </coordinates>
            </Point>
         </Placemark>
      </Folder>
      <Folder id="WHITE_AND_14TH-WSW-1678905716">
         <name> WHITE_AND_14TH-WSW-1678905716 </name>
         <Placemark>
            <name> trajectory </name>
            <LineString>
               <coordinates>
                  -90.66679798855132,42.50666872692089
                  -90.66726141464649,42.50653554778975
               </coordinates>
            </LineString>
         </Placemark>
         <Placemark>
            <name> </name>
            <Point>
               <coordinates> -90.66679798855132,42.50666872692089 </coordinates>
            </Point>
         </Placemark>
         <Placemark>
            <name> </name>
            <Point>
               <coordinates> -90.66726141464649,42.50653554778975 </coordinates>
            </Point>
         </Placemark>
      </Folder>
      <Folder id="WHITE_AND_14TH-WSW-886214479">
         <name> WHITE_AND_14TH-WSW-886214479 </name>
         <Placemark>
            <name> trajectory </name>
            <LineString>
               <coordinates>
                  -90.66809635216737,42.509108354220906
                  -90.66857300303843,42.50896120525083
               </coordinates>
            </LineString>
         </Placemark>
         <Placemark>
            <name> </name>
            <Point>
               <coordinates> -90.66809635216737,42.509108354220906 </coordinates>
            </Point>
         </Placemark>
         <Placemark>
            <name> </name>
            <Point>
               <coordinates> -90.66857300303843,42.50896120525083 </coordinates>
            </Point>
         </Placemark>
      </Folder>
      <Folder id="WHITE_AND_14TH-WSW-948007471">
         <name> WHITE_AND_14TH-WSW-948007471 </name>
         <Placemark>
            <name> trajectory </name>
            <LineString>
               <coordinates>
                  -90.6662955753792,42.50681472117903
                  -90.66679811702033,42.50666868979605
               </coordinates>
            </LineString>
         </Placemark>
         <Placemark>
            <name> </name>
            <Point>
               <coordinates> -90.6662955753792,42.50681472117903 </coordinates>
            </Point>
         </Placemark>
         <Placemark>
            <name> </name>
            <Point>
               <coordinates> -90.66679811702033,42.50666868979605 </coordinates>
            </Point>
         </Placemark>
      </Folder>
      <Folder id="WHITE_AND_20TH-ENE--786545850">
         <name> WHITE_AND_20TH-ENE--786545850 </name>
         <Placemark>
            <name> trajectory </name>
            <LineString>
               <coordinates>
                  -90.6693235098079,42.51136463111083
                  -90.66883586926758,42.51150358444207
               </coordinates>
            </LineString>
         </Placemark>
         <Placemark>
            <name> </name>
            <Point>
               <coordinates> -90.6693235098079,42.51136463111083 </coordinates>
            </Point>
         </Placemark>
         <Placemark>
            <name> </name>
            <Point>
               <coordinates> -90.66883586926758,42.51150358444207 </coordinates>
            </Point>
         </Placemark>
      </Folder>
      <Folder id="WHITE_AND_20TH-ENE-814173547">
         <name> WHITE_AND_20TH-ENE-814173547 </name>
         <Placemark>
            <name> trajectory </name>
            <LineString>
               <coordinates>
                  -90.66988438657056,42.51120007109224
                  -90.66932317153889,42.51136472892712
               </coordinates>
            </LineString>
         </Placemark>
         <Placemark>
            <name> </name>
            <Point>
               <coordinates> -90.66988438657056,42.51120007109224 </coordinates>
            </Point>
         </Placemark>
         <Placemark>
            <name> </name>
            <Point>
               <coordinates> -90.66932317153889,42.51136472892712 </coordinates>
            </Point>
         </Placemark>
      </Folder>
      <Folder id="WHITE_AND_20TH-NNW--1862147477">
         <name> WHITE_AND_20TH-NNW--1862147477 </name>
         <Placemark>
            <name> trajectory </name>
            <LineString>
               <coordinates>
                  -90.66896939282796,42.510719616205684
                  -90.6693367064596,42.511389795945355
               </coordinates>
            </LineString>
         </Placemark>
         <Placemark>
            <name> </name>
            <Point>
               <coordinates> -90.66896939282796,42.510719616205684 </coordinates>
            </Point>
         </Placemark>
         <Placemark>
            <name> </name>
            <Point>
               <coordinates> -90.6693367064596,42.511389795945355 </coordinates>
            </Point>
         </Placemark>
      </Folder>
      <Folder id="WHITE_AND_20TH-NNW--614650844">
         <name> WHITE_AND_20TH-NNW--614650844 </name>
         <Placemark>
            <name> trajectory </name>
            <LineString>
               <coordinates>
                  -90.66853483770493,42.50991066939929
                  -90.66896939282796,42.510719616205684
               </coordinates>
            </LineString>
         </Placemark>
         <Placemark>
            <name> </name>
            <Point>
               <coordinates> -90.66853483770493,42.50991066939929 </coordinates>
            </Point>
         </Placemark>
         <Placemark>
            <name> </name>
            <Point>
               <coordinates> -90.66896939282796,42.510719616205684 </coordinates>
            </Point>
         </Placemark>
      </Folder>
      <Folder id="WHITE_AND_20TH-NNW--826032102">
         <name> WHITE_AND_20TH-NNW--826032102 </name>
         <Placemark>
            <name> trajectory </name>
            <LineString>
               <coordinates>
                  -90.6693367064596,42.511389795945355
                  -90.66976772255677,42.512206565861554
               </coordinates>
            </LineString>
         </Placemark>
         <Placemark>
            <name> </name>
            <Point>
               <coordinates> -90.6693367064596,42.511389795945355 </coordinates>
            </Point>
         </Placemark>
         <Placemark>
            <name> </name>
            <Point>
               <coordinates> -90.66976772255677,42.512206565861554 </coordinates>
            </Point>
         </Placemark>
      </Folder>
      <Folder id="WHITE_AND_20TH-NNW-1418486920">
         <name> WHITE_AND_20TH-NNW-1418486920 </name>
         <Placemark>
            <name> trajectory </name>
            <LineString>
               <coordinates>
                  -90.66808221492354,42.50908346867003
                  -90.66853483770493,42.50991066939929
               </coordinates>
            </LineString>
         </Placemark>
         <Placemark>
            <name> </name>
            <Point>
               <coordinates> -90.66808221492354,42.50908346867003 </coordinates>
            </Point>
         </Placemark>
         <Placemark>
            <name> </name>
            <Point>
               <coordinates> -90.66853483770493,42.50991066939929 </coordinates>
            </Point>
         </Placemark>
      </Folder>
      <Folder id="WHITE_AND_20TH-WNW--641982469">
         <name> WHITE_AND_20TH-WNW--641982469 </name>
         <Placemark>
            <name> trajectory </name>
            <LineString>
               <coordinates>
                  -90.66976772255677,42.512206565861554
                  -90.66990015662984,42.512321863598864
                  -90.67003128685127,42.51236209673499
                  -90.67012758560764,42.512355018683266
               </coordinates>
            </LineString>
         </Placemark>
         <Placemark>
            <name> </name>
            <Point>
               <coordinates> -90.66976772255677,42.512206565861554 </coordinates>
            </Point>
         </Placemark>
         <Placemark>
            <name> </name>
            <Point>
               <coordinates> -90.67012758560764,42.512355018683266 </coordinates>
            </Point>
         </Placemark>
      </Folder>
      <Folder id="WHITE_AND_20TH-WSW--16726134">
         <name> WHITE_AND_20TH-WSW--16726134 </name>
         <Placemark>
            <name> trajectory </name>
            <LineString>
               <coordinates>
                  -90.66886226244398,42.51155391416555
                  -90.66934990292562,42.511414960834315
               </coordinates>
            </LineString>
         </Placemark>
         <Placemark>
            <name> </name>
            <Point>
               <coordinates> -90.66886226244398,42.51155391416555 </coordinates>
            </Point>
         </Placemark>
         <Placemark>
            <name> </name>
            <Point>
               <coordinates> -90.66934990292562,42.511414960834315 </coordinates>
            </Point>
         </Placemark>
      </Folder>
      <Folder id="WHITE_AND_20TH-WSW--916988716">
         <name> WHITE_AND_20TH-WSW--916988716 </name>
         <Placemark>
            <name> trajectory </name>
            <LineString>
               <coordinates>
                  -90.67014176695818,42.51237989082289
                  -90.67052714822108,42.51226049526614
               </coordinates>
            </LineString>
         </Placemark>
         <Placemark>
            <name> </name>
            <Point>
               <coordinates> -90.67014176695818,42.51237989082289 </coordinates>
            </Point>
         </Placemark>
         <Placemark>
            <name> </name>
            <Point>
               <coordinates> -90.67052714822108,42.51226049526614 </coordinates>
            </Point>
         </Placemark>
      </Folder>
      <Folder id="WHITE_AND_20TH-WSW-2118213740">
         <name> WHITE_AND_20TH-WSW-2118213740 </name>
         <Placemark>
            <name> trajectory </name>
            <LineString>
               <coordinates>
                  -90.66935024116609,42.511414863028044
                  -90.66991145612644,42.51125020519317
               </coordinates>
            </LineString>
         </Placemark>
         <Placemark>
            <name> </name>
            <Point>
               <coordinates> -90.66935024116609,42.511414863028044 </coordinates>
            </Point>
         </Placemark>
         <Placemark>
            <name> </name>
            <Point>
               <coordinates> -90.66991145612644,42.51125020519317 </coordinates>
            </Point>
         </Placemark>
      </Folder>
      <Folder id="WHITE_AND_5TH-N--137465515">
         <name> WHITE_AND_5TH-N--137465515 </name>
         <Placemark>
            <name> trajectory </name>
            <LineString>
               <coordinates>
                  -90.66254326691947,42.49841069799089
                  -90.66252948334507,42.49853195619282
                  -90.66253991415813,42.49872175973777
                  -90.66277032336825,42.49929303301781
               </coordinates>
            </LineString>
         </Placemark>
         <Placemark>
            <name> </name>
            <Point>
               <coordinates> -90.66254326691947,42.49841069799089 </coordinates>
            </Point>
         </Placemark>
         <Placemark>
            <name> </name>
            <Point>
               <coordinates> -90.66277032336825,42.49929303301781 </coordinates>
            </Point>
         </Placemark>
      </Folder>
      <Folder id="WHITE_AND_5TH-NNW--1756869053">
         <name> WHITE_AND_5TH-NNW--1756869053 </name>
         <Placemark>
            <name> trajectory </name>
            <LineString>
               <coordinates>
                  -90.6641009970926,42.5017405487986
                  -90.66455026711263,42.50255769124384
               </coordinates>
            </LineString>
         </Placemark>
         <Placemark>
            <name> </name>
            <Point>
               <coordinates> -90.6641009970926,42.5017405487986 </coordinates>
            </Point>
         </Placemark>
         <Placemark>
            <name> </name>
            <Point>
               <coordinates> -90.66455026711263,42.50255769124384 </coordinates>
            </Point>
         </Placemark>
      </Folder>
      <Folder id="WHITE_AND_5TH-NNW--1847494049">
         <name> WHITE_AND_5TH-NNW--1847494049 </name>
         <Placemark>
            <name> trajectory </name>
            <LineString>
               <coordinates>
                  -90.66380614035889,42.50119684266739
                  -90.66387803846325,42.5013296492695
               </coordinates>
            </LineString>
         </Placemark>
         <Placemark>
            <name> </name>
            <Point>
               <coordinates> -90.66380614035889,42.50119684266739 </coordinates>
            </Point>
         </Placemark>
         <Placemark>
            <name> </name>
            <Point>
               <coordinates> -90.66387803846325,42.5013296492695 </coordinates>
            </Point>
         </Placemark>
      </Folder>
      <Folder id="WHITE_AND_5TH-NNW--1997270993">
         <name> WHITE_AND_5TH-NNW--1997270993 </name>
         <Placemark>
            <name> trajectory </name>
            <LineString>
               <coordinates>
                  -90.66387803846325,42.5013296492695
                  -90.6639467700708,42.50145612287796
               </coordinates>
            </LineString>
         </Placemark>
         <Placemark>
            <name> </name>
            <Point>
               <coordinates> -90.66387803846325,42.5013296492695 </coordinates>
            </Point>
         </Placemark>
         <Placemark>
            <name> </name>
            <Point>
               <coordinates> -90.6639467700708,42.50145612287796 </coordinates>
            </Point>
         </Placemark>
      </Folder>
      <Folder id="WHITE_AND_5TH-NNW--846957648">
         <name> WHITE_AND_5TH-NNW--846957648 </name>
         <Placemark>
            <name> trajectory </name>
            <LineString>
               <coordinates>
                  -90.6639467700708,42.50145612287796
                  -90.66402146214294,42.50159395862208
               </coordinates>
            </LineString>
         </Placemark>
         <Placemark>
            <name> </name>
            <Point>
               <coordinates> -90.6639467700708,42.50145612287796 </coordinates>
            </Point>
         </Placemark>
         <Placemark>
            <name> </name>
            <Point>
               <coordinates> -90.66402146214294,42.50159395862208 </coordinates>
            </Point>
         </Placemark>
      </Folder>
      <Folder id="WHITE_AND_5TH-NNW--858071231">
         <name> WHITE_AND_5TH-NNW--858071231 </name>
         <Placemark>
            <name> trajectory </name>
            <LineString>
               <coordinates>
                  -90.66365582489198,42.500920053592026
                  -90.66373591863518,42.50106757509114
               </coordinates>
            </LineString>
         </Placemark>
         <Placemark>
            <name> </name>
            <Point>
               <coordinates> -90.66365582489198,42.500920053592026 </coordinates>
            </Point>
         </Placemark>
         <Placemark>
            <name> </name>
            <Point>
               <coordinates> -90.66373591863518,42.50106757509114 </coordinates>
            </Point>
         </Placemark>
      </Folder>
      <Folder id="WHITE_AND_5TH-NNW-1023026941">
         <name> WHITE_AND_5TH-NNW-1023026941 </name>
         <Placemark>
            <name> trajectory </name>
            <LineString>
               <coordinates>
                  -90.66402146214294,42.50159395862208
                  -90.6641009970926,42.5017405487986
               </coordinates>
            </LineString>
         </Placemark>
         <Placemark>
            <name> </name>
            <Point>
               <coordinates> -90.66402146214294,42.50159395862208 </coordinates>
            </Point>
         </Placemark>
         <Placemark>
            <name> </name>
            <Point>
               <coordinates> -90.6641009970926,42.5017405487986 </coordinates>
            </Point>
         </Placemark>
      </Folder>
      <Folder id="WHITE_AND_5TH-NNW-1589769931">
         <name> WHITE_AND_5TH-NNW-1589769931 </name>
         <Placemark>
            <name> trajectory </name>
            <LineString>
               <coordinates>
                  -90.66373591863518,42.50106757509114
                  -90.66380614035889,42.50119684266739
               </coordinates>
            </LineString>
         </Placemark>
         <Placemark>
            <name> </name>
            <Point>
               <coordinates> -90.66373591863518,42.50106757509114 </coordinates>
            </Point>
         </Placemark>
         <Placemark>
            <name> </name>
            <Point>
               <coordinates> -90.66380614035889,42.50119684266739 </coordinates>
            </Point>
         </Placemark>
      </Folder>
      <Folder id="WHITE_AND_5TH-NNW-1606692299">
         <name> WHITE_AND_5TH-NNW-1606692299 </name>
         <Placemark>
            <name> trajectory </name>
            <LineString>
               <coordinates>
                  -90.66277032336825,42.49929303301781
                  -90.66321642689145,42.50010346994035
               </coordinates>
            </LineString>
         </Placemark>
         <Placemark>
            <name> </name>
            <Point>
               <coordinates> -90.66277032336825,42.49929303301781 </coordinates>
            </Point>
         </Placemark>
         <Placemark>
            <name> </name>
            <Point>
               <coordinates> -90.66321642689145,42.50010346994035 </coordinates>
            </Point>
         </Placemark>
      </Folder>
      <Folder id="WHITE_AND_5TH-NNW-2118006276">
         <name> WHITE_AND_5TH-NNW-2118006276 </name>
         <Placemark>
            <name> trajectory </name>
            <LineString>
               <coordinates>
                  -90.66321642689145,42.50010346994035
                  -90.66365582489198,42.500920053592026
               </coordinates>
            </LineString>
         </Placemark>
         <Placemark>
            <name> </name>
            <Point>
               <coordinates> -90.66321642689145,42.50010346994035 </coordinates>
            </Point>
         </Placemark>
         <Placemark>
            <name> </name>
            <Point>
               <coordinates> -90.66365582489198,42.500920053592026 </coordinates>
            </Point>
         </Placemark>
      </Folder>
      <Folder id="WHITE_AND_9TH-ENE-137968925">
         <name> WHITE_AND_9TH-ENE-137968925 </name>
         <Placemark>
            <name> trajectory </name>
            <LineString>
               <coordinates>
                  -90.66548997937464,42.5022425523536
                  -90.66453630497212,42.50253275247432
               </coordinates>
            </LineString>
         </Placemark>
         <Placemark>
            <name> </name>
            <Point>
               <coordinates> -90.66548997937464,42.5022425523536 </coordinates>
            </Point>
         </Placemark>
         <Placemark>
            <name> </name>
            <Point>
               <coordinates> -90.66453630497212,42.50253275247432 </coordinates>
            </Point>
         </Placemark>
      </Folder>
      <Folder id="WHITE_AND_9TH-ENE-1675524393">
         <name> WHITE_AND_9TH-ENE-1675524393 </name>
         <Placemark>
            <name> trajectory </name>
            <LineString>
               <coordinates>
                  -90.66404953523733,42.50267738629637
                  -90.66357567827012,42.50281782974376
               </coordinates>
            </LineString>
         </Placemark>
         <Placemark>
            <name> </name>
            <Point>
               <coordinates> -90.66404953523733,42.50267738629637 </coordinates>
            </Point>
         </Placemark>
         <Placemark>
            <name> </name>
            <Point>
               <coordinates> -90.66357567827012,42.50281782974376 </coordinates>
            </Point>
         </Placemark>
      </Folder>
      <Folder id="WHITE_AND_9TH-ENE-1914410385">
         <name> WHITE_AND_9TH-ENE-1914410385 </name>
         <Placemark>
            <name> trajectory </name>
            <LineString>
               <coordinates>
                  -90.66453658735857,42.5025326675574
                  -90.6640495056095,42.50267739508873
               </coordinates>
            </LineString>
         </Placemark>
         <Placemark>
            <name> </name>
            <Point>
               <coordinates> -90.66453658735857,42.5025326675574 </coordinates>
            </Point>
         </Placemark>
         <Placemark>
            <name> </name>
            <Point>
               <coordinates> -90.6640495056095,42.50267739508873 </coordinates>
            </Point>
         </Placemark>
      </Folder>
      <Folder id="WHITE_AND_9TH-WSW--1215193470">
         <name> WHITE_AND_9TH-WSW--1215193470 </name>
         <Placemark>
            <name> trajectory </name>
            <LineString>
               <coordinates>
                  -90.66360297846845,42.50286789475596
                  -90.66407683537432,42.50272745130857
               </coordinates>
            </LineString>
         </Placemark>
         <Placemark>
            <name> </name>
            <Point>
               <coordinates> -90.66360297846845,42.50286789475596 </coordinates>
            </Point>
         </Placemark>
         <Placemark>
            <name> </name>
            <Point>
               <coordinates> -90.66407683537432,42.50272745130857 </coordinates>
            </Point>
         </Placemark>
      </Folder>
      <Folder id="WHITE_AND_9TH-WSW--1651096138">
         <name> WHITE_AND_9TH-WSW--1651096138 </name>
         <Placemark>
            <name> trajectory </name>
            <LineString>
               <coordinates>
                  -90.6645642288839,42.5025826301274
                  -90.66551790315681,42.50229243000666
               </coordinates>
            </LineString>
         </Placemark>
         <Placemark>
            <name> </name>
            <Point>
               <coordinates> -90.6645642288839,42.5025826301274 </coordinates>
            </Point>
         </Placemark>
         <Placemark>
            <name> </name>
            <Point>
               <coordinates> -90.66551790315681,42.50229243000666 </coordinates>
            </Point>
         </Placemark>
      </Folder>
      <Folder id="WHITE_AND_9TH-WSW-807728072">
         <name> WHITE_AND_9TH-WSW-807728072 </name>
         <Placemark>
            <name> trajectory </name>
            <LineString>
               <coordinates>
                  -90.66407686499696,42.5027274425179
                  -90.6645639466827,42.50258271498657
               </coordinates>
            </LineString>
         </Placemark>
         <Placemark>
            <name> </name>
            <Point>
               <coordinates> -90.66407686499696,42.5027274425179 </coordinates>
            </Point>
         </Placemark>
         <Placemark>
            <name> </name>
            <Point>
               <coordinates> -90.6645639466827,42.50258271498657 </coordinates>
            </Point>
         </Placemark>
      </Folder>
   </Folder>
</kml>